# This file uses centimeters as units for non-parametric coordinates.

mtllib GroundFoliage.mtl
g default
v -3495.508419 89.940907 1872.967671
v -3500.140255 92.498768 1879.373494
v -3496.410275 88.624257 1872.201802
v -3498.682247 93.404286 1880.426473
v -3547.766232 109.437489 1791.062886
v -3546.205685 111.200184 1794.385152
v -3547.873165 108.082753 1789.343160
v -3546.923458 109.077382 1791.933125
v -3524.796505 109.400624 1819.480367
v -3489.845822 76.505849 1871.092427
v -3497.567501 89.472645 1840.646077
v -3472.590450 75.045399 1863.356770
v -3469.439572 73.602040 1860.388570
v -3471.065548 74.436268 1859.347554
v -3494.383419 103.869862 1818.321553
v -3492.896114 90.553212 1836.890035
v -3474.239376 87.935292 1846.450826
v -3495.181271 112.177235 1815.915547
v -3489.382931 86.169911 1848.298787
v -3511.913693 107.703847 1843.978841
v -3516.738400 111.622059 1781.147359
v -3501.342404 97.941884 1823.519551
v -3519.793575 98.221425 1807.231099
v -3509.530392 106.540517 1811.722493
v -3515.172970 109.008778 1829.293843
v -3504.086056 95.188222 1853.094746
v -3498.359005 99.254384 1851.935445
v -3461.862911 100.491688 1844.442281
v -3509.443478 98.566884 1826.595479
v -3466.440060 88.924550 1856.795918
v -3520.766232 103.554921 1815.231770
v -3514.255001 103.163563 1801.623677
v -3507.262325 102.085927 1827.143269
v -3492.072872 93.759511 1839.346944
v -3490.930294 77.619618 1882.471761
v -3468.159786 41.213612 1877.363301
v -3487.366329 94.744618 1833.652120
v -3509.783810 108.654530 1859.660298
v -3480.901974 96.290517 1835.065816
v -3512.047482 107.734364 1847.223287
v -3500.834591 115.938222 1797.398641
v -3492.220333 89.622548 1861.805684
v -3505.660275 97.127431 1876.676350
v -3482.502072 115.832997 1820.838216
v -3504.918087 101.554677 1874.763814
v -3491.369747 99.194569 1827.873616
v -3476.357052 55.201893 1870.109639
v -3516.617794 103.941884 1833.510762
v -3493.213009 82.166005 1883.955098
v -3475.291134 94.342518 1841.320516
v -3477.156857 112.590809 1824.917256
v -3508.164669 99.634511 1841.046346
v -3498.086056 105.804188 1812.726643
v -3464.446896 63.938222 1870.593099
v -3516.584103 106.359852 1803.360066
v -3506.842404 119.570546 1793.695821
v -3487.327755 81.926259 1859.974690
v -3504.315548 116.472890 1792.425313
v -3522.508419 112.053944 1844.331746
v -3524.916622 118.072011 1842.380635
v -3488.979122 82.691884 1857.277852
v -3485.857052 115.335438 1813.227742
v -3530.621212 115.767567 1832.171712
v -3506.297482 99.928212 1831.446187
v -3473.554318 41.372304 1885.255086
v -3484.204708 87.212147 1844.293294
v -3511.459103 116.508534 1789.797627
v -3498.643185 102.964345 1826.076375
v -3507.321407 106.042226 1866.929952
v -3509.799435 104.195546 1866.846578
v -3490.345333 92.367909 1842.301167
v -3533.589962 117.012196 1820.192159
v -3487.723263 109.253651 1826.289143
v -3525.567989 104.461659 1808.397664
v -3515.234005 115.897206 1784.154927
v -3478.183224 70.208729 1860.446431
v -3535.535763 111.335683 1800.296529
v -3511.375607 103.824696 1860.973409
v -3471.385372 41.070546 1886.594380
v -3459.258419 75.399159 1862.589192
v -3518.811154 110.440175 1788.222432
v -3489.700314 80.687001 1846.335591
v -3526.355587 103.169667 1795.701253
v -3501.421993 98.126942 1837.842549
v -3482.516232 110.906239 1821.180684
v -3494.854611 94.302235 1853.078755
v -3484.924435 110.860097 1820.825215
v -3514.020138 112.803944 1783.957417
v -3458.897091 76.811513 1864.737508
v -3508.319943 114.674550 1790.182088
v -3458.907833 90.854481 1853.564717
v -3520.570919 114.777089 1780.548970
v -3462.401974 101.042714 1847.293782
v -3520.414669 110.113026 1778.052144
v -3461.925411 88.827870 1858.256368
v -3541.465450 114.211415 1808.468831
v -3543.734005 113.281483 1801.067098
v -3480.942501 72.929188 1861.483601
v -3510.178829 96.093983 1818.281087
v -3468.030880 107.137196 1837.049031
v -3473.781857 106.773427 1832.482442
v -3506.349239 107.558339 1803.153584
v -3478.843868 97.265370 1845.239522
v -3457.542111 88.005116 1855.347554
v -3458.467404 79.763661 1861.101827
v -3544.529904 111.823231 1794.683492
v -3519.505001 109.670643 1819.202412
v -3539.188107 102.910390 1788.145406
v -3506.400997 106.227284 1815.078816
v -3531.800900 98.728505 1788.911641
v -3507.738888 100.619130 1820.905110
v -3525.108517 107.794179 1774.466939
v -3482.193966 65.883778 1885.961446
v -3522.122677 104.745595 1796.628438
v -3483.368282 103.527577 1834.965169
v -3510.091427 114.651601 1786.625996
v -3497.014767 120.531727 1802.104512
v -3501.097775 118.906727 1799.615926
v -3546.841915 89.586659 1766.804585
v -3484.504513 71.216786 1883.646687
v -3480.823849 63.972890 1873.628560
v -3540.187130 116.896962 1812.457478
v -3521.594845 113.414296 1849.303426
v -3500.460568 90.760487 1867.228902
v -3529.542111 105.822743 1795.922627
v -3477.440548 92.621571 1849.462117
v -3483.933224 85.266347 1846.159871
v -3532.114864 106.589101 1798.495259
v -3497.005001 90.062001 1850.450520
v -3500.657833 96.917714 1831.712911
v -3502.512325 100.864247 1825.442159
v -3485.737911 80.953847 1853.699056
v -3524.353146 102.370839 1791.220052
v -3459.345822 94.500966 1854.606587
v -3488.564083 79.385487 1859.414632
v -3518.880978 103.297108 1796.606770
v -3530.547970 106.441640 1774.627705
v -3484.233029 76.258046 1869.227925
v -3528.454708 104.589833 1773.460347
v -3535.199825 101.484852 1771.550801
v -3491.736935 101.750722 1832.869222
v -3494.433224 97.837880 1828.036824
v -3537.377072 100.450184 1782.670613
v -3524.078732 99.754628 1796.820699
v -3514.525021 107.663563 1824.197469
v -3495.294552 101.029530 1831.257649
v -3519.614376 107.318349 1829.673299
v -3516.185665 103.010487 1810.311604
v -3520.197872 104.874013 1822.295125
v -3519.954708 105.175282 1797.377278
v -3503.213497 94.406972 1833.169759
v -3507.071896 101.645741 1811.952412
v -3528.606564 117.098134 1833.018758
v -3508.546017 98.886464 1842.558125
v -3468.231075 39.218495 1881.668111
v -3470.356075 37.901356 1880.609395
v -3493.557247 91.490224 1847.243855
v -3486.462032 73.428700 1869.129048
v -3538.177364 97.135976 1776.284383
v -3531.823361 101.522694 1781.177083
v -3514.977657 106.636220 1805.413411
v -3472.167599 54.517811 1874.772603
v -3484.701779 86.995106 1849.477376
v -3477.110958 66.806874 1867.510152
v -3482.027462 99.966298 1840.147054
v -3508.848751 118.858143 1789.898518
v -3479.113888 73.450184 1857.925984
v -3548.053341 97.072499 1774.443196
v -3532.044552 102.872548 1784.017354
v -3479.055782 65.189931 1874.782979
v -3492.010861 112.076161 1817.995320
v -3484.152462 66.117177 1883.211446
v -3491.432247 115.631581 1809.061787
v -3486.130978 116.498036 1815.854268
v -3518.368771 106.882069 1832.698140
v -3501.737423 99.748768 1820.326375
v -3514.593868 106.778798 1834.426289
v -3496.196896 117.585927 1801.013875
v -3501.767208 99.114003 1840.818257
v -3494.497677 110.342274 1812.267354
v -3525.830685 104.790761 1789.736958
v -3492.378536 87.317616 1839.734639
v -3517.981564 106.800526 1815.998677
v -3491.515255 110.610097 1813.365987
v -3527.724728 113.209706 1827.806844
v -3513.600216 112.569813 1859.609822
v -3484.541622 67.969472 1882.271932
v -3497.524044 90.103505 1848.293843
v -3527.018673 101.908192 1800.767415
v -3463.671505 84.241933 1855.159932
v -3514.991818 108.378651 1860.663594
v -3499.539181 107.693104 1820.688802
v -3471.988888 88.729237 1856.764668
v -3542.576779 94.457753 1775.268269
v -3466.414669 87.138661 1854.742879
v -3487.636837 104.720692 1823.094991
v -3473.347286 42.995351 1876.600667
v -3484.430294 74.614491 1872.151997
v -3465.082150 41.980458 1878.576863
v -3527.350216 102.009511 1788.859761
v -3524.520138 106.546132 1808.138692
v -3460.776486 68.698476 1868.034322
v -3527.603146 104.443349 1787.620442
v -3467.130978 64.078358 1867.618916
v -3527.113400 109.046864 1775.250325
v -3543.615353 114.817616 1800.065205
v -3467.960568 84.153798 1853.244405
v -3476.068478 111.941151 1828.898091
v -3473.599239 108.340077 1834.638142
v -3542.647091 116.279774 1807.044087
v -3509.711544 100.709706 1811.483662
v -3541.788693 95.830800 1769.425557
v -3550.649532 91.040272 1769.607686
v -3483.663693 110.783925 1826.373006
v -3550.147091 93.729237 1769.434956
v -3489.303341 81.155507 1855.276326
v -3504.284298 102.453358 1848.378621
v -3480.411739 100.694813 1831.916219
v -3490.082638 78.052724 1883.657552
v -3492.977169 92.437489 1858.337727
v -3481.377560 67.398427 1860.290730
v -3491.110470 118.307362 1810.939351
v -3508.848751 99.030751 1849.734212
v -3469.321896 107.931386 1838.767415
v -3483.153439 70.399647 1863.004720
v -3483.281857 93.612294 1845.587178
v -3540.581661 97.301015 1775.389974
v -3537.013302 118.174550 1817.354756
v -3519.752560 114.048085 1849.172017
v -3521.118282 102.264149 1795.483907
v -3462.438107 65.002675 1868.541768
v -3471.107540 64.750233 1869.727193
v -3523.129513 103.076161 1800.374654
v -3496.651486 94.082997 1840.924458
v -3471.885372 69.590809 1862.883260
v -3457.792599 88.887440 1858.139729
v -3458.934689 80.902089 1862.847676
v -3455.093380 108.025868 1854.457417
v -3465.103634 114.545888 1855.947774
v -3455.654904 106.248036 1852.696553
v -3464.469357 115.664296 1858.566670
v -3412.562130 129.346669 1718.990498
v -3413.846310 132.209950 1723.986714
v -3411.403439 127.046864 1717.132466
v -3412.800900 128.824696 1720.729512
v -3420.197384 129.977772 1771.377217
v -3452.909786 87.159413 1858.123921
v -3423.878536 99.750966 1820.403096
v -3429.192501 78.246815 1868.764302
v -3423.703732 74.579335 1869.130635
v -3423.848263 75.944081 1866.409932
v -3392.383419 113.303456 1802.315694
v -3415.183712 98.979481 1821.700704
v -3408.421505 92.441640 1850.830464
v -3387.502560 124.531972 1799.405293
v -3425.296505 94.749501 1836.510762
v -3433.944943 130.162099 1809.131978
v -3372.208126 121.059315 1742.238179
v -3406.565060 108.315663 1799.831441
v -3407.080685 109.818104 1764.203511
v -3398.866329 119.668690 1779.832051
v -3421.380978 129.185048 1791.249043
v -3440.704220 112.755360 1825.962178
v -3432.558224 116.516347 1831.049703
v -3389.899044 105.964345 1862.453999
v -3417.150021 112.273915 1794.286031
v -3411.351681 94.233143 1869.341206
v -3414.228146 119.581044 1771.252217
v -3394.192501 113.727284 1764.740254
v -3414.319943 116.712147 1797.271504
v -3415.723751 103.851063 1825.114278
v -3465.248654 91.914052 1868.227315
v -3452.292111 33.250233 1886.019551
v -3405.031857 102.444569 1824.535176
v -3447.746700 134.866933 1826.881734
v -3399.799923 103.125722 1832.847554
v -3437.405880 131.066884 1812.188741
v -3372.315548 126.695790 1775.295430
v -3440.596798 103.812245 1846.936787
v -3465.777950 121.901112 1847.600972
v -3379.220822 127.286122 1817.850972
v -3461.424435 127.393056 1846.668111
v -3401.163693 108.335927 1814.755147
v -3447.242794 53.293690 1870.686543
v -3429.016720 123.583729 1793.683858
v -3467.208614 99.294911 1867.434102
v -3401.692013 100.395009 1844.895284
v -3379.610958 122.270009 1827.425313
v -3430.442013 117.071767 1809.923726
v -3389.375118 115.639393 1792.943257
v -3433.181271 62.241933 1884.129170
v -3396.969845 119.299061 1764.096700
v -3372.791134 132.542226 1765.403096
v -3437.008907 91.197743 1850.041158
v -3370.269650 127.170643 1766.719136
v -3442.662228 139.345692 1798.394063
v -3440.640255 147.947743 1794.136983
v -3435.496212 92.053212 1845.658833
v -3374.727657 125.612782 1806.771870
v -3436.371700 143.756825 1777.935689
v -3418.665646 114.513661 1802.456441
v -3465.465450 37.010243 1888.075215
v -3415.880001 93.717274 1838.099019
v -3374.291622 128.584706 1756.547505
v -3404.747677 115.217763 1805.402364
v -3453.910763 132.360585 1836.562886
v -3456.865353 130.462392 1833.782124
v -3417.667599 102.164540 1829.807637
v -3426.346798 143.299061 1763.025166
v -3392.269650 120.957753 1817.437032
v -3411.368771 120.479726 1759.454244
v -3372.267697 127.370839 1746.957295
v -3433.306759 72.337392 1859.780537
v -3409.817013 130.866444 1741.143697
v -3452.437130 128.901112 1826.307271
v -3464.913204 36.311513 1891.686543
v -3415.677364 74.755360 1882.173848
v -3381.911251 121.792714 1746.966573
v -3425.651486 86.677479 1834.036397
v -3399.507443 115.674061 1746.058736
v -3421.342892 112.233143 1813.868672
v -3381.456661 120.490224 1817.991597
v -3432.307247 108.887440 1835.713643
v -3383.381954 121.020009 1815.082662
v -3372.091427 122.651601 1747.936665
v -3417.016232 77.172597 1884.726827
v -3372.419552 125.226063 1760.191426
v -3400.174435 93.968739 1874.224629
v -3374.012814 126.407216 1737.696919
v -3393.140255 107.612050 1864.712300
v -3373.060177 119.209462 1735.229512
v -3408.631466 93.184804 1875.569722
v -3422.754513 138.646962 1743.008443
v -3417.614864 136.113515 1733.272237
v -3435.949337 77.188222 1857.974141
v -3410.206661 106.915272 1785.220967
v -3385.575802 115.131093 1848.866841
v -3386.434689 115.098866 1838.247701
v -3386.637814 118.011464 1774.802754
v -3407.979611 106.486073 1845.094258
v -3401.804806 90.050038 1877.325459
v -3411.740841 80.253407 1881.709004
v -3412.335568 132.680653 1726.082539
v -3414.811642 128.780263 1776.730489
v -3403.929806 117.041981 1724.980611
v -3399.491818 119.192860 1786.450093
v -3399.331661 109.290272 1733.422994
v -3408.892208 113.213368 1790.563741
v -3374.673947 116.392323 1726.628072
v -3465.051388 73.910390 1880.506368
v -3395.868771 116.908192 1751.524190
v -3399.278439 113.917714 1830.398091
v -3370.433224 124.794423 1754.805562
v -3371.819454 133.225819 1784.157491
v -3373.724728 131.482899 1777.310811
v -3394.200802 95.176015 1695.332662
v -3462.821896 81.434559 1875.969869
v -3451.762814 67.718007 1869.736714
v -3424.642208 143.050770 1748.395406
v -3446.411251 142.249501 1804.313252
v -3453.539669 109.123036 1843.575581
v -3401.737911 120.345204 1742.992207
v -3412.772091 100.667958 1850.573018
v -3418.287228 91.394032 1840.154683
v -3406.529904 122.801015 1742.824483
v -3433.235958 102.904530 1830.683858
v -3414.757931 108.769765 1808.594502
v -3408.543575 113.221669 1800.592427
v -3429.403927 87.793202 1845.508565
v -3393.297970 112.849843 1743.738789
v -3400.278927 99.454579 1874.921040
v -3438.562618 87.855458 1848.082784
v -3393.335079 113.955800 1754.890523
v -3380.488888 116.089589 1720.962178
v -3445.781368 84.743397 1862.235616
v -3378.011349 112.608876 1721.965352
v -3383.588497 109.702382 1712.808736
v -3405.692989 113.281972 1819.382710
v -3404.739864 107.352284 1811.613667
v -3397.506466 111.698476 1721.416768
v -3399.808224 110.536854 1749.452535
v -3416.023068 125.825917 1786.865132
v -3407.663693 112.875966 1813.991719
v -3426.607540 128.181142 1786.845601
v -3405.034298 116.268544 1771.246236
v -3420.475704 123.057362 1778.865376
v -3394.431271 117.082509 1754.579121
v -3419.626095 106.356434 1807.224385
v -3398.639279 112.185292 1782.487691
v -3434.838009 145.258778 1780.958272
v -3432.645138 116.518056 1810.980977
v -3457.556759 31.574696 1890.111836
v -3458.970822 30.069081 1886.764302
v -3426.131466 103.106923 1831.236470
v -3448.857540 81.397694 1859.667622
v -3392.932736 105.671376 1714.151631
v -3390.315060 111.239247 1725.880269
v -3397.465939 119.749745 1767.835835
v -3448.356075 52.330067 1879.703755
v -3421.778927 94.871571 1842.671895
v -3440.870724 69.070302 1867.753560
v -3404.708614 109.874013 1836.795918
v -3371.039181 131.152333 1759.505025
v -3430.356075 76.493153 1856.428365
v -3400.382931 107.924061 1701.850728
v -3392.941036 113.909901 1728.494405
v -3450.821896 69.209706 1872.796407
v -3386.692989 124.017079 1804.816304
v -3463.975704 74.095204 1875.726094
v -3375.583126 126.554188 1796.758931
v -3377.255001 127.982655 1809.111836
v -3428.716427 127.985341 1791.133077
v -3402.958614 110.143056 1796.332539
v -3426.974239 127.205800 1796.839253
v -3371.039669 128.598134 1783.842427
v -3424.363400 114.466786 1816.470967
v -3383.790646 120.846425 1796.468037
v -3392.245236 116.276601 1740.797994
v -3418.856564 95.031483 1824.933614
v -3411.157833 123.520985 1775.084370
v -3382.006466 120.651601 1800.726338
v -3430.105099 138.248768 1776.614766
v -3449.813107 141.412587 1822.925069
v -3462.671505 76.556874 1874.455708
v -3431.485958 102.562245 1828.009053
v -3405.837521 115.385487 1750.300191
v -3408.826779 86.484852 1870.494893
v -3453.804318 136.217274 1822.331441
v -3398.242306 120.714833 1799.317037
v -3416.632931 95.530263 1863.412862
v -3397.054806 102.921376 1708.381001
v -3409.887814 91.208729 1867.278829
v -3390.613888 113.786122 1814.213155
v -3455.728146 37.022694 1879.826558
v -3449.607052 83.244618 1864.847066
v -3450.346798 33.754872 1890.510640
v -3393.830685 112.597890 1738.217793
v -3409.321407 123.029530 1760.388326
v -3425.270138 67.202382 1885.680196
v -3391.867306 115.757313 1736.818257
v -3432.594357 62.446034 1878.354634
v -3376.900021 118.912343 1725.318135
v -3415.886349 137.972645 1732.467427
v -3410.934200 87.094960 1864.051045
v -3382.935665 122.062977 1832.479390
v -3387.891232 117.783925 1840.624043
v -3421.615841 141.512684 1740.426656
v -3401.003048 111.508778 1779.188985
v -3389.763790 103.132558 1703.510518
v -3400.135861 99.002186 1694.106587
v -3387.942501 121.964101 1821.885396
v -3398.463009 102.574696 1694.569234
v -3434.320919 89.489735 1843.285787
v -3433.271114 121.770009 1821.372823
v -3394.417111 108.343251 1830.427144
v -3465.506466 92.579091 1870.311910
v -3436.666622 107.082265 1842.819722
v -3437.228634 69.277577 1856.131978
v -3376.200802 130.680165 1799.049214
v -3440.277950 118.627919 1817.736470
v -3388.266232 117.044423 1849.219136
v -3440.566036 74.666981 1857.032613
v -3413.914669 102.729970 1840.590474
v -3394.217892 106.358632 1710.723897
v -3426.211544 145.177235 1756.638081
v -3444.295529 142.578358 1806.163228
v -3394.681759 112.863270 1751.370747
v -3428.764767 62.637440 1884.279805
v -3438.269161 65.051015 1876.235616
v -3401.317013 115.812489 1754.085225
v -3421.551388 106.006093 1821.820210
v -3430.108029 70.301503 1868.844502
v -3404.586544 92.063710 1879.843770
v -3413.550900 82.420888 1882.975484
v -3480.161739 103.820058 1907.029561
v -3475.926388 107.617909 1916.663442
v -3481.836056 102.229970 1907.621480
v -3473.577755 108.562001 1915.692677
v -3608.114376 141.593007 1904.587331
v -3603.018185 143.558827 1905.065297
v -3610.301876 139.880116 1903.591573
v -3606.567013 140.944569 1904.303731
v -3559.434200 136.769276 1899.306386
v -3479.835568 85.103261 1900.598195
v -3518.302364 105.061024 1885.909078
v -3476.376583 80.969472 1875.634755
v -3477.648068 78.715809 1870.061910
v -3479.894650 80.122792 1871.058797
v -3539.564083 124.925770 1864.666554
v -3519.070431 105.996571 1877.797383
v -3495.154904 99.271229 1863.936787
v -3541.860958 136.271474 1862.998433
v -3504.153927 99.062245 1882.555013
v -3522.638790 131.408681 1902.732228
v -3596.790646 140.401112 1862.126668
v -3539.390743 117.775868 1876.888204
v -3571.059200 121.668934 1885.857655
v -3557.597286 131.059315 1876.711293
v -3541.453732 134.346425 1895.610555
v -3508.198849 113.069325 1901.753590
v -3504.907833 117.716054 1894.042714
v -3487.025997 114.330556 1847.261342
v -3541.651486 119.662587 1888.210225
v -3477.716915 98.939686 1862.550832
v -3562.054318 128.559315 1892.244771
v -3572.835079 127.729726 1875.039632
v -3539.040157 124.020253 1885.797871
v -3515.310177 110.044423 1878.336873
v -3467.593380 86.203358 1909.983876
v -3461.405880 34.385731 1884.151143
v -3518.259884 110.941151 1868.785634
v -3503.234005 131.606679 1911.630391
v -3511.828732 111.982899 1862.360982
v -3519.056271 131.312733 1905.238149
v -3566.440548 143.033925 1855.553090
v -3490.479122 103.447255 1895.235066
v -3482.389279 114.756093 1920.479695
v -3526.737423 139.046132 1851.897786
v -3483.488888 120.659901 1917.814198
v -3527.144161 117.764638 1868.667500
v -3473.824825 54.659657 1886.754964
v -3538.326290 127.579335 1900.807027
v -3467.005978 92.550282 1913.190877
v -3500.948849 108.244618 1860.763265
v -3518.668087 133.721425 1849.146169
v -3524.238400 120.202626 1897.163747
v -3548.327755 128.331288 1864.590321
v -3463.668575 64.558095 1872.794911
v -3572.157345 132.266102 1878.616658
v -3574.512814 148.960683 1859.287587
v -3489.965450 92.517811 1889.139455
v -3574.509396 144.504628 1855.816335
v -3529.325802 138.778554 1914.523152
v -3532.541134 147.278554 1915.230702
v -3494.113888 93.916981 1888.968739
v -3537.826290 139.245351 1850.203633
v -3548.478634 145.534413 1914.480031
v -3533.733517 120.783192 1888.048543
v -3456.324337 35.015370 1895.963582
v -3504.844357 99.883534 1873.693227
v -3582.612911 145.736806 1861.969991
v -3533.950802 123.970204 1875.202657
v -3493.546993 127.396718 1914.391347
v -3495.643673 125.297597 1917.311299
v -3510.891232 107.784657 1878.671040
v -3564.028439 148.217274 1909.002675
v -3525.107052 130.755604 1862.404927
v -3573.134396 130.813710 1892.610158
v -3591.788693 145.750966 1862.191518
v -3484.273068 75.468739 1880.312459
v -3588.642208 141.875233 1897.299519
v -3503.472286 125.319081 1914.859151
v -3453.285763 34.225819 1894.517323
v -3467.625607 79.506337 1859.986684
v -3590.408810 138.784901 1869.726003
v -3507.265255 91.871083 1882.027486
v -3588.234982 129.815907 1884.399068
v -3523.204220 117.342763 1887.369923
v -3526.952755 132.441884 1852.648671
v -3501.691525 110.518544 1891.404958
v -3529.091427 132.753895 1855.114644
v -3591.512814 141.443349 1860.982777
v -3464.762814 81.238026 1861.000539
v -3580.142697 142.800770 1858.885152
v -3475.732540 100.562245 1851.505696
v -3599.841427 145.216786 1865.708119
v -3484.117306 115.009267 1849.887990
v -3603.118771 139.076405 1864.177632
v -3472.830685 98.071278 1858.523335
v -3583.300411 146.203847 1909.651875
v -3593.424435 145.653798 1906.925374
v -3484.752560 79.465809 1883.913472
v -3551.893673 116.865712 1883.241383
v -3499.029415 124.489491 1848.196614
v -3508.376583 125.075184 1851.408193
v -3564.893673 132.364003 1866.790334
v -3498.710568 112.490468 1867.334737
v -3473.075802 96.462636 1851.540944
v -3468.215939 85.298329 1857.581715
v -3601.401486 144.129872 1903.328389
v -3555.914669 136.361073 1893.102376
v -3606.042111 131.733876 1893.424184
v -3551.586056 130.014393 1875.647817
v -3600.371212 125.009999 1886.051839
v -3546.624142 122.430165 1881.946980
v -3610.830685 136.842763 1867.100972
v -3458.778927 69.044667 1903.813374
v -3583.954220 131.252186 1880.137532
v -3512.842404 122.032704 1864.358144
v -3585.445919 143.204091 1858.303212
v -3557.813595 148.384999 1854.206410
v -3563.760861 146.936024 1857.168782
v -3637.314083 116.078114 1887.871693
v -3462.417599 76.631581 1904.213460
v -3471.991818 66.881825 1893.491292
v -3577.541622 149.414296 1910.842061
v -3522.875607 140.221913 1916.970815
v -3490.119747 105.926991 1908.369771
v -3589.953732 133.825673 1887.896382
v -3493.480099 105.867909 1869.277882
v -3502.769650 97.150624 1874.935475
v -3588.796505 135.106923 1892.596028
v -3506.723751 105.292470 1892.341603
v -3529.742794 115.908925 1882.171346
v -3537.701779 121.765126 1879.318013
v -3496.047482 91.285390 1882.878926
v -3591.967404 128.667714 1878.959737
v -3474.428341 105.453358 1852.397756
v -3491.793575 89.329579 1890.379384
v -3581.824337 128.835683 1876.603932
v -3614.718868 135.831776 1873.493855
v -3477.945431 84.030995 1892.929616
v -3614.760372 133.100819 1870.464558
v -3622.142208 130.039052 1876.999654
v -3521.442501 120.996571 1872.460805
v -3529.323849 116.395497 1872.379659
v -3611.237911 128.440175 1887.642903
v -3585.742794 124.856923 1882.978749
v -3546.921993 132.697499 1891.307454
v -3525.909786 120.636220 1875.377736
v -3544.418575 132.724599 1901.068837
v -3564.401974 127.391102 1883.549733
v -3553.487911 129.898427 1896.605977
v -3581.496700 131.469716 1878.191426
v -3530.231075 112.858632 1886.363912
v -3556.160275 124.137196 1874.585286
v -3545.911739 146.974599 1912.689198
v -3522.890255 119.185292 1898.767110
v -3456.821896 31.519765 1887.557973
v -3459.706173 30.124013 1889.317860
v -3507.706661 106.847645 1885.977010
v -3479.999142 80.581776 1895.653920
v -3619.444454 124.434315 1884.232045
v -3608.810177 129.124745 1880.180104
v -3568.644161 132.298573 1878.267568
v -3465.616329 52.898915 1885.480824
v -3499.356564 99.416249 1878.044118
v -3475.912716 70.418690 1884.571706
v -3506.440060 116.820302 1866.962239
v -3580.340450 148.488026 1858.863423
v -3487.405880 80.063710 1879.211781
v -3628.631954 125.900624 1894.052480
v -3605.589962 130.825429 1882.360768
v -3469.268185 68.192372 1892.213429
v -3537.240841 135.566151 1860.940236
v -3463.272091 69.779286 1904.003072
v -3546.514279 140.667958 1853.442494
v -3534.908810 140.713856 1852.307759
v -3540.150021 131.810292 1901.903371
v -3543.072872 120.405751 1874.834889
v -3535.493771 131.029774 1898.907124
v -3558.816036 144.376454 1852.780568
v -3519.963497 118.570302 1889.824971
v -3545.722775 133.892323 1859.756123
v -3594.417599 132.195058 1879.311665
v -3515.866818 101.454579 1879.599904
v -3558.794552 132.451161 1889.337056
v -3542.304318 133.756093 1857.160481
v -3551.649044 141.895009 1908.289021
v -3505.561642 137.411122 1915.517201
v -3464.392208 72.360097 1903.576863
v -3509.533810 105.529042 1891.356130
v -3583.125607 127.981923 1888.954884
v -3478.144650 92.345936 1858.697591
v -3505.872677 131.960438 1918.268147
v -3540.126583 130.688222 1871.831593
v -3481.761837 99.501210 1868.813100
v -3624.078243 121.552968 1888.725881
v -3480.238888 96.646718 1861.206288
v -3529.208614 124.834462 1860.433522
v -3465.781857 37.573964 1889.279469
v -3474.973263 81.720936 1895.439748
v -3457.728146 34.896962 1881.482228
v -3596.837521 128.742177 1880.664388
v -3572.423947 133.458974 1891.032735
v -3463.356564 70.505360 1866.320241
v -3598.129513 132.094716 1879.808888
v -3468.948361 65.286610 1873.649861
v -3611.232540 138.777333 1869.810750
v -3594.289181 147.739247 1905.911580
v -3483.405880 92.955556 1862.157277
v -3513.456661 132.498768 1850.874867
v -3505.615353 127.039052 1852.613850
v -3585.513302 149.214101 1909.746266
v -3558.700314 123.298817 1877.317677
v -3629.963497 123.554921 1883.453938
v -3636.699825 118.450184 1894.065297
v -3521.911739 132.197499 1857.730855
v -3636.210568 121.981190 1893.106984
v -3496.798458 92.006825 1888.031453
v -3512.807247 123.043934 1897.832845
v -3514.513302 117.953358 1859.083272
v -3465.589474 86.599843 1909.845631
v -3494.611935 107.492177 1893.291554
v -3487.082638 72.190663 1884.083974
v -3543.834591 144.108632 1854.179982
v -3514.963497 119.076405 1904.310475
v -3497.915157 125.659413 1850.825093
v -3484.922970 76.336415 1887.765431
v -3501.944943 108.244618 1872.959645
v -3622.164669 125.053944 1886.280873
v -3569.561154 150.416005 1910.691152
v -3521.624142 140.803700 1914.732045
v -3584.827755 127.839589 1878.416280
v -3464.420529 65.783436 1868.930196
v -3469.336544 66.672108 1879.606526
v -3580.635861 128.987538 1884.162038
v -3516.774044 111.078847 1884.622121
v -3477.063107 73.592518 1875.032857
v -3469.986935 97.545155 1853.766225
v -3466.437618 86.805653 1859.266042
v -3405.527950 85.218739 1886.671895
v -3407.093868 92.727772 1879.057271
v -3404.821896 83.324940 1885.569234
v -3408.681271 94.301503 1880.422871
v -3279.602657 57.695302 1885.355855
v -3283.009396 61.715321 1885.895772
v -3278.563595 55.056386 1885.648457
v -3281.223263 57.790761 1885.616475
v -3323.297482 74.319813 1893.946065
v -3414.609005 68.455800 1888.145528
v -3373.197872 63.547108 1902.811177
v -3420.175411 60.145009 1910.698750
v -3420.296017 56.285878 1915.207173
v -3417.712521 56.679188 1914.397725
v -3346.624630 64.604726 1925.261739
v -3372.352169 61.849110 1910.503804
v -3396.151486 63.535634 1924.143086
v -3339.500118 72.370106 1929.335225
v -3388.067013 64.163319 1905.884663
v -3356.897579 87.422597 1893.126363
v -3290.999630 50.762684 1925.675069
v -3349.707638 62.047352 1912.181294
v -3320.773556 53.289052 1901.630635
v -3328.143185 64.612294 1913.753194
v -3339.781857 79.483632 1898.586079
v -3377.625607 78.744618 1891.027486
v -3378.504513 81.999989 1899.651875
v -3396.603634 75.109852 1944.109761
v -3346.589962 65.514393 1901.886372
v -3411.146114 70.759022 1927.088521
v -3325.058224 64.617177 1898.259908
v -3316.790646 54.603261 1912.982198
v -3346.870724 69.608876 1905.446309
v -3373.664181 66.978017 1911.358418
v -3424.220333 77.310536 1880.905049
v -3454.081173 31.190663 1892.974995
v -3371.025997 63.890858 1920.162740
v -3373.017697 98.642323 1886.834004
v -3376.192013 65.961415 1927.029805
v -3359.909298 89.610829 1891.129903
v -3315.740353 64.863270 1935.449117
v -3397.285763 77.195546 1896.520284
v -3398.210568 96.621327 1876.596089
v -3351.382931 78.547841 1941.836079
v -3394.637325 100.237050 1880.396748
v -3360.346798 65.412099 1921.042256
v -3434.130489 42.776601 1894.233174
v -3345.400997 76.738270 1892.424947
v -3421.703732 83.577138 1879.520894
v -3387.194454 67.402821 1928.692647
v -3360.763790 77.131825 1943.907246
v -3360.860958 76.130116 1895.427022
v -3337.620236 63.409169 1925.285420
v -3438.600216 51.770985 1910.625508
v -3315.173458 59.532948 1910.823872
v -3306.051388 67.024403 1932.610005
v -3402.931271 66.942616 1899.588765
v -3308.206661 62.494862 1934.757344
v -3347.484982 93.481190 1883.284078
v -3340.821896 99.135731 1884.367085
v -3398.771114 66.168446 1899.673604
v -3341.928341 73.274403 1942.355000
v -3328.119259 90.342030 1883.054463
v -3352.799435 69.950673 1903.097188
v -3457.760372 37.069325 1882.650655
v -3387.360958 62.211659 1914.254781
v -3300.582150 61.450917 1928.527120
v -3351.522091 69.100087 1915.792622
v -3383.097775 100.298329 1884.210835
v -3382.199337 98.405995 1880.777974
v -3378.445919 67.216054 1910.939961
v -3313.844357 84.094716 1887.248799
v -3356.277462 75.271962 1930.218526
v -3314.605099 61.556874 1897.363057
v -3292.780880 57.386952 1927.410420
v -3415.869259 53.330067 1904.228902
v -3296.213009 64.797108 1894.140401
v -3375.616329 94.258290 1882.283223
v -3460.745236 37.418446 1884.106587
v -3428.733029 58.818593 1925.765401
v -3296.939083 54.301747 1918.852925
v -3388.752072 56.770741 1904.321187
v -3302.486447 51.803700 1903.251485
v -3363.340450 71.716298 1903.942891
v -3354.218380 73.271229 1939.514912
v -3384.625118 76.903065 1900.679341
v -3352.188107 73.204335 1937.084737
v -3295.032833 53.690175 1927.517110
v -3430.336056 61.781727 1925.527852
v -3304.120236 59.370106 1930.929463
v -3412.404904 70.095692 1937.949483
v -3286.088986 54.241444 1923.208882
v -3398.683712 77.656727 1942.121846
v -3286.178829 47.368642 1922.816426
v -3415.810177 71.203602 1931.109517
v -3298.394650 73.944569 1884.236958
v -3290.133907 68.226308 1885.630147
v -3413.516720 57.305409 1901.802144
v -3339.328732 57.330311 1904.807881
v -3381.711056 78.215565 1944.507832
v -3373.413693 75.319081 1940.732564
v -3321.638302 59.802968 1922.567403
v -3386.948361 73.579091 1923.835103
v -3416.546505 67.965077 1937.187276
v -3425.634884 62.640614 1929.347310
v -3284.169064 62.455800 1887.810323
v -3326.652950 73.956044 1899.966084
v -3286.225704 47.695546 1893.550923
v -3333.757443 66.192616 1915.087666
v -3294.349728 42.856190 1899.340230
v -3341.277462 63.895497 1907.885762
v -3280.576290 42.838856 1918.788350
v -3439.781857 65.707020 1883.359517
v -3305.583126 53.790272 1907.988545
v -3370.646603 74.205311 1927.508931
v -3299.450314 57.157948 1931.040059
v -3320.638790 72.753651 1938.858296
v -3316.171505 69.667226 1935.160176
v -3267.051388 19.419911 1891.801656
v -3433.188595 70.347401 1884.464864
v -3429.862911 55.305653 1891.116231
v -3301.770138 79.461659 1884.482564
v -3352.224239 98.199208 1882.000874
v -3396.066525 82.797597 1884.944844
v -3299.079708 55.204091 1900.800801
v -3394.380489 71.051015 1920.943501
v -3390.343868 61.245351 1912.643575
v -3299.335079 57.993153 1896.857076
v -3382.732540 70.626454 1898.039815
v -3358.602169 66.249745 1907.777486
v -3349.234005 66.687977 1911.057759
v -3398.518185 61.568837 1904.505147
v -3300.005001 47.770253 1907.658589
v -3411.234005 74.897206 1938.436177
v -3402.811154 63.847157 1897.480611
v -3308.606075 51.862294 1910.900411
v -3277.554806 41.930165 1912.211568
v -3416.930782 66.436513 1895.204121
v -3278.865353 38.899159 1914.361958
v -3273.818478 34.785145 1906.807637
v -3363.588009 71.599110 1918.866963
v -3359.019161 64.283436 1917.041524
v -3283.500607 41.167958 1897.610127
v -3306.926388 48.519765 1903.617818
v -3336.025021 74.557118 1901.642476
v -3359.877072 70.053700 1915.622334
v -3337.853146 78.249989 1892.822286
v -3323.857052 60.343739 1905.827412
v -3331.586544 70.702138 1895.383077
v -3307.625118 54.567128 1910.095723
v -3359.469845 64.639149 1903.090840
v -3332.611447 59.071278 1914.194600
v -3329.686642 92.203847 1885.324605
v -3362.426876 76.327138 1893.823872
v -3459.192013 31.809804 1889.568868
v -3457.335568 29.833485 1887.306783
v -3381.367306 69.791493 1904.236836
v -3416.695919 63.413808 1891.630025
v -3278.478146 33.322499 1898.992452
v -3285.463009 40.874257 1904.956929
v -3318.150509 61.051015 1911.506245
v -3441.944943 44.709218 1895.808736
v -3392.107052 65.436513 1910.642598
v -3425.166622 54.094716 1899.876729
v -3378.404904 73.525136 1924.461446
v -3301.335079 63.904530 1932.309224
v -3411.127072 55.372059 1906.054585
v -3269.718380 32.936024 1889.301778
v -3287.350216 44.277333 1903.662495
v -3431.609005 57.266591 1892.893575
v -3343.806271 73.340809 1931.538228
v -3435.624142 64.330556 1882.913594
v -3333.804806 71.363026 1938.823018
v -3343.667111 76.332020 1941.045308
v -3341.872677 79.645985 1892.249898
v -3345.430782 61.994130 1914.361470
v -3346.271603 80.327138 1895.310323
v -3321.674923 68.668202 1939.112203
v -3365.454708 74.814931 1902.280782
v -3337.411739 67.849354 1931.388204
v -3296.291622 49.629872 1907.942769
v -3377.109982 60.064931 1908.045552
v -3326.118282 68.495839 1902.232076
v -3340.452267 68.601796 1934.109273
v -3327.283810 84.338856 1887.612569
v -3368.256466 103.331044 1884.395650
v -3433.497189 65.815663 1883.824239
v -3380.266720 69.296620 1898.733418
v -3307.534786 53.799061 1899.079732
v -3413.930782 64.195546 1929.029683
v -3370.421993 99.471181 1880.485127
v -3343.285763 70.908192 1919.940938
v -3407.271603 71.025868 1920.999165
v -3275.740841 30.060780 1893.653829
v -3410.100216 67.406483 1927.531392
v -3355.579708 68.091054 1930.207051
v -3448.749630 33.150624 1888.543843
v -3420.443966 66.548817 1892.605977
v -3457.045040 32.567616 1895.946919
v -3295.787716 46.082020 1905.606587
v -3314.036251 63.618886 1899.542012
v -3436.316036 55.065419 1918.118916
v -3293.172482 48.005849 1907.086324
v -3433.758419 50.208974 1909.481221
v -3279.265255 44.938466 1916.697896
v -3288.469357 69.270497 1886.992329
v -3409.083614 63.223622 1925.436543
v -3365.700314 78.934315 1942.522725
v -3374.818478 78.475087 1940.362813
v -3295.127560 75.422352 1884.658711
v -3330.762325 57.956776 1911.197652
v -3269.977169 27.665761 1898.454732
v -3266.299923 23.241444 1886.679341
v -3358.462032 76.667226 1935.232442
v -3265.117794 26.086171 1888.475362
v -3397.399044 63.160390 1899.814351
v -3369.235958 83.766102 1896.632832
v -3371.260372 68.758290 1931.257954
v -3425.742794 78.499989 1881.329366
v -3391.972775 78.120106 1898.896504
v -3414.883907 50.378651 1899.647237
v -3334.473751 75.562489 1939.238545
v -3369.044064 81.253163 1889.432881
v -3382.041622 80.354726 1942.458638
v -3414.700802 55.685048 1897.444722
v -3385.993771 70.131825 1917.253194
v -3275.824337 33.135243 1896.966817
v -3308.087032 83.832509 1885.660909
v -3353.083614 98.652821 1884.348164
v -3306.462521 50.170888 1908.674458
v -3437.510861 51.422841 1914.441182
v -3432.617794 52.713612 1904.240010
v -3309.324825 54.490224 1904.027852
v -3371.762325 68.798329 1905.619405
v -3423.006466 53.674306 1909.401021
v -3418.604611 70.816640 1935.688374
v -3426.401486 65.107167 1928.323995
v -3427.964474 83.560292 1843.229024
v -3434.499630 91.892079 1841.062825
v -3428.775509 81.777577 1842.018330
v -3433.929806 93.353261 1843.160970
v -3370.172482 52.753895 1732.199788
v -3370.944943 56.787587 1735.545308
v -3369.694943 50.070058 1731.363850
v -3370.733517 52.866933 1733.741048
v -3382.431271 69.591542 1774.927083
v -3432.973263 67.002431 1851.377461
v -3400.474239 59.351552 1822.407002
v -3417.124630 56.458241 1867.072957
v -3413.707150 52.138173 1869.283955
v -3413.093380 52.542958 1866.648702
v -3367.896603 57.208974 1810.347920
v -3393.595333 56.805897 1825.404256
v -3393.329708 57.683339 1852.871358
v -3360.032345 64.280263 1806.372212
v -3405.062130 60.055653 1836.876424
v -3398.238888 83.660390 1804.141683
v -3341.691036 41.820058 1761.744191
v -3380.990841 56.174061 1806.526814
v -3376.830685 47.787831 1775.907308
v -3368.752560 57.936024 1788.605183
v -3385.967404 74.690419 1791.702962
v -3411.184689 75.857167 1820.901753
v -3403.812618 78.182118 1825.999959
v -3375.046017 67.032948 1863.413167
v -3387.977169 60.646229 1798.851277
v -3397.373654 64.970936 1867.576192
v -3380.621700 59.532460 1778.303120
v -3364.921993 47.749501 1778.059712
v -3384.595822 64.337147 1800.962727
v -3392.946407 61.847401 1827.113240
v -3442.994747 76.861561 1856.435750
v -3452.247677 30.576649 1887.039266
v -3384.376583 57.749745 1829.057698
v -3410.385372 95.952382 1815.398518
v -3380.759396 59.210927 1836.989278
v -3401.207638 86.137684 1805.843953
v -3343.881466 55.479237 1788.485188
v -3416.273068 74.284169 1840.668355
v -3431.836544 95.773915 1832.233113
v -3354.403927 69.404042 1823.037190
v -3426.403927 98.853017 1831.094930
v -3378.201779 58.861073 1820.239278
v -3440.095333 41.383534 1870.625691
v -3394.350704 72.791005 1793.485494
v -3442.274044 83.166249 1853.744222
v -3384.575802 60.777089 1847.423665
v -3357.380489 68.040028 1832.179219
v -3399.424435 72.303212 1808.399312
v -3363.578732 55.761708 1802.489095
v -3427.154904 48.671620 1882.832600
v -3365.457638 52.835927 1775.732137
v -3341.336544 57.657704 1778.718770
v -3417.508907 63.924794 1846.797078
v -3341.032345 52.985341 1781.520833
v -3401.458614 90.478993 1791.283894
v -3396.633907 95.790272 1786.179402
v -3415.474239 63.027333 1843.195882
v -3349.879025 63.836659 1814.912862
v -3392.475704 86.831044 1774.226888
v -3389.503536 65.100819 1804.977620
v -3462.339474 37.643300 1885.333028
v -3397.694943 57.188710 1840.321126
v -3342.779415 52.405751 1771.791768
v -3377.998654 62.842763 1810.083333
v -3417.428341 98.170155 1822.929341
v -3420.157833 96.636464 1820.405415
v -3395.632931 62.266102 1831.075704
v -3382.510372 79.760487 1763.687062
v -3367.203243 67.547597 1821.491292
v -3376.588497 56.290028 1768.677144
v -3340.349239 48.265370 1764.336842
v -3421.336544 50.264638 1859.949178
v -3369.979122 59.333485 1751.178548
v -3416.069943 92.163563 1815.297261
v -3462.511349 37.917470 1888.656819
v -3408.458614 53.751698 1881.890279
v -3350.122189 46.246083 1763.660420
v -3407.551388 52.898915 1836.492391
v -3366.600216 45.613759 1760.746205
v -3393.764279 67.064686 1814.617940
v -3358.375607 64.492909 1824.212972
v -3406.486447 73.180653 1831.685933
v -3359.484493 64.631825 1821.248921
v -3341.765255 44.644765 1766.243794
v -3409.130489 56.767567 1883.253560
v -3342.669064 50.178212 1775.992635
v -3388.680782 63.170155 1873.993001
v -3341.030392 45.403798 1756.357137
v -3377.509884 69.838856 1864.318684
v -3342.158322 38.619374 1756.045613
v -3396.144650 65.109852 1873.625264
v -3378.616818 69.559071 1748.469502
v -3373.971310 63.490224 1741.801473
v -3421.845822 54.410634 1856.822469
v -3382.770138 51.989247 1793.734029
v -3367.043087 69.650624 1850.736287
v -3366.539669 66.944325 1841.576009
v -3358.460079 52.015614 1787.139974
v -3387.982052 67.434071 1844.997701
v -3391.606564 61.253651 1877.161519
v -3403.425900 57.072499 1881.064595
v -3369.780880 57.349110 1737.517293
v -3378.919064 68.673085 1780.797017
v -3367.432247 42.117909 1741.707387
v -3370.188595 59.522206 1794.192891
v -3366.948849 36.913563 1751.485555
v -3380.357540 58.235585 1797.130879
v -3343.375607 34.394765 1749.059682
v -3449.783322 65.509267 1870.853902
v -3363.814083 47.162831 1765.826924
v -3376.725216 67.191884 1832.634358
v -3340.517208 47.834950 1771.919515
v -3342.488888 63.090077 1794.650166
v -3343.822872 60.296376 1788.855672
v -3362.580685 13.662587 1723.350453
v -3445.083126 69.812489 1865.791829
v -3439.331661 54.049306 1865.737386
v -3379.466427 75.111317 1751.685994
v -3404.385861 95.441640 1794.912801
v -3425.067501 81.071034 1834.076131
v -3366.673947 49.161122 1756.673482
v -3394.408810 65.447743 1849.972127
v -3400.658322 56.488270 1842.097615
v -3369.904904 52.367177 1755.036794
v -3408.516720 67.176015 1828.561421
v -3388.713497 61.081532 1812.222859
v -3381.226193 60.893788 1805.694905
v -3411.673947 57.925770 1845.219869
v -3362.009396 41.057362 1760.638112
v -3387.164181 67.854970 1873.350667
v -3419.606564 61.073964 1845.567281
v -3362.993771 45.017567 1769.834554
v -3347.670529 34.118153 1743.170674
v -3428.234982 64.297108 1856.810872
v -3346.785763 30.910878 1745.281606
v -3351.277462 27.497304 1737.057637
v -3381.003536 65.337636 1822.167622
v -3381.127560 58.135243 1817.084432
v -3363.292599 35.113759 1741.144338
v -3368.822384 42.437489 1764.696309
v -3382.013302 69.356679 1789.795064
v -3382.150021 64.047597 1817.298299
v -3390.132931 74.034657 1787.155354
v -3373.955685 54.431142 1780.856282
v -3385.657345 66.077626 1782.744344
v -3362.913693 47.764393 1768.662434
v -3393.364376 60.013905 1810.627766
v -3371.168575 52.509999 1792.552754
v -3391.083126 88.479970 1776.760701
v -3401.557736 72.717274 1808.979512
v -3457.635861 31.707509 1889.830281
v -3458.891720 29.935536 1887.045552
v -3402.581661 65.635243 1830.396504
v -3431.535763 61.674550 1854.762776
v -3360.479122 27.024403 1737.228810
v -3357.941525 34.081776 1746.456258
v -3366.167111 54.355214 1778.701985
v -3442.366818 43.356190 1878.256856
v -3402.799435 60.920643 1842.768391
v -3429.585079 51.762196 1865.922810
v -3383.246212 67.068104 1837.868794
v -3339.615841 54.455311 1774.376668
v -3417.206173 51.960438 1856.777730
v -3364.587521 27.440907 1724.829427
v -3359.618771 37.657460 1747.559499
v -3438.442501 55.854726 1868.187093
v -3360.140743 65.129140 1811.231160
v -3448.273068 64.071034 1866.976949
v -3349.144161 62.088124 1806.051778
v -3351.533810 67.066640 1815.870015
v -3392.452267 75.598866 1790.412068
v -3377.010372 55.762684 1803.875325
v -3391.897091 76.069569 1795.764851
v -3343.222286 59.032460 1795.560017
v -3395.903927 70.384511 1815.729451
v -3357.721798 59.505849 1805.435140
v -3359.736447 42.767811 1757.598988
v -3398.252072 55.435780 1828.285359
v -3377.290646 62.986317 1781.289693
v -3356.783810 60.045399 1809.440389
v -3388.777462 80.347401 1775.569234
v -3409.643185 100.739735 1810.190205
v -3446.279904 65.387196 1865.616048
v -3406.849239 65.708729 1826.718526
v -3372.470333 48.193104 1763.145680
v -3397.777462 58.317616 1870.766560
v -3414.504513 97.390370 1810.041585
v -3370.168575 63.954335 1805.006429
v -3400.701290 65.785390 1861.217854
v -3364.099728 24.283925 1732.128072
v -3396.840450 61.561268 1866.787801
v -3367.648556 60.393300 1820.672810
v -3453.242306 32.852528 1880.276570
v -3432.194943 64.790761 1858.594197
v -3450.987423 31.707753 1891.119344
v -3361.892208 39.480946 1755.910451
v -3374.202755 58.086659 1769.312398
v -3419.200314 51.067372 1884.623067
v -3359.119259 41.157704 1754.416951
v -3425.932247 47.104970 1878.011617
v -3344.309200 36.669911 1746.951039
v -3371.862911 64.332265 1741.052541
v -3398.604122 57.602772 1864.753560
v -3360.808224 70.122548 1835.846272
v -3367.207638 70.160878 1842.706990
v -3376.485958 70.888661 1745.875661
v -3372.969845 51.674550 1789.437764
v -3357.377560 21.218739 1729.403767
v -3366.223263 17.993886 1720.287618
v -3363.794064 68.452870 1825.897664
v -3363.781857 20.592030 1720.222981
v -3415.004025 59.983632 1841.985005
v -3401.672482 79.999501 1816.499532
v -3374.378048 61.390614 1834.855977
v -3443.248165 78.040517 1858.003560
v -3411.507443 74.793446 1837.239034
v -3425.130489 47.800526 1856.754475
v -3348.658810 66.235341 1806.958455
v -3408.070919 78.277577 1812.720540
v -3368.744259 72.007802 1850.077718
v -3426.368282 53.306874 1855.664204
v -3393.573361 64.694813 1840.832234
v -3360.944943 26.982167 1733.917622
v -3381.080197 79.507313 1757.887990
v -3402.731075 95.662831 1796.827840
v -3364.046505 43.517079 1766.826314
v -3423.359982 47.880849 1883.750325
v -3429.628536 50.129384 1874.513570
v -3369.000118 48.394765 1767.156361
v -3396.772579 64.224110 1822.688558
v -3420.339474 50.249989 1868.713643
v -3393.604611 64.308827 1878.297688
v -3404.420040 59.656483 1881.299275
v -3423.499630 87.104726 1925.410176
v -3416.843868 93.035878 1919.300084
v -3422.436154 85.090809 1925.748402
v -3418.615353 94.728749 1918.374562
v -3362.458126 67.382313 2037.219869
v -3364.135372 71.222645 2033.980214
v -3362.512814 64.904286 2038.628926
v -3363.484005 67.425282 2035.935933
v -3389.720822 82.617665 2001.386617
v -3431.402462 70.354970 1920.651494
v -3423.732052 70.616933 1964.184697
v -3454.524044 65.858143 1927.992314
v -3458.918575 62.860097 1930.624272
v -3456.878536 63.257558 1932.402959
v -3429.443478 77.231190 1997.873418
v -3430.097286 70.364247 1968.895650
v -3453.524044 73.014149 1954.773061
v -3428.383907 86.008778 2004.907918
v -3433.761837 70.876210 1952.772221
v -3404.294064 93.329091 1970.174168
v -3403.538693 67.041737 2047.983296
v -3420.120724 72.213856 1989.210057
v -3397.629513 63.473134 2010.256184
v -3410.303829 76.304921 2008.209126
v -3401.340450 87.524892 1988.704411
v -3413.996700 83.189442 1952.498341
v -3421.413204 87.864735 1955.479375
v -3469.399044 87.898671 1962.471639
v -3409.317013 73.980214 1986.402028
v -3462.689572 79.733632 1942.261800
v -3395.498165 73.746571 2003.330129
v -3405.174435 67.016835 2019.028920
v -3411.996212 78.617421 1987.317037
v -3430.853146 75.475575 1967.459355
v -3428.945431 77.192860 1907.596974
v -3459.996700 32.239491 1894.200002
v -3437.440548 74.162831 1974.451680
v -3405.628536 102.267811 1951.636311
v -3445.656368 77.105458 1973.047322
v -3403.829708 94.943837 1966.298360
v -3422.595822 81.143544 2029.424657
v -3428.773556 81.463856 1938.436055
v -3409.789181 96.956532 1925.215352
v -3444.288693 93.582997 1999.875752
v -3410.795529 101.396474 1929.638051
v -3432.634396 76.453358 1983.874364
v -3449.605587 45.039784 1910.387929
v -3399.235470 83.398427 1981.247273
v -3425.719845 83.253407 1908.213277
v -3452.433224 78.156727 1964.166676
v -3450.952755 91.997059 1992.993489
v -3409.653439 82.406972 1969.462300
v -3425.083614 76.601063 2005.816869
v -3464.762814 56.515126 1913.245854
v -3401.904904 71.573231 2018.680745
v -3415.026974 83.344227 2036.094167
v -3435.506466 71.598622 1936.501332
v -3418.508907 79.145985 2035.916737
v -3390.391232 98.098866 1972.650746
v -3387.266720 104.244862 1978.128621
v -3433.582638 71.102528 1940.238606
v -3440.630978 89.061513 2009.021687
v -3380.844845 96.135243 1989.678777
v -3412.925900 78.180897 1981.013677
v -3452.286739 35.962392 1885.178670
v -3440.808224 70.486561 1957.727895
v -3409.474239 77.472645 2039.606862
v -3423.249142 79.674061 1988.411672
v -3408.248654 102.825184 1941.435262
v -3405.094357 100.410878 1940.805592
v -3432.870236 75.348622 1963.099294
v -3378.028439 91.598378 2004.905888
v -3437.216915 88.010731 1990.463002
v -3389.853146 71.207265 2012.337270
v -3405.098751 73.749989 2046.361409
v -3447.667599 58.274159 1929.515065
v -3377.446896 74.921132 2026.173238
v -3403.585079 96.998524 1947.797353
v -3454.989864 36.384755 1883.264089
v -3471.880001 66.715321 1928.130437
v -3400.251583 68.951649 2039.045415
v -3433.684200 63.296376 1952.459447
v -3390.004025 63.397938 2027.022145
v -3418.731564 79.433339 1972.087666
v -3444.382443 87.817860 1997.042531
v -3426.000607 82.673573 1951.417958
v -3441.290157 87.442860 1997.620381
v -3406.780392 70.002675 2044.990605
v -3472.115841 69.487782 1926.216206
v -3413.566036 75.642567 2038.017232
v -3472.695919 80.933339 1946.553700
v -3398.528927 70.315907 2050.529317
v -3468.429318 89.923085 1959.353322
v -3399.089474 63.489491 2051.226552
v -3468.420040 80.603749 1940.133778
v -3368.939083 82.019032 2018.188710
v -3366.684689 77.144520 2026.792928
v -3443.916134 61.889882 1929.804250
v -3409.177853 66.894520 1995.234410
v -3461.866329 91.912831 1975.070866
v -3454.822872 88.894765 1980.795552
v -3415.168087 73.534413 2018.782246
v -3447.389279 83.376698 1961.147939
v -3474.390255 78.456776 1942.911153
v -3472.913204 71.291005 1932.007604
v -3366.264767 72.220448 2033.807576
v -3396.603146 83.126942 2001.473225
v -3374.037228 58.616200 2036.900807
v -3414.072872 77.757558 2003.795049
v -3383.673947 54.402333 2033.392369
v -3411.978146 73.772694 1994.129475
v -3393.386837 58.661122 2054.733937
v -3440.306759 65.296864 1897.002980
v -3395.367306 66.004384 2026.377904
v -3442.256954 85.620839 1976.904134
v -3411.586056 73.769276 2042.408498
v -3426.998654 89.205800 2025.751256
v -3421.970333 85.785634 2028.237447
v -3366.399044 31.679921 2056.555898
v -3437.362423 70.446522 1902.574239
v -3443.242306 57.050038 1910.791249
v -3370.163693 87.280018 2014.622350
v -3391.092404 102.221669 1967.276845
v -3417.564083 84.987050 1933.068410
v -3385.773068 66.507802 2028.289723
v -3448.965939 79.935048 1953.687337
v -3441.049923 69.072255 1954.507466
v -3382.182736 68.532460 2025.758702
v -3423.567989 76.153309 1952.647405
v -3420.305782 75.027577 1978.807362
v -3418.346798 76.601552 1988.419835
v -3438.158322 67.456532 1943.453481
v -3393.025509 60.366688 2031.872624
v -3471.929318 85.806142 1947.125508
v -3434.025997 68.191151 1936.014241
v -3399.617306 64.445302 2025.458608
v -3386.354122 56.782704 2054.266988
v -3438.858029 69.484364 1922.367436
v -3389.227657 54.108388 2054.609059
v -3380.736935 49.029530 2055.863179
v -3431.637325 81.951161 1979.152043
v -3428.684200 74.714833 1983.231343
v -3376.947384 53.087636 2042.142903
v -3392.956661 59.971181 2023.833394
v -3402.675900 83.453114 1994.123097
v -3427.186642 80.079823 1980.990529
v -3395.592892 85.406239 1987.736302
v -3401.897091 70.962880 2008.648137
v -3395.566525 78.821767 1995.446401
v -3398.100704 67.018544 2025.533009
v -3416.932247 72.562245 1976.005025
v -3413.614376 70.672597 2005.349080
v -3383.344845 98.272938 1989.169911
v -3409.045040 82.221913 1967.304387
v -3459.576290 31.937245 1888.048909
v -3456.951779 29.706044 1888.826955
v -3428.286251 76.514393 1956.956807
v -3436.056759 65.895253 1921.255559
v -3376.575802 45.926991 2048.248158
v -3384.255489 53.984852 2044.066396
v -3403.797482 73.006825 2016.232533
v -3454.644161 46.749013 1904.144490
v -3439.706173 72.728993 1951.424519
v -3448.525021 57.696278 1919.273305
v -3443.635372 83.947011 1968.827031
v -3412.784298 80.508534 2040.453206
v -3446.591427 60.888417 1934.205785
v -3363.928829 44.353505 2051.140721
v -3383.675900 56.984608 2041.331380
v -3445.398068 59.186757 1909.874745
v -3432.314083 87.095448 2002.129933
v -3438.005489 64.114979 1900.564443
v -3433.761349 87.043934 2014.576299
v -3440.006466 91.728261 2006.455373
v -3396.951779 86.435292 1983.795766
v -3419.841427 72.804921 1993.965688
v -3401.697384 87.383534 1981.395924
v -3428.242306 85.175282 2025.555196
v -3417.989376 82.055409 1969.020589
v -3429.650021 82.057851 2008.342351
v -3391.171017 62.466054 2034.951833
v -3430.607540 67.890370 1963.847661
v -3398.948849 78.197255 2003.803822
v -3433.413204 83.097401 2006.938893
v -3385.067013 91.096913 1993.460072
v -3400.567989 106.726552 1953.896626
v -3437.530880 65.862538 1902.632771
v -3423.086056 75.117665 1955.297902
v -3388.726681 64.315419 2020.359059
v -3466.563107 73.463612 1941.727025
v -3398.789181 102.111561 1950.669087
v -3422.432247 82.679677 1997.278050
v -3455.499142 79.147694 1942.602406
v -3371.035763 41.940175 2048.469380
v -3462.957638 76.581532 1943.850087
v -3437.745236 80.996815 1992.067922
v -3453.282345 33.698720 1896.366032
v -3438.388302 68.923329 1918.058308
v -3463.859005 33.942128 1892.896809
v -3389.358517 58.596669 2034.748006
v -3391.175900 73.653798 2013.598225
v -3469.616818 61.217274 1918.398641
v -3389.070919 60.905751 2037.452779
v -3461.542599 55.067616 1917.083394
v -3390.679318 60.431142 2054.552235
v -3366.883907 78.511464 2028.744252
v -3461.172482 72.161854 1944.294972
v -3452.027462 93.226308 1987.809987
v -3454.821896 91.845448 1978.961079
v -3367.474239 83.741688 2021.003545
v -3410.258419 69.156727 2005.642232
v -3372.541134 40.784413 2056.111745
v -3361.166622 34.570058 2054.174458
v -3442.432247 90.139638 1990.822789
v -3361.756466 37.753895 2055.668233
v -3433.385861 68.254872 1941.912831
v -3413.950802 89.619618 1961.754521
v -3446.446896 80.898427 1978.964101
v -3429.926876 78.344960 1906.323415
v -3428.020138 83.112294 1944.043813
v -3443.617794 54.621571 1928.550130
v -3433.933224 91.203358 2013.611745
v -3408.006466 85.885487 1958.770162
v -3460.014279 93.630604 1973.488271
v -3440.984493 59.454091 1926.890798
v -3441.705685 78.880360 1959.252873
v -3373.531368 45.542714 2049.577412
v -3373.807247 91.403554 2009.134725
v -3393.476681 103.031972 1967.614079
v -3396.844845 62.517811 2026.461446
v -3467.522091 56.915028 1916.090779
v -3456.175411 56.666981 1915.164998
v -3393.774532 65.764638 2021.125905
v -3424.762325 76.359364 1966.051167
v -3455.638302 59.102284 1925.828816
v -3473.790157 80.868642 1940.006276
v -3472.117794 73.486561 1930.502049
v -3412.554318 97.737050 1927.856160
v -3403.569943 97.791981 1927.194173
v -3412.986447 96.391835 1929.154988
v -3403.418087 98.750722 1925.238484
v -3435.807247 128.460194 2028.156026
v -3433.653927 129.740224 2024.520100
v -3437.535763 127.482411 2029.461690
v -3435.802364 128.033925 2026.853597
v -3428.770138 125.732167 1989.261189
v -3422.219357 85.479726 1924.631307
v -3436.813107 105.177479 1952.138387
v -3440.330685 89.454579 1915.738240
v -3445.249630 89.365468 1915.214803
v -3444.710568 90.167958 1917.280110
v -3451.825802 126.462392 1964.911458
v -3442.543087 108.207753 1950.873372
v -3448.334591 106.806142 1928.754475
v -3450.468380 135.508046 1967.152303
v -3437.332638 101.443349 1940.046346
v -3418.623654 120.260731 1961.490193
v -3463.650021 139.548817 2009.316975
v -3445.017697 117.587392 1967.125935
v -3445.433224 118.350087 1993.800252
v -3446.027950 127.863759 1982.050618
v -3427.594845 124.739979 1974.431538
v -3420.769161 106.555165 1948.783650
v -3424.179318 112.214345 1944.793660
v -3454.078243 122.803944 1919.739095
v -3436.972286 115.802235 1971.689900
v -3445.067989 106.735341 1915.049886
v -3436.728634 121.601063 1988.956014
v -3451.938107 126.024159 1993.061665
v -3436.845822 119.739003 1969.455586
v -3440.106075 111.054188 1948.436116
v -3412.157833 83.475575 1917.571858
v -3443.332638 51.768300 1902.692708
v -3447.419552 114.493397 1948.496785
v -3407.373165 117.627431 1948.761922
v -3450.119747 117.032948 1942.129353
v -3415.966427 119.428456 1959.334920
v -3460.055294 143.030751 1984.725789
v -3423.656857 100.953114 1932.926473
v -3400.489864 102.155751 1933.599934
v -3453.865353 140.579091 1953.154256
v -3401.044064 107.375233 1934.265950
v -3447.841427 119.774159 1955.798543
v -3438.989376 66.440907 1914.387410
v -3424.964474 118.123036 1972.746602
v -3407.973263 87.330067 1918.374349
v -3449.577267 114.539784 1933.131551
v -3455.284786 137.256337 1945.911458
v -3426.085079 113.435048 1960.525716
v -3453.128048 129.156972 1971.865804
v -3443.707638 77.753407 1904.065389
v -3447.964962 128.409169 1993.742696
v -3457.768673 146.526356 1992.250447
v -3430.891232 94.459950 1930.240437
v -3461.474239 144.163319 1991.079121
v -3409.838009 122.524403 1969.978597
v -3407.795529 128.760731 1973.265889
v -3431.662716 95.613759 1933.483968
v -3457.785763 141.350819 1961.256795
v -3412.785275 127.860585 1985.153829
v -3434.805294 116.593495 1965.676839
v -3433.452267 48.805897 1901.655110
v -3443.610958 104.601063 1938.535481
v -3458.758907 143.434071 1998.838826
v -3443.160763 122.664052 1963.040852
v -3404.143673 113.549061 1941.675130
v -3403.157833 111.161122 1943.810994
v -3439.387325 109.202626 1944.957600
v -3419.837521 131.637929 1995.965962
v -3448.233029 131.317128 1953.758382
v -3438.609982 123.331776 1997.699544
v -3460.884396 143.495351 2005.917134
v -3440.470822 84.075917 1922.467854
v -3436.081661 130.511952 2011.540730
v -3406.856075 111.974843 1949.223958
v -3433.944943 48.586659 1898.924397
v -3449.732052 92.713124 1905.211507
v -3457.073849 136.082509 2006.110127
v -3440.464474 96.219472 1941.746663
v -3448.516232 125.113026 2007.233846
v -3433.611935 114.066640 1957.188435
v -3455.199825 135.395741 1952.986287
v -3427.242794 107.509511 1941.148396
v -3453.885372 134.952870 1955.232869
v -3462.864864 140.594716 2005.085896
v -3447.817013 93.691884 1903.394612
v -3461.154904 142.074208 1995.988484
v -3452.018673 111.086659 1911.034871
v -3460.526486 142.189198 2012.875447
v -3451.289181 122.529042 1918.188435
v -3464.127072 138.044667 2014.545857
v -3446.966427 107.171620 1910.286214
v -3424.733029 130.176015 2010.718160
v -3429.356564 130.666981 2017.779073
v -3436.917599 86.062489 1923.999349
v -3443.846310 115.243397 1978.135091
v -3453.607052 130.333729 1929.936849
v -3453.482052 129.973378 1937.900350
v -3454.576779 131.770253 1985.382771
v -3443.155392 115.831288 1933.306355
v -3452.459103 107.957753 1908.691853
v -3450.003536 97.767567 1905.541219
v -3434.335079 130.646229 2022.914388
v -3432.438107 127.152821 1985.063008
v -3445.980099 124.200917 2023.156941
v -3445.576779 127.306630 1977.115132
v -3451.683712 121.174306 2016.545247
v -3441.925900 119.736561 1974.224568
v -3464.575802 135.624257 2020.970540
v -3419.090939 72.210927 1908.031087
v -3450.098263 127.357899 2003.056416
v -3446.179806 124.040272 1944.157308
v -3462.781857 142.609852 1999.941243
v -3457.394161 147.336659 1978.215901
v -3457.158810 145.473622 1983.359761
v -3462.052364 114.389882 2044.568257
v -3417.624630 77.853261 1911.499104
v -3430.355587 73.695058 1915.529378
v -3421.563107 132.181386 2006.840169
v -3406.083614 122.831776 1965.732991
v -3413.500118 99.063954 1935.960774
v -3445.342404 127.154042 2009.690144
v -3442.285275 110.225575 1929.250325
v -3442.958126 102.163319 1937.030476
v -3441.343380 126.761952 2010.018636
v -3429.266720 103.370351 1944.818684
v -3439.351193 114.553212 1960.849446
v -3441.762814 119.875233 1966.718343
v -3437.220333 95.395985 1933.315511
v -3453.649044 125.848622 2008.711690
v -3449.710079 114.498036 1910.626546
v -3431.338986 91.728505 1931.687703
v -3452.757443 126.521962 2000.400166
v -3461.255489 133.085438 2025.386495
v -3427.522091 86.839101 1921.280965
v -3464.182247 131.895497 2024.487874
v -3462.195919 127.816151 2031.453267
v -3442.819943 121.053212 1952.584065
v -3446.109005 117.710683 1958.242146
v -3452.312130 123.437245 2025.507588
v -3450.274044 121.754872 2004.605000
v -3432.486935 124.795888 1977.468953
v -3441.948849 120.004384 1956.668538
v -3424.880489 121.997304 1977.870992
v -3443.847775 123.234120 1988.598714
v -3431.108029 121.257069 1983.536153
v -3450.816525 128.047108 2000.730245
v -3437.316525 111.065663 1961.982259
v -3449.093868 123.242421 1979.910054
v -3413.028439 129.424306 1982.875203
v -3424.883419 112.194569 1959.795613
v -3440.544064 48.581044 1899.770467
v -3440.389767 47.063710 1902.288045
v -3433.631466 106.371083 1944.180867
v -3427.036739 83.490224 1923.232869
v -3457.898068 121.497548 2030.670552
v -3456.851193 126.053700 2021.930928
v -3447.329708 128.489735 1990.972981
v -3438.337521 65.377675 1907.664876
v -3439.262325 102.938466 1935.330647
v -3436.733029 78.953847 1916.687581
v -3444.156857 119.293202 1939.470296
v -3459.654904 146.364247 1996.574666
v -3440.774044 87.888173 1924.960530
v -3452.768673 119.910878 2040.148641
v -3454.022091 126.671132 2020.114644
v -3430.229122 75.012684 1913.241902
v -3450.981075 135.507802 1963.071980
v -3419.873654 72.765858 1911.572713
v -3457.246212 141.604726 1968.786580
v -3455.150997 141.819325 1959.636311
v -3423.471310 121.017811 1974.730672
v -3446.679318 120.199452 1969.661092
v -3424.666134 121.228017 1970.394368
v -3459.765743 144.738759 1978.334432
v -3430.711544 114.249257 1955.384969
v -3454.401974 134.691395 1969.154988
v -3453.038204 128.434071 2010.943745
v -3441.706173 104.233876 1948.497029
v -3436.922482 125.320790 1986.071370
v -3455.442013 135.287343 1965.910970
v -3419.000607 126.928700 1985.829854
v -3403.579220 120.915517 1951.915608
v -3419.747189 74.844227 1912.529134
v -3430.606075 103.864979 1946.754598
v -3444.491818 122.368153 2004.261861
v -3449.742306 102.877675 1913.952351
v -3403.191036 116.030751 1952.384725
v -3445.260861 128.760731 1967.488362
v -3441.447872 105.420399 1919.676350
v -3456.635372 118.102772 2035.061604
v -3447.288693 105.424550 1916.484090
v -3452.293575 127.473622 1955.972005
v -3439.881954 52.758290 1907.506795
v -3425.623165 84.346425 1919.422566
v -3444.181759 52.869618 1899.283406
v -3453.625118 125.478261 2012.850118
v -3438.831661 125.764638 1996.985982
v -3446.619259 84.075429 1902.749959
v -3453.635861 128.262684 2013.895711
v -3444.212521 78.123280 1908.366414
v -3462.207638 136.311513 2022.071248
v -3429.722775 132.537099 2018.361775
v -3448.414669 102.414052 1918.848470
v -3453.086544 135.777577 1942.237019
v -3451.391232 131.073476 1936.224568
v -3424.388790 132.443104 2012.667867
v -3448.005489 121.862294 1982.438191
v -3461.318966 121.188710 2038.471089
v -3456.820919 114.399159 2045.751607
v -3450.379025 133.697743 1950.314168
v -3456.412228 117.324696 2045.422810
v -3433.527462 94.476796 1935.168904
v -3421.974728 115.240956 1952.153279
v -3451.487911 122.496815 1943.868367
v -3411.648068 83.788319 1916.035359
v -3424.962521 104.604481 1935.941853
v -3439.379025 80.565907 1925.260213
v -3455.104122 143.951161 1967.176595
v -3418.976193 110.430897 1955.034261
v -3451.129025 130.449940 1929.798177
v -3435.068966 82.608632 1924.801595
v -3441.110958 111.068593 1936.788777
v -3456.942013 121.412831 2033.287434
v -3419.405392 132.879872 2000.772420
v -3407.211544 123.893544 1964.288655
v -3452.484982 125.291737 2003.052449
v -3446.318966 79.788808 1903.818562
v -3439.671993 77.469716 1910.184651
v -3447.018673 124.462636 2001.295918
v -3435.695919 110.055897 1951.128621
v -3442.962032 84.081532 1915.550008
v -3449.801388 108.098622 1906.939412
v -3447.942013 98.399159 1904.696126
v -3451.359982 83.505360 1946.629720
v -3440.899044 84.787831 1950.532140
v -3452.122677 81.388905 1947.449605
v -3440.053341 86.651845 1948.734807
v -3531.779904 81.235829 2053.834462
v -3527.968380 84.306630 2051.309285
v -3534.103146 79.413075 2054.101735
v -3531.065548 81.200429 2052.281941
v -3505.084591 92.821767 2013.885548
v -3457.797482 69.046376 1934.595174
v -3491.910763 80.930897 1963.015584
v -3475.134884 75.016347 1916.653798
v -3480.436642 74.564198 1913.525823
v -3480.981564 74.830067 1916.305074
v -3520.042599 99.985341 1975.472035
v -3498.548947 84.367909 1959.552312
v -3494.485958 90.068837 1931.846944
v -3521.762325 110.077870 1981.234364
v -3485.968380 80.807606 1948.375600
v -3479.363888 97.462636 1986.980046
v -3557.252072 98.201161 2022.000600
v -3511.193966 89.373768 1978.853230
v -3524.240841 80.590565 2008.197011
v -3521.785763 96.085194 1997.703450
v -3496.623165 97.132558 1997.893636
v -3472.534786 85.528554 1967.962575
v -3475.926388 93.328602 1963.449452
v -3500.714962 111.724110 1923.580037
v -3503.773068 86.476552 1987.492055
v -3484.406857 95.295888 1918.431142
v -3512.936642 87.154530 2008.274739
v -3533.137325 89.273427 2006.249761
v -3503.556271 91.979237 1986.231404
v -3495.356075 88.898671 1958.941609
v -3442.642697 70.311024 1931.422292
v -3463.245236 34.600087 1889.930043
v -3504.502072 92.169911 1956.240712
v -3460.076779 100.158436 1978.002492
v -3505.221798 97.197255 1948.580373
v -3475.152462 97.541493 1985.735310
v -3542.614864 111.624013 1997.800984
v -3467.065548 84.287343 1947.428441
v -3441.457638 87.995351 1960.414128
v -3520.346310 120.798573 1965.551289
v -3443.671993 93.899892 1962.362538
v -3509.663693 95.762196 1965.573110
v -3467.355099 48.289052 1909.241506
v -3491.243771 90.160878 1995.489385
v -3439.224239 75.059071 1935.562383
v -3499.818478 97.545399 1938.245931
v -3517.775021 119.312001 1955.900960
v -3485.688107 88.884022 1980.124898
v -3525.405880 100.532460 1983.226582
v -3470.669552 64.957265 1898.717061
v -3529.541622 92.295399 2009.725194
v -3544.378048 113.307851 2008.256490
v -3472.415157 76.751210 1938.891408
v -3547.448849 110.518544 2004.385518
v -3473.919552 98.041249 2001.479512
v -3474.661251 104.489735 2007.937245
v -3475.076779 76.866200 1942.394338
v -3528.734982 118.359608 1972.671208
v -3485.609005 98.577626 2018.190419
v -3498.722286 89.827382 1982.218877
v -3450.857540 32.528309 1893.012013
v -3493.143673 84.424794 1944.397054
v -3547.801388 107.141591 2014.105260
v -3508.439083 97.089101 1976.773259
v -3452.132443 98.223622 1970.694371
v -3451.423947 94.719472 1972.863423
v -3492.474239 88.033192 1954.952474
v -3499.535763 98.391835 2027.545934
v -3511.985470 110.181142 1966.446095
v -3519.549923 85.845692 2017.422673
v -3553.509396 104.423817 2020.816274
v -3477.102657 66.173085 1922.437215
v -3524.876095 89.653554 2036.008778
v -3458.321896 93.327382 1977.151357
v -3450.093380 33.201405 1889.692342
v -3481.682247 81.673817 1901.183858
v -3547.472286 95.955067 2020.854619
v -3489.022579 73.640614 1947.135457
v -3535.624630 83.438466 2023.332951
v -3492.810177 90.021962 1972.769612
v -3520.509396 114.551503 1963.190968
v -3476.547482 88.719227 1956.514150
v -3519.956661 113.355702 1966.209798
v -3554.653927 101.060048 2018.050893
v -3478.911251 83.702382 1900.450169
v -3548.856075 106.294423 2009.348531
v -3491.473263 101.164296 1911.695928
v -3556.016232 100.393544 2028.277699
v -3496.771603 112.260731 1923.227712
v -3559.852169 94.470204 2027.074239
v -3484.449825 97.329579 1912.341969
v -3511.569454 90.786610 2040.836690
v -3520.201290 88.313466 2046.368886
v -3474.279415 68.367665 1926.517674
v -3514.407833 82.733632 1990.889699
v -3506.762325 117.040028 1937.202596
v -3510.231075 113.746571 1945.922276
v -3533.963497 98.594472 1998.100438
v -3492.949337 99.717030 1942.107915
v -3490.116818 98.243397 1907.993337
v -3483.380001 87.534413 1902.859944
v -3528.214474 85.890370 2049.453984
v -3507.632443 95.630116 2007.792683
v -3539.926388 76.872059 2041.886556
v -3518.846310 97.256337 1992.346822
v -3542.568966 75.043446 2030.814839
v -3511.519161 89.698476 1988.866582
v -3562.750607 89.220204 2033.214223
v -3443.298458 59.613515 1914.129445
v -3536.024044 87.445790 2018.570973
v -3503.421505 105.224599 1954.849019
v -3552.664181 105.325184 2013.014409
v -3537.633907 119.386464 1993.245625
v -3539.300900 115.337392 1998.488393
v -3565.656857 55.716298 2054.360310
v -3444.631466 65.227528 1920.319096
v -3459.891720 57.440663 1917.017232
v -3506.672482 94.918202 2038.775990
v -3467.774044 100.350331 1998.826604
v -3456.519161 82.049794 1955.439656
v -3533.673458 85.322255 2028.251424
v -3488.708614 94.613759 1936.482381
v -3491.109005 82.141347 1942.376149
v -3529.204708 85.172841 2030.554128
v -3479.528927 82.250722 1958.321675
v -3501.124142 88.652333 1973.988240
v -3507.881954 92.595692 1980.734486
v -3481.234005 76.063466 1939.291966
v -3542.299435 83.219716 2022.533223
v -3489.505978 105.619130 1913.413350
v -3472.924435 72.931874 1939.468312
v -3537.594357 87.122548 2014.043446
v -3560.423458 84.967030 2039.046681
v -3462.574825 71.297108 1928.577138
v -3563.025997 83.558095 2036.213124
v -3563.014767 76.405751 2043.721623
v -3502.801876 98.991444 1964.984334
v -3508.333126 92.613759 1968.557271
v -3547.997189 74.425038 2040.999822
v -3535.570431 80.204823 2018.573140
v -3503.583126 95.568104 1998.737737
v -3503.456173 96.362538 1969.622731
v -3494.477657 92.923329 2002.282369
v -3521.226681 88.450673 2004.694478
v -3503.974728 89.316884 2005.101643
v -3535.925411 89.028065 2015.841756
v -3498.494259 84.317616 1975.276479
v -3523.129025 91.030751 1992.446034
v -3485.208614 101.234120 2016.008946
v -3483.685177 87.804188 1979.582402
v -3457.952755 32.170643 1887.231892
v -3458.575802 29.473134 1889.643971
v -3484.906368 85.574208 1956.241048
v -3462.112423 66.662587 1930.010594
v -3556.240841 69.644276 2043.251912
v -3552.112423 78.335194 2035.487019
v -3527.555782 93.461659 2007.028355
v -3463.234982 49.526356 1901.876637
v -3486.327755 84.080067 1942.627721
v -3468.933712 62.580067 1916.527150
v -3497.793575 101.495351 1949.368214
v -3548.481075 111.346425 2011.997167
v -3479.536739 69.771474 1926.119191
v -3554.450314 64.889149 2055.855077
v -3548.218380 80.033925 2035.119954
v -3459.008419 59.848134 1914.945226
v -3520.446896 111.496571 1976.483083
v -3445.964962 58.907460 1917.782384
v -3531.683712 115.997304 1981.302968
v -3525.114864 119.789052 1972.376866
v -3491.184689 93.047352 1999.270497
v -3514.891232 91.381581 1981.539037
v -3490.574337 94.735097 1993.947957
v -3539.736935 115.997059 1991.411122
v -3488.735470 91.207020 1972.328114
v -3526.943966 107.954091 1981.181416
v -3543.277462 85.552968 2026.045369
v -3495.525509 80.593495 1956.226125
v -3512.726681 92.599110 2006.071736
v -3526.759884 109.722645 1977.250874
v -3492.728146 96.548573 2015.473637
v -3458.053341 103.340565 1984.365132
v -3446.775021 61.046132 1919.496632
v -3482.065060 81.993153 1959.905019
v -3529.018185 81.687245 2021.342015
v -3488.242306 90.596913 1913.714177
v -3456.635861 97.405751 1983.676137
v -3514.373654 102.500722 1982.339101
v -3482.137325 92.453358 1925.001119
v -3556.020626 64.157948 2047.754079
v -3487.265255 92.977040 1918.491170
v -3516.667599 104.369130 1965.690328
v -3461.818966 34.412099 1897.281728
v -3458.952755 69.211903 1926.791890
v -3462.892697 37.049794 1886.060719
v -3544.103146 81.285878 2026.990956
v -3520.065060 88.972157 2017.223256
v -3474.901486 72.632802 1897.592030
v -3545.282833 84.216786 2028.935765
v -3473.329220 63.787099 1903.294637
v -3560.750607 89.897450 2035.838918
v -3521.343868 90.286854 2047.359364
v -3488.900021 88.419911 1919.647954
v -3513.218868 119.121815 1952.563588
v -3507.356075 115.887196 1945.468877
v -3512.640743 92.814198 2043.809453
v -3522.734005 88.594716 1995.388814
v -3563.659298 66.084218 2049.985524
v -3560.288693 55.868886 2058.351460
v -3513.397091 114.023427 1962.240102
v -3560.389767 59.510487 2059.040959
v -3477.691036 74.702382 1942.963002
v -3477.590450 94.505604 1973.546468
v -3508.915646 102.916005 1951.361226
v -3441.428829 71.294179 1930.084370
v -3470.837521 87.395985 1951.123860
v -3476.304318 61.108876 1925.060323
v -3529.086544 119.602284 1981.306752
v -3474.357540 88.071767 1976.872731
v -3503.921993 117.498280 1938.356221
v -3471.714474 64.172352 1927.356801
v -3491.087521 93.018056 1945.619161
v -3556.353634 68.701405 2046.596867
v -3501.583614 98.176991 2033.411244
v -3468.639279 102.011952 1996.964177
v -3538.217404 84.730702 2016.746693
v -3474.008419 67.182606 1897.689137
v -3468.875607 62.846913 1907.438619
v -3531.012814 84.975087 2017.384129
v -3491.371700 87.218251 1963.881307
v -3476.709591 68.409901 1913.550710
v -3486.329708 99.333729 1907.471455
v -3480.809200 88.815175 1903.170842
v -3434.929318 95.815175 1903.315816
v -3440.849239 99.915272 1899.171773
v -3434.024532 94.896962 1902.102925
v -3442.089474 100.254872 1900.721944
v -3348.312130 131.768056 1871.312520
v -3351.844357 132.895009 1872.995137
v -3346.548458 130.522450 1870.935933
v -3349.259884 131.140858 1871.865254
v -3379.128536 123.865224 1889.286153
v -3433.274532 81.226796 1904.038838
v -3402.584103 95.782704 1905.026265
v -3427.496700 73.657948 1920.441182
v -3424.859005 71.160145 1923.202290
v -3423.668087 72.506581 1922.110738
v -3381.238888 107.886464 1915.688619
v -3399.417111 95.096425 1910.183614
v -3410.937130 86.122548 1925.450826
v -3379.026974 115.910878 1918.168599
v -3411.002560 89.866933 1910.556661
v -3404.859005 117.952382 1897.770650
v -3342.044552 122.695058 1902.040669
v -3385.422482 104.867909 1906.525044
v -3367.169552 111.515614 1891.409932
v -3373.058712 115.693837 1903.349995
v -3389.949825 120.181630 1896.928243
v -3414.393185 103.565419 1899.540425
v -3414.021114 105.321767 1906.428731
v -3410.746700 93.446278 1941.612447
v -3387.581173 108.358876 1898.868062
v -3422.124142 84.382558 1931.826192
v -3375.176876 116.927235 1891.455953
v -3362.386837 114.112294 1898.954488
v -3388.485470 110.879872 1902.072652
v -3402.053341 97.826405 1911.793721
v -3444.487911 82.767811 1902.092793
v -3440.816036 40.599599 1910.945943
v -3396.962521 97.019520 1917.177144
v -3420.703243 118.242909 1898.246480
v -3399.147091 96.183583 1923.556783
v -3408.067013 118.061268 1897.277486
v -3360.120724 121.247548 1916.421773
v -3424.206661 94.237782 1907.562520
v -3437.695919 106.174794 1896.002217
v -3385.467404 114.876698 1930.650777
v -3436.023556 110.030263 1898.481221
v -3390.914669 102.541981 1915.712544
v -3433.136837 56.513173 1909.136250
v -3393.810665 116.000233 1893.301534
v -3445.849239 87.843007 1901.408711
v -3405.929806 92.433583 1927.341817
v -3390.018185 109.989491 1933.986958
v -3402.110958 109.048573 1898.739400
v -3375.326290 110.952382 1913.592305
v -3435.245236 60.456776 1923.221822
v -3363.950802 117.944813 1897.720113
v -3355.881466 126.738759 1912.565083
v -3422.692989 85.287831 1909.594869
v -3354.805294 122.932851 1913.963399
v -3404.151974 125.783925 1889.436299
v -3402.135861 132.244862 1889.558370
v -3419.853146 86.562977 1908.649068
v -3377.514279 115.526356 1928.253560
v -3391.278439 132.012929 1884.645528
v -3392.797970 108.563466 1901.700826
v -3448.048458 42.742909 1905.071187
v -3407.644161 88.962636 1916.200093
v -3351.389279 125.475575 1907.654439
v -3388.428829 108.630360 1910.506734
v -3428.116818 114.999745 1898.755879
v -3427.694454 114.152333 1895.812886
v -3405.137814 95.942128 1912.558247
v -3379.086544 134.109608 1883.734273
v -3390.077755 110.634755 1922.840108
v -3367.876583 119.410390 1888.121846
v -3345.338986 126.187489 1904.596700
v -3423.817989 71.092518 1913.881490
v -3358.925900 129.293690 1882.252217
v -3421.671505 114.306386 1894.907124
v -3449.613888 41.704335 1906.820332
v -3428.253536 69.248036 1933.028462
v -3348.797970 122.397206 1898.870503
v -3408.840450 84.834462 1908.553120
v -3355.137325 118.354726 1888.421529
v -3399.643185 105.212880 1904.838521
v -3385.647091 110.279530 1928.855367
v -3415.393185 99.459706 1907.795674
v -3385.020138 111.087880 1926.645528
v -3345.180294 122.863270 1904.651997
v -3430.473263 70.461415 1933.611714
v -3352.067013 122.650868 1909.874410
v -3419.829708 83.479970 1939.877583
v -3341.118771 126.998524 1899.670064
v -3413.535275 94.181142 1940.973164
v -3338.506466 122.558339 1898.457906
v -3424.082150 82.703847 1935.810811
v -3366.463497 134.169179 1876.808736
v -3358.826779 134.030507 1875.242085
v -3424.623654 74.625966 1912.161641
v -3379.161739 106.224599 1898.285420
v -3402.921505 101.773671 1939.105611
v -3397.724728 103.429433 1934.174703
v -3364.942013 115.429677 1907.666280
v -3409.514279 96.466542 1924.619771
v -3421.662716 80.349599 1939.927998
v -3427.006466 73.031972 1935.480245
v -3352.350216 132.885976 1874.735738
v -3379.459591 122.236561 1894.324727
v -3346.174435 122.591298 1877.306172
v -3376.735470 114.323720 1905.750020
v -3347.635861 116.067616 1882.592793
v -3382.189083 109.614979 1901.842305
v -3334.340450 122.020497 1893.702046
v -3448.563107 68.730702 1905.640279
v -3356.587521 118.334462 1892.798238
v -3399.001583 103.823231 1923.839986
v -3348.334591 123.222157 1908.638936
v -3365.373654 124.232655 1921.039937
v -3362.388302 124.137929 1916.967793
v -3323.686154 112.638905 1867.991475
v -3446.174923 74.513173 1905.653829
v -3436.408810 66.333485 1907.680684
v -3370.655880 136.266347 1878.477803
v -3409.236447 126.780995 1890.182515
v -3428.696896 98.281483 1899.682637
v -3355.082150 121.968251 1886.376851
v -3413.716427 91.670155 1923.784688
v -3409.465939 87.066151 1915.545064
v -3357.370724 123.623768 1883.958760
v -3412.402950 96.232899 1904.608174
v -3393.603634 103.749989 1905.838277
v -3387.293575 108.034169 1906.247945
v -3416.609493 83.751454 1911.461568
v -3350.887814 116.851796 1890.522115
v -3420.932247 87.054677 1940.638692
v -3421.915157 83.346181 1907.614400
v -3356.885861 115.829091 1895.296773
v -3333.841427 122.689442 1888.157124
v -3432.049435 78.983632 1909.377950
v -3332.859005 120.203114 1889.581075
v -3330.099728 119.676015 1882.447774
v -3395.916622 105.112538 1915.690572
v -3390.686642 102.363270 1912.370503
v -3340.862911 119.593983 1878.758077
v -3356.396114 114.364979 1889.195332
v -3384.918575 118.642567 1897.650777
v -3393.890743 105.684559 1912.323140
v -3389.769650 120.181630 1892.164082
v -3370.791134 114.742421 1896.090840
v -3382.297970 118.029530 1891.623067
v -3357.590450 117.973866 1894.874287
v -3394.680294 102.324696 1902.407979
v -3373.407345 110.247548 1903.873433
v -3392.390255 132.550038 1886.886495
v -3403.545040 108.499745 1897.943623
v -3445.018673 38.803456 1909.669331
v -3443.684200 38.316151 1907.355855
v -3409.654415 96.312001 1908.688374
v -3431.608029 77.129628 1906.320577
v -3334.323849 116.715321 1877.591573
v -3340.042599 118.610097 1884.466206
v -3366.180294 117.653554 1899.068135
v -3438.218868 54.433339 1912.235616
v -3412.729122 88.988515 1915.054463
v -3430.844357 67.603017 1912.845479
v -3404.184200 100.070546 1923.217183
v -3351.860470 126.746327 1910.896382
v -3421.314083 74.427968 1914.459370
v -3331.376583 120.143788 1868.620015
v -3342.881466 119.978505 1884.405660
v -3437.794552 66.855214 1909.616719
v -3381.447872 114.711903 1920.830953
v -3445.617794 69.616200 1904.227681
v -3372.755978 117.739979 1923.672505
v -3380.129025 116.736561 1928.102437
v -3392.900509 119.362050 1892.811787
v -3382.265255 106.665028 1907.171895
v -3395.040157 117.942860 1896.075581
v -3364.288204 121.177724 1920.885152
v -3402.590939 106.288563 1904.518819
v -3375.422482 113.916249 1918.581563
v -3349.325802 119.623768 1890.180440
v -3402.196407 91.916737 1909.186177
v -3376.358029 118.979970 1895.098409
v -3376.859005 113.119130 1921.314961
v -3387.189083 128.549306 1886.940328
v -3420.347775 123.257313 1896.095357
v -3444.700802 71.476308 1904.631856
v -3410.204220 96.434315 1904.393819
v -3360.052853 117.461903 1886.766133
v -3420.661739 79.005849 1932.931050
v -3421.102169 119.844227 1893.198384
v -3383.130001 113.314442 1911.979146
v -3421.459591 86.169423 1926.611836
v -3332.730587 115.763661 1872.680806
v -3420.030880 82.683339 1931.458760
v -3386.769650 106.334462 1921.691060
v -3439.529415 44.099354 1906.851094
v -3434.878048 77.547108 1908.271138
v -3442.394161 40.236073 1913.930928
v -3348.193478 117.554188 1887.889546
v -3367.804806 120.984608 1889.861836
v -3433.273068 63.577626 1928.611592
v -3347.012325 119.906483 1888.660909
v -3431.992794 61.510487 1921.129414
v -3334.932247 123.911366 1892.192769
v -3357.894650 135.414540 1876.012837
v -3418.271603 80.426747 1929.144185
v -3394.073361 109.035878 1934.300557
v -3399.936642 104.850575 1934.645772
v -3364.982052 136.507802 1876.610860
v -3372.612911 110.304921 1901.147725
v -3327.062130 116.708241 1874.582051
v -3326.086544 115.377675 1864.643575
v -3390.669552 110.625233 1927.138692
v -3326.058224 117.711659 1866.081197
v -3417.778927 85.221913 1908.039693
v -3409.921993 110.379872 1902.478413
v -3396.216915 100.094960 1925.938619
v -3445.775021 82.883534 1902.893941
v -3420.767697 97.103017 1908.261861
v -3423.211544 69.597890 1909.941304
v -3374.743282 120.146474 1924.697163
v -3410.641720 108.814686 1896.873067
v -3404.507931 102.991444 1937.987080
v -3425.802364 73.061268 1909.037007
v -3409.239864 94.630849 1919.168721
v -3333.169064 117.713856 1875.523335
v -3375.919064 136.383046 1881.301167
v -3409.334591 126.718007 1892.132100
v -3355.484493 115.646229 1892.986836
v -3433.469845 60.717763 1925.703023
v -3433.658810 63.571522 1917.429707
v -3360.140255 117.168934 1890.834615
v -3403.112911 99.770253 1907.474263
v -3426.930294 68.303700 1919.221700
v -3424.435177 81.291493 1939.680440
v -3428.724239 74.279286 1935.244649
vt 0.086984 0.156671
vt 0.195595 0.410291
vt 0.082186 0.153939
vt 0.086179 0.160343
vt 0.236892 0.406715
vt 0.062460 0.129154
vt 0.101702 0.158115
vt 0.094373 0.163279
vt 0.091082 0.120146
vt 0.039288 0.433558
vt 0.032486 0.446214
vt 0.033314 0.451996
vt 0.249155 0.105228
vt 0.242691 0.112966
vt 0.086361 0.427321
vt 0.059066 0.458155
vt 0.238084 0.416611
vt 0.066434 0.361776
vt 0.051846 0.105921
vt 0.083892 0.111101
vt 0.284006 0.192112
vt 0.093851 0.363574
vt 0.073607 0.420463
vt 0.294494 0.121119
vt 0.291755 0.152355
vt 0.170181 0.098229
vt 0.176489 0.125866
vt 0.136412 0.109955
vt 0.159212 0.145983
vt 0.114825 0.169106
vt 0.114271 0.124041
vt 0.241732 0.452413
vt 0.271277 0.419214
vt 0.266687 0.471687
vt 0.211126 0.159914
vt 0.321314 0.362732
vt 0.158762 0.173846
vt 0.085408 0.474676
vt 0.309693 0.141744
vt 0.095528 0.165875
vt 0.298755 0.353925
vt 0.259536 0.414149
vt 0.284075 0.419383
vt 0.305880 0.426930
vt 0.290931 0.408547
vt 0.338092 0.385595
vt 0.187712 0.122049
vt 0.353409 0.318688
vt 0.145867 0.199225
vt 0.313570 0.323412
vt 0.121542 0.198963
vt 0.334603 0.346846
vt 0.132876 0.239795
vt 0.124130 0.280682
vt 0.318674 0.222411
vt 0.334331 0.251018
vt 0.153510 0.275426
vt 0.113587 0.245021
vt 0.107559 0.219577
vt 0.291211 0.309936
vt 0.257762 0.200123
vt 0.094542 0.340710
vt 0.096404 0.359223
vt 0.335855 0.230286
vt 0.140858 0.311860
vt 0.333603 0.209113
vt 0.154175 0.340463
vt 0.169814 0.343617
vt 0.112493 0.332009
vt 0.136171 0.315334
vt 0.137636 0.293815
vt 0.357722 0.236574
vt 0.343937 0.236194
vt 0.132012 0.307526
vt 0.322059 0.311390
vt 0.143987 0.356975
vt 0.169177 0.364796
vt 0.190813 0.388893
vt 0.224004 0.173306
vt 0.112473 0.376012
vt 0.080702 0.419072
vt 0.112319 0.413166
vt 0.280274 0.161837
vt 0.295714 0.273977
vt 0.093549 0.259113
vt 0.069731 0.268913
vt 0.048040 0.253991
vt 0.265216 0.294537
vt 0.074315 0.242523
vt 0.039657 0.219018
vt 0.264092 0.322191
vt 0.264221 0.323471
vt 0.087601 0.217102
vt 0.226619 0.369101
vt 0.186640 0.111879
vt 0.337994 0.431425
vt 0.277718 0.221127
vt 0.295475 0.240842
vt 0.102425 0.313652
vt 0.195024 0.126118
vt 0.342076 0.425197
vt 0.203381 0.156518
vt 0.275963 0.165406
vt 0.306238 0.173494
vt 0.333582 0.166281
vt 0.323560 0.145616
vt 0.124316 0.418819
vt 0.165563 0.437592
vt 0.180961 0.392192
vt 0.134660 0.383841
vt 0.105905 0.293578
vt 0.265748 0.270827
vt 0.148766 0.275130
vt 0.343323 0.248911
vt 0.054389 0.104937
vt 0.111553 0.090646
vt 0.083137 0.077781
vt 0.254626 0.535445
vt 0.107658 0.068808
vt 0.098792 0.016964
vt 0.127402 0.071919
vt 0.125030 0.072729
vt 0.128989 0.072557
vt 0.166660 0.238926
vt 0.369438 0.304155
vt 0.189703 0.259595
vt 0.204693 0.241964
vt 0.263354 0.311960
vt 0.015862 0.257987
vt 0.152549 0.215381
vt 0.133038 0.225714
vt 0.020580 0.254834
vt 0.025988 0.224142
vt 0.243549 0.314954
vt 0.179154 0.345112
vt 0.174290 0.336434
vt 0.095604 0.189125
vt 0.092705 0.205426
vt 0.058697 0.176991
vt 0.096872 0.174241
vt 0.199026 0.379217
vt 0.264656 0.372862
vt 0.156557 0.276410
vt 0.359962 0.262838
vt 0.189377 0.294150
vt 0.169399 0.300946
vt 0.079566 0.164201
vt 0.050595 0.176624
vt 0.152904 0.273669
vt 0.343743 0.304538
vt 0.209189 0.252071
vt 0.393873 0.269884
vt 0.201637 0.264112
vt 0.282164 0.528859
vt 0.257907 0.528891
vt 0.081316 0.298723
vt 0.055468 0.286709
vt 0.343391 0.338301
vt 0.162717 0.210955
vt 0.279639 0.242869
vt 0.071106 0.270190
vt 0.267813 0.264977
vt 0.343227 0.237002
vt 0.158658 0.089062
vt 0.302783 0.461821
vt 0.163475 0.422926
vt 0.130906 0.394846
vt 0.088667 0.389391
vt 0.376165 0.142281
vt 0.182393 0.400733
vt 0.045872 0.312069
vt 0.040463 0.317357
vt 0.198324 0.296396
vt 0.343417 0.259775
vt 0.273088 0.237163
vt 0.271505 0.517816
vt 0.270293 0.539438
vt 0.165826 0.443472
vt 0.256613 0.214219
vt 0.283067 0.204718
vt 0.152254 0.260856
vt 0.228525 0.161831
vt 0.359665 0.113661
vt 0.278155 0.163566
vt 0.266323 0.315891
vt 0.322936 0.452156
vt 0.322182 0.140324
vt 0.321068 0.130451
vt 0.133588 0.449180
vt 0.084958 0.464431
vt 0.067118 0.472536
vt 0.101305 0.429593
vt 0.134451 0.470257
vt 0.102405 0.267116
vt 0.192385 0.134691
vt 0.318599 0.119287
vt 0.107088 0.451036
vt 0.106804 0.451081
vt 0.069248 0.419780
vt 0.272668 0.162427
vt 0.156208 0.202375
vt 0.150337 0.204231
vt 0.154238 0.210541
vt 0.332176 0.201495
vt 0.151833 0.206697
vt 0.058440 0.086472
vt 0.117543 0.424511
vt 0.354066 0.224439
vt 0.288132 0.069271
vt 0.066135 0.503982
vt 0.078663 0.500068
vt 0.082811 0.077904
vt 0.238963 0.458127
vt 0.224265 0.461969
vt 0.136080 0.185572
vt 0.106121 0.451049
vt 0.110818 0.488466
vt 0.099677 0.450126
vt 0.172304 0.135239
vt 0.105330 0.486485
vt 0.095799 0.487165
vt 0.093520 0.495260
vt 0.060060 0.501246
vt 0.038254 0.509173
vt 0.080033 0.333029
vt 0.290286 0.532000
vt 0.134067 0.074816
vt 0.057577 0.518851
vt 0.191692 0.317725
vt 0.190622 0.309611
vt 0.045876 0.542138
vt 0.276005 0.038229
vt 0.270575 0.041824
vt 0.296551 0.461835
vt 0.307503 0.467273
vt 0.258169 0.199499
vt 0.071112 0.377409
vt 0.335229 0.346186
vt 0.148551 0.201527
vt 0.095710 0.165982
vt 0.270355 0.367973
vt 0.271581 0.061865
vt 0.034558 0.529476
vt 0.033465 0.537969
vt 0.300521 0.054413
vt 0.298557 0.081015
vt 0.288160 0.035201
vt 0.166550 0.351133
vt 0.356941 0.180502
vt 0.403528 0.286059
vt 0.402539 0.297343
vt 0.334044 0.416387
vt 0.299179 0.461867
vt 0.151562 0.072658
vt 0.307533 0.131175
vt 0.307787 0.131551
vt 0.182773 0.131028
vt 0.344928 0.432390
vt 0.024754 0.212760
vt 0.263947 0.320579
vt 0.162654 0.317855
vt 0.181883 0.337129
vt 0.136683 0.305088
vt 0.344974 0.239853
vt 0.177616 0.278526
vt 0.373376 0.249496
vt 0.377535 0.233144
vt 0.081459 0.078425
vt 0.081876 0.078262
vt 0.230329 0.478781
vt 0.173491 0.313939
vt 0.309931 0.089015
vt 0.303344 0.110954
vt 0.096315 0.009676
vt 0.109117 0.019810
vt 0.266230 0.276588
vt 0.265246 0.273134
vt 0.075644 0.309044
vt 0.239486 0.232248
vt 0.176253 0.345325
vt 0.062387 0.345865
vt 0.271945 0.227292
vt 0.284406 0.238853
vt 0.126781 0.424323
vt 0.125021 0.424640
vt 0.274753 0.110462
vt 0.343514 0.274782
vt 0.350709 0.278342
vt 0.343620 0.269979
vt 0.343582 0.266463
vt 0.311331 0.094966
vt 0.320161 0.100703
vt 0.258438 0.378671
vt 0.365027 0.426975
vt 0.259076 0.328585
vt 0.089370 0.222825
vt 0.146684 0.191974
vt 0.325301 0.355651
vt 0.087623 0.388076
vt 0.215049 0.461131
vt 0.201236 0.438797
vt 0.061580 0.078168
vt 0.228588 0.489041
vt 0.360665 0.208365
vt 0.174900 0.424727
vt 0.347518 0.107664
vt 0.371466 0.316912
vt 0.332380 0.320424
vt 0.310266 0.124908
vt 0.253372 0.097551
vt 0.277758 0.150137
vt 0.033857 0.433488
vt 0.374300 0.362762
vt 0.381842 0.346006
vt 0.066036 0.361163
vt 0.072445 0.420663
vt 0.053717 0.416259
vt 0.276249 0.165160
vt 0.144753 0.471137
vt 0.129890 0.482476
vt 0.385540 0.401750
vt 0.143288 0.394934
vt 0.181312 0.406334
vt 0.264148 0.322763
vt 0.084021 0.223903
vt 0.201324 0.271444
vt 0.265467 0.272091
vt 0.070876 0.270213
vt 0.142829 0.238326
vt 0.135995 0.236777
vt 0.321375 0.131277
vt 0.306024 0.433097
vt 0.082491 0.020672
vt 0.088451 0.389121
vt 0.187393 0.373836
vt 0.184766 0.347425
vt 0.096636 0.312302
vt 0.205616 0.394456
vt 0.251399 0.263928
vt 0.383658 0.153175
vt 0.148518 0.316754
vt 0.164369 0.227975
vt 0.083957 0.159617
vt 0.229958 0.312749
vt 0.223529 0.280242
vt 0.344424 0.237860
vt 0.338690 0.367304
vt 0.081087 0.118897
vt 0.237642 0.416244
vt 0.236182 0.415011
vt 0.248196 0.101734
vt 0.082006 0.157960
vt 0.294791 0.436758
vt 0.180575 0.115440
vt 0.168333 0.103762
vt 0.163858 0.087483
vt 0.149285 0.102802
vt 0.349357 0.443985
vt 0.324963 0.454374
vt 0.184175 0.122395
vt 0.086984 0.156671
vt 0.082006 0.157960
vt 0.082186 0.153939
vt 0.195595 0.410291
vt 0.205616 0.394456
vt 0.236892 0.406715
vt 0.236182 0.415011
vt 0.086179 0.160343
vt 0.101702 0.158115
vt 0.258438 0.378671
vt 0.091082 0.120146
vt 0.248196 0.101734
vt 0.249155 0.105228
vt 0.242691 0.112966
vt 0.039288 0.433558
vt 0.086361 0.427321
vt 0.032486 0.446214
vt 0.253372 0.097551
vt 0.033314 0.451996
vt 0.274753 0.110462
vt 0.238084 0.416611
vt 0.237642 0.416244
vt 0.081087 0.118897
vt 0.051846 0.105921
vt 0.083892 0.111101
vt 0.277758 0.150137
vt 0.294494 0.121119
vt 0.291755 0.152355
vt 0.159212 0.145983
vt 0.114825 0.169106
vt 0.114271 0.124041
vt 0.241732 0.452413
vt 0.271277 0.419214
vt 0.266687 0.471687
vt 0.211126 0.159914
vt 0.146684 0.191974
vt 0.158762 0.173846
vt 0.303344 0.110954
vt 0.309693 0.141744
vt 0.270355 0.367973
vt 0.298755 0.353925
vt 0.259536 0.414149
vt 0.321314 0.362732
vt 0.290931 0.408547
vt 0.338092 0.385595
vt 0.334044 0.416387
vt 0.353409 0.318688
vt 0.325301 0.355651
vt 0.313570 0.323412
vt 0.338690 0.367304
vt 0.334603 0.346846
vt 0.132876 0.239795
vt 0.124130 0.280682
vt 0.121542 0.198963
vt 0.318674 0.222411
vt 0.334331 0.251018
vt 0.343514 0.274782
vt 0.113587 0.245021
vt 0.107559 0.219577
vt 0.291211 0.309936
vt 0.066036 0.361163
vt 0.094542 0.340710
vt 0.096404 0.359223
vt 0.335855 0.230286
vt 0.344974 0.239853
vt 0.176253 0.345325
vt 0.154175 0.340463
vt 0.169814 0.343617
vt 0.112493 0.332009
vt 0.136171 0.315334
vt 0.137636 0.293815
vt 0.173491 0.313939
vt 0.136683 0.305088
vt 0.343937 0.236194
vt 0.344424 0.237860
vt 0.322059 0.311390
vt 0.143987 0.356975
vt 0.169177 0.364796
vt 0.190813 0.388893
vt 0.071112 0.377409
vt 0.093851 0.363574
vt 0.112473 0.376012
vt 0.073607 0.420463
vt 0.080702 0.419072
vt 0.112319 0.413166
vt 0.280274 0.161837
vt 0.295714 0.273977
vt 0.093549 0.259113
vt 0.069731 0.268913
vt 0.048040 0.253991
vt 0.266230 0.276588
vt 0.265216 0.294537
vt 0.074315 0.242523
vt 0.039657 0.219018
vt 0.084021 0.223903
vt 0.264221 0.323471
vt 0.264092 0.322191
vt 0.263947 0.320579
vt 0.259076 0.328585
vt 0.226619 0.369101
vt 0.385540 0.401750
vt 0.277718 0.221127
vt 0.295475 0.240842
vt 0.284406 0.238853
vt 0.365027 0.426975
vt 0.342076 0.425197
vt 0.203381 0.156518
vt 0.275963 0.165406
vt 0.306238 0.173494
vt 0.333582 0.166281
vt 0.126781 0.424323
vt 0.124316 0.418819
vt 0.165563 0.437592
vt 0.180961 0.392192
vt 0.134660 0.383841
vt 0.105905 0.293578
vt 0.070876 0.270213
vt 0.148766 0.275130
vt 0.343323 0.248911
vt 0.054389 0.104937
vt 0.111553 0.090646
vt 0.083137 0.077781
vt 0.082491 0.020672
vt 0.107658 0.068808
vt 0.098792 0.016964
vt 0.127402 0.071919
vt 0.125030 0.072729
vt 0.296551 0.461835
vt 0.371466 0.316912
vt 0.369438 0.304155
vt 0.189703 0.259595
vt 0.166660 0.238926
vt 0.204693 0.241964
vt 0.263354 0.311960
vt 0.223529 0.280242
vt 0.135995 0.236777
vt 0.152549 0.215381
vt 0.164369 0.227975
vt 0.148551 0.201527
vt 0.133038 0.225714
vt 0.020580 0.254834
vt 0.025988 0.224142
vt 0.229958 0.312749
vt 0.243549 0.314954
vt 0.333603 0.209113
vt 0.360665 0.208365
vt 0.148518 0.316754
vt 0.174290 0.336434
vt 0.095604 0.189125
vt 0.092705 0.205426
vt 0.087601 0.217102
vt 0.058697 0.176991
vt 0.096872 0.174241
vt 0.083957 0.159617
vt 0.095710 0.165982
vt 0.156557 0.276410
vt 0.177616 0.278526
vt 0.189377 0.294150
vt 0.169399 0.300946
vt 0.079566 0.164201
vt 0.184766 0.347425
vt 0.350709 0.278342
vt 0.343743 0.304538
vt 0.209189 0.252071
vt 0.201324 0.271444
vt 0.201637 0.264112
vt 0.307503 0.467273
vt 0.282164 0.528859
vt 0.257907 0.528891
vt 0.081316 0.298723
vt 0.055468 0.286709
vt 0.062460 0.129154
vt 0.343391 0.338301
vt 0.162717 0.210955
vt 0.393873 0.269884
vt 0.403528 0.286059
vt 0.402539 0.297343
vt 0.279639 0.242869
vt 0.265246 0.273134
vt 0.265748 0.270827
vt 0.267813 0.264977
vt 0.343227 0.237002
vt 0.162654 0.317855
vt 0.158658 0.089062
vt 0.151562 0.072658
vt 0.163475 0.422926
vt 0.130906 0.394846
vt 0.088667 0.389391
vt 0.181312 0.406334
vt 0.182393 0.400733
vt 0.383658 0.153175
vt 0.356941 0.180502
vt 0.045872 0.312069
vt 0.251399 0.263928
vt 0.239486 0.232248
vt 0.094373 0.163279
vt 0.357722 0.236574
vt 0.373376 0.249496
vt 0.343417 0.259775
vt 0.075644 0.309044
vt 0.102425 0.313652
vt 0.096636 0.312302
vt 0.271505 0.517816
vt 0.270293 0.539438
vt 0.143288 0.394934
vt 0.323560 0.145616
vt 0.347518 0.107664
vt 0.199026 0.379217
vt 0.187393 0.373836
vt 0.050595 0.176624
vt 0.062387 0.345865
vt 0.284006 0.192112
vt 0.283067 0.204718
vt 0.258169 0.199499
vt 0.152254 0.260856
vt 0.228525 0.161831
vt 0.088451 0.389121
vt 0.087623 0.388076
vt 0.174900 0.424727
vt 0.276249 0.165160
vt 0.278155 0.163566
vt 0.266323 0.315891
vt 0.254626 0.535445
vt 0.228588 0.489041
vt 0.322182 0.140324
vt 0.321068 0.130451
vt 0.321375 0.131277
vt 0.084958 0.464431
vt 0.067118 0.472536
vt 0.101305 0.429593
vt 0.142829 0.238326
vt 0.134451 0.470257
vt 0.133588 0.449180
vt 0.102405 0.267116
vt 0.265467 0.272091
vt 0.152904 0.273669
vt 0.264148 0.322763
vt 0.343582 0.266463
vt 0.165826 0.443472
vt 0.136412 0.109955
vt 0.376165 0.142281
vt 0.192385 0.134691
vt 0.144753 0.471137
vt 0.129890 0.482476
vt 0.107088 0.451036
vt 0.307787 0.131551
vt 0.184175 0.122395
vt 0.182773 0.131028
vt 0.176489 0.125866
vt 0.069248 0.419780
vt 0.053717 0.416259
vt 0.072445 0.420663
vt 0.066434 0.361776
vt 0.257762 0.200123
vt 0.374300 0.362762
vt 0.335229 0.346186
vt 0.381842 0.346006
vt 0.154238 0.210541
vt 0.332176 0.201495
vt 0.151833 0.206697
vt 0.156208 0.202375
vt 0.033857 0.433488
vt 0.059066 0.458155
vt 0.166550 0.351133
vt 0.318599 0.119287
vt 0.310266 0.124908
vt 0.058440 0.086472
vt 0.201236 0.438797
vt 0.117543 0.424511
vt 0.125021 0.424640
vt 0.332380 0.320424
vt 0.359665 0.113661
vt 0.181883 0.337129
vt 0.179154 0.345112
vt 0.288132 0.069271
vt 0.298557 0.081015
vt 0.309931 0.089015
vt 0.230329 0.478781
vt 0.082811 0.077904
vt 0.081459 0.078425
vt 0.061580 0.078168
vt 0.224265 0.461969
vt 0.215049 0.461131
vt 0.015862 0.257987
vt 0.136080 0.185572
vt 0.145867 0.199225
vt 0.089370 0.222825
vt 0.132012 0.307526
vt 0.307533 0.131175
vt 0.106121 0.451049
vt 0.110818 0.488466
vt 0.099677 0.450126
vt 0.195024 0.126118
vt 0.172304 0.135239
vt 0.095528 0.165875
vt 0.105330 0.486485
vt 0.095799 0.487165
vt 0.311331 0.094966
vt 0.320161 0.100703
vt 0.093520 0.495260
vt 0.085408 0.474676
vt 0.343620 0.269979
vt 0.153510 0.275426
vt 0.078663 0.500068
vt 0.060060 0.501246
vt 0.038254 0.509173
vt 0.080033 0.333029
vt 0.271945 0.227292
vt 0.256613 0.214219
vt 0.040463 0.317357
vt 0.071106 0.270190
vt 0.109117 0.019810
vt 0.096315 0.009676
vt 0.134067 0.074816
vt 0.284075 0.419383
vt 0.271581 0.061865
vt 0.057577 0.518851
vt 0.191692 0.317725
vt 0.081876 0.078262
vt 0.377535 0.233144
vt 0.190622 0.309611
vt 0.198324 0.296396
vt 0.273088 0.237163
vt 0.140858 0.311860
vt 0.354066 0.224439
vt 0.024754 0.212760
vt 0.238963 0.458127
vt 0.337994 0.431425
vt 0.349357 0.443985
vt 0.305880 0.426930
vt 0.288160 0.035201
vt 0.276005 0.038229
vt 0.344928 0.432390
vt 0.359962 0.262838
vt 0.290286 0.532000
vt 0.106804 0.451081
vt 0.163858 0.087483
vt 0.299179 0.461867
vt 0.302783 0.461821
vt 0.322936 0.452156
vt 0.187712 0.122049
vt 0.272668 0.162427
vt 0.300521 0.054413
vt 0.034558 0.529476
vt 0.045876 0.542138
vt 0.033465 0.537969
vt 0.270575 0.041824
vt 0.264656 0.372862
vt 0.294791 0.436758
vt 0.150337 0.204231
vt 0.066135 0.503982
vt 0.224004 0.173306
vt 0.128989 0.072557
vt 0.324963 0.454374
vt 0.306024 0.433097
vt 0.149285 0.102802
vt 0.186640 0.111879
vt 0.180575 0.115440
vt 0.168333 0.103762
vt 0.170181 0.098229
vt 0.086984 0.156671
vt 0.082006 0.157960
vt 0.082186 0.153939
vt 0.195595 0.410291
vt 0.205616 0.394456
vt 0.236892 0.406715
vt 0.236182 0.415011
vt 0.086179 0.160343
vt 0.101702 0.158115
vt 0.258438 0.378671
vt 0.091082 0.120146
vt 0.248196 0.101734
vt 0.249155 0.105228
vt 0.242691 0.112966
vt 0.039288 0.433558
vt 0.086361 0.427321
vt 0.032486 0.446214
vt 0.253372 0.097551
vt 0.033314 0.451996
vt 0.274753 0.110462
vt 0.238084 0.416611
vt 0.237642 0.416244
vt 0.081087 0.118897
vt 0.051846 0.105921
vt 0.083892 0.111101
vt 0.277758 0.150137
vt 0.294494 0.121119
vt 0.291755 0.152355
vt 0.159212 0.145983
vt 0.114825 0.169106
vt 0.114271 0.124041
vt 0.241732 0.452413
vt 0.271277 0.419214
vt 0.266687 0.471687
vt 0.211126 0.159914
vt 0.146684 0.191974
vt 0.158762 0.173846
vt 0.303344 0.110954
vt 0.309693 0.141744
vt 0.270355 0.367973
vt 0.298755 0.353925
vt 0.259536 0.414149
vt 0.321314 0.362732
vt 0.290931 0.408547
vt 0.338092 0.385595
vt 0.334044 0.416387
vt 0.353409 0.318688
vt 0.325301 0.355651
vt 0.313570 0.323412
vt 0.338690 0.367304
vt 0.334603 0.346846
vt 0.132876 0.239795
vt 0.124130 0.280682
vt 0.121542 0.198963
vt 0.318674 0.222411
vt 0.334331 0.251018
vt 0.343514 0.274782
vt 0.113587 0.245021
vt 0.107559 0.219577
vt 0.291211 0.309936
vt 0.066036 0.361163
vt 0.094542 0.340710
vt 0.096404 0.359223
vt 0.335855 0.230286
vt 0.344974 0.239853
vt 0.176253 0.345325
vt 0.154175 0.340463
vt 0.169814 0.343617
vt 0.112493 0.332009
vt 0.136171 0.315334
vt 0.137636 0.293815
vt 0.173491 0.313939
vt 0.136683 0.305088
vt 0.343937 0.236194
vt 0.344424 0.237860
vt 0.322059 0.311390
vt 0.143987 0.356975
vt 0.169177 0.364796
vt 0.190813 0.388893
vt 0.071112 0.377409
vt 0.093851 0.363574
vt 0.112473 0.376012
vt 0.073607 0.420463
vt 0.080702 0.419072
vt 0.112319 0.413166
vt 0.280274 0.161837
vt 0.295714 0.273977
vt 0.093549 0.259113
vt 0.069731 0.268913
vt 0.048040 0.253991
vt 0.266230 0.276588
vt 0.265216 0.294537
vt 0.074315 0.242523
vt 0.039657 0.219018
vt 0.084021 0.223903
vt 0.264221 0.323471
vt 0.264092 0.322191
vt 0.263947 0.320579
vt 0.259076 0.328585
vt 0.226619 0.369101
vt 0.385540 0.401750
vt 0.277718 0.221127
vt 0.295475 0.240842
vt 0.284406 0.238853
vt 0.365027 0.426975
vt 0.342076 0.425197
vt 0.203381 0.156518
vt 0.275963 0.165406
vt 0.306238 0.173494
vt 0.333582 0.166281
vt 0.126781 0.424323
vt 0.124316 0.418819
vt 0.165563 0.437592
vt 0.180961 0.392192
vt 0.134660 0.383841
vt 0.105905 0.293578
vt 0.070876 0.270213
vt 0.148766 0.275130
vt 0.343323 0.248911
vt 0.054389 0.104937
vt 0.111553 0.090646
vt 0.083137 0.077781
vt 0.082491 0.020672
vt 0.107658 0.068808
vt 0.098792 0.016964
vt 0.127402 0.071919
vt 0.125030 0.072729
vt 0.296551 0.461835
vt 0.371466 0.316912
vt 0.369438 0.304155
vt 0.189703 0.259595
vt 0.166660 0.238926
vt 0.204693 0.241964
vt 0.263354 0.311960
vt 0.223529 0.280242
vt 0.135995 0.236777
vt 0.152549 0.215381
vt 0.164369 0.227975
vt 0.148551 0.201527
vt 0.133038 0.225714
vt 0.020580 0.254834
vt 0.025988 0.224142
vt 0.229958 0.312749
vt 0.243549 0.314954
vt 0.333603 0.209113
vt 0.360665 0.208365
vt 0.148518 0.316754
vt 0.174290 0.336434
vt 0.095604 0.189125
vt 0.092705 0.205426
vt 0.087601 0.217102
vt 0.058697 0.176991
vt 0.096872 0.174241
vt 0.083957 0.159617
vt 0.095710 0.165982
vt 0.156557 0.276410
vt 0.177616 0.278526
vt 0.189377 0.294150
vt 0.169399 0.300946
vt 0.079566 0.164201
vt 0.184766 0.347425
vt 0.350709 0.278342
vt 0.343743 0.304538
vt 0.209189 0.252071
vt 0.201324 0.271444
vt 0.201637 0.264112
vt 0.307503 0.467273
vt 0.282164 0.528859
vt 0.257907 0.528891
vt 0.081316 0.298723
vt 0.055468 0.286709
vt 0.062460 0.129154
vt 0.343391 0.338301
vt 0.162717 0.210955
vt 0.393873 0.269884
vt 0.403528 0.286059
vt 0.402539 0.297343
vt 0.279639 0.242869
vt 0.265246 0.273134
vt 0.265748 0.270827
vt 0.267813 0.264977
vt 0.343227 0.237002
vt 0.162654 0.317855
vt 0.158658 0.089062
vt 0.151562 0.072658
vt 0.163475 0.422926
vt 0.130906 0.394846
vt 0.088667 0.389391
vt 0.181312 0.406334
vt 0.182393 0.400733
vt 0.383658 0.153175
vt 0.356941 0.180502
vt 0.045872 0.312069
vt 0.251399 0.263928
vt 0.239486 0.232248
vt 0.094373 0.163279
vt 0.357722 0.236574
vt 0.373376 0.249496
vt 0.343417 0.259775
vt 0.075644 0.309044
vt 0.102425 0.313652
vt 0.096636 0.312302
vt 0.271505 0.517816
vt 0.270293 0.539438
vt 0.143288 0.394934
vt 0.323560 0.145616
vt 0.347518 0.107664
vt 0.199026 0.379217
vt 0.187393 0.373836
vt 0.050595 0.176624
vt 0.062387 0.345865
vt 0.284006 0.192112
vt 0.283067 0.204718
vt 0.258169 0.199499
vt 0.152254 0.260856
vt 0.228525 0.161831
vt 0.088451 0.389121
vt 0.087623 0.388076
vt 0.174900 0.424727
vt 0.276249 0.165160
vt 0.278155 0.163566
vt 0.266323 0.315891
vt 0.254626 0.535445
vt 0.228588 0.489041
vt 0.322182 0.140324
vt 0.321068 0.130451
vt 0.321375 0.131277
vt 0.084958 0.464431
vt 0.067118 0.472536
vt 0.101305 0.429593
vt 0.142829 0.238326
vt 0.134451 0.470257
vt 0.133588 0.449180
vt 0.102405 0.267116
vt 0.265467 0.272091
vt 0.152904 0.273669
vt 0.264148 0.322763
vt 0.343582 0.266463
vt 0.165826 0.443472
vt 0.136412 0.109955
vt 0.376165 0.142281
vt 0.192385 0.134691
vt 0.144753 0.471137
vt 0.129890 0.482476
vt 0.107088 0.451036
vt 0.307787 0.131551
vt 0.184175 0.122395
vt 0.182773 0.131028
vt 0.176489 0.125866
vt 0.069248 0.419780
vt 0.053717 0.416259
vt 0.072445 0.420663
vt 0.066434 0.361776
vt 0.257762 0.200123
vt 0.374300 0.362762
vt 0.335229 0.346186
vt 0.381842 0.346006
vt 0.154238 0.210541
vt 0.332176 0.201495
vt 0.151833 0.206697
vt 0.156208 0.202375
vt 0.033857 0.433488
vt 0.059066 0.458155
vt 0.166550 0.351133
vt 0.318599 0.119287
vt 0.310266 0.124908
vt 0.058440 0.086472
vt 0.201236 0.438797
vt 0.117543 0.424511
vt 0.125021 0.424640
vt 0.332380 0.320424
vt 0.359665 0.113661
vt 0.181883 0.337129
vt 0.179154 0.345112
vt 0.288132 0.069271
vt 0.298557 0.081015
vt 0.309931 0.089015
vt 0.230329 0.478781
vt 0.082811 0.077904
vt 0.081459 0.078425
vt 0.061580 0.078168
vt 0.224265 0.461969
vt 0.215049 0.461131
vt 0.015862 0.257987
vt 0.136080 0.185572
vt 0.145867 0.199225
vt 0.089370 0.222825
vt 0.132012 0.307526
vt 0.307533 0.131175
vt 0.106121 0.451049
vt 0.110818 0.488466
vt 0.099677 0.450126
vt 0.195024 0.126118
vt 0.172304 0.135239
vt 0.095528 0.165875
vt 0.105330 0.486485
vt 0.095799 0.487165
vt 0.311331 0.094966
vt 0.320161 0.100703
vt 0.093520 0.495260
vt 0.085408 0.474676
vt 0.343620 0.269979
vt 0.153510 0.275426
vt 0.078663 0.500068
vt 0.060060 0.501246
vt 0.038254 0.509173
vt 0.080033 0.333029
vt 0.271945 0.227292
vt 0.256613 0.214219
vt 0.040463 0.317357
vt 0.071106 0.270190
vt 0.109117 0.019810
vt 0.096315 0.009676
vt 0.134067 0.074816
vt 0.284075 0.419383
vt 0.271581 0.061865
vt 0.057577 0.518851
vt 0.191692 0.317725
vt 0.081876 0.078262
vt 0.377535 0.233144
vt 0.190622 0.309611
vt 0.198324 0.296396
vt 0.273088 0.237163
vt 0.140858 0.311860
vt 0.354066 0.224439
vt 0.024754 0.212760
vt 0.238963 0.458127
vt 0.337994 0.431425
vt 0.349357 0.443985
vt 0.305880 0.426930
vt 0.288160 0.035201
vt 0.276005 0.038229
vt 0.344928 0.432390
vt 0.359962 0.262838
vt 0.290286 0.532000
vt 0.106804 0.451081
vt 0.163858 0.087483
vt 0.299179 0.461867
vt 0.302783 0.461821
vt 0.322936 0.452156
vt 0.187712 0.122049
vt 0.272668 0.162427
vt 0.300521 0.054413
vt 0.034558 0.529476
vt 0.045876 0.542138
vt 0.033465 0.537969
vt 0.270575 0.041824
vt 0.264656 0.372862
vt 0.294791 0.436758
vt 0.150337 0.204231
vt 0.066135 0.503982
vt 0.224004 0.173306
vt 0.128989 0.072557
vt 0.324963 0.454374
vt 0.306024 0.433097
vt 0.149285 0.102802
vt 0.186640 0.111879
vt 0.180575 0.115440
vt 0.168333 0.103762
vt 0.170181 0.098229
vt 0.086984 0.156671
vt 0.082006 0.157960
vt 0.082186 0.153939
vt 0.195595 0.410291
vt 0.205616 0.394456
vt 0.236892 0.406715
vt 0.236182 0.415011
vt 0.086179 0.160343
vt 0.101702 0.158115
vt 0.258438 0.378671
vt 0.091082 0.120146
vt 0.248196 0.101734
vt 0.249155 0.105228
vt 0.242691 0.112966
vt 0.039288 0.433558
vt 0.086361 0.427321
vt 0.032486 0.446214
vt 0.253372 0.097551
vt 0.033314 0.451996
vt 0.274753 0.110462
vt 0.238084 0.416611
vt 0.237642 0.416244
vt 0.081087 0.118897
vt 0.051846 0.105921
vt 0.083892 0.111101
vt 0.277758 0.150137
vt 0.294494 0.121119
vt 0.291755 0.152355
vt 0.159212 0.145983
vt 0.114825 0.169106
vt 0.114271 0.124041
vt 0.241732 0.452413
vt 0.271277 0.419214
vt 0.266687 0.471687
vt 0.211126 0.159914
vt 0.146684 0.191974
vt 0.158762 0.173846
vt 0.303344 0.110954
vt 0.309693 0.141744
vt 0.270355 0.367973
vt 0.298755 0.353925
vt 0.259536 0.414149
vt 0.321314 0.362732
vt 0.290931 0.408547
vt 0.338092 0.385595
vt 0.334044 0.416387
vt 0.353409 0.318688
vt 0.325301 0.355651
vt 0.313570 0.323412
vt 0.338690 0.367304
vt 0.334603 0.346846
vt 0.132876 0.239795
vt 0.124130 0.280682
vt 0.121542 0.198963
vt 0.318674 0.222411
vt 0.334331 0.251018
vt 0.343514 0.274782
vt 0.113587 0.245021
vt 0.107559 0.219577
vt 0.291211 0.309936
vt 0.066036 0.361163
vt 0.094542 0.340710
vt 0.096404 0.359223
vt 0.335855 0.230286
vt 0.344974 0.239853
vt 0.176253 0.345325
vt 0.154175 0.340463
vt 0.169814 0.343617
vt 0.112493 0.332009
vt 0.136171 0.315334
vt 0.137636 0.293815
vt 0.173491 0.313939
vt 0.136683 0.305088
vt 0.343937 0.236194
vt 0.344424 0.237860
vt 0.322059 0.311390
vt 0.143987 0.356975
vt 0.169177 0.364796
vt 0.190813 0.388893
vt 0.071112 0.377409
vt 0.093851 0.363574
vt 0.112473 0.376012
vt 0.073607 0.420463
vt 0.080702 0.419072
vt 0.112319 0.413166
vt 0.280274 0.161837
vt 0.295714 0.273977
vt 0.093549 0.259113
vt 0.069731 0.268913
vt 0.048040 0.253991
vt 0.266230 0.276588
vt 0.265216 0.294537
vt 0.074315 0.242523
vt 0.039657 0.219018
vt 0.084021 0.223903
vt 0.264221 0.323471
vt 0.264092 0.322191
vt 0.263947 0.320579
vt 0.259076 0.328585
vt 0.226619 0.369101
vt 0.385540 0.401750
vt 0.277718 0.221127
vt 0.295475 0.240842
vt 0.284406 0.238853
vt 0.365027 0.426975
vt 0.342076 0.425197
vt 0.203381 0.156518
vt 0.275963 0.165406
vt 0.306238 0.173494
vt 0.333582 0.166281
vt 0.126781 0.424323
vt 0.124316 0.418819
vt 0.165563 0.437592
vt 0.180961 0.392192
vt 0.134660 0.383841
vt 0.105905 0.293578
vt 0.070876 0.270213
vt 0.148766 0.275130
vt 0.343323 0.248911
vt 0.054389 0.104937
vt 0.111553 0.090646
vt 0.083137 0.077781
vt 0.082491 0.020672
vt 0.107658 0.068808
vt 0.098792 0.016964
vt 0.127402 0.071919
vt 0.125030 0.072729
vt 0.296551 0.461835
vt 0.371466 0.316912
vt 0.369438 0.304155
vt 0.189703 0.259595
vt 0.166660 0.238926
vt 0.204693 0.241964
vt 0.263354 0.311960
vt 0.223529 0.280242
vt 0.135995 0.236777
vt 0.152549 0.215381
vt 0.164369 0.227975
vt 0.148551 0.201527
vt 0.133038 0.225714
vt 0.020580 0.254834
vt 0.025988 0.224142
vt 0.229958 0.312749
vt 0.243549 0.314954
vt 0.333603 0.209113
vt 0.360665 0.208365
vt 0.148518 0.316754
vt 0.174290 0.336434
vt 0.095604 0.189125
vt 0.092705 0.205426
vt 0.087601 0.217102
vt 0.058697 0.176991
vt 0.096872 0.174241
vt 0.083957 0.159617
vt 0.095710 0.165982
vt 0.156557 0.276410
vt 0.177616 0.278526
vt 0.189377 0.294150
vt 0.169399 0.300946
vt 0.079566 0.164201
vt 0.184766 0.347425
vt 0.350709 0.278342
vt 0.343743 0.304538
vt 0.209189 0.252071
vt 0.201324 0.271444
vt 0.201637 0.264112
vt 0.307503 0.467273
vt 0.282164 0.528859
vt 0.257907 0.528891
vt 0.081316 0.298723
vt 0.055468 0.286709
vt 0.062460 0.129154
vt 0.343391 0.338301
vt 0.162717 0.210955
vt 0.393873 0.269884
vt 0.403528 0.286059
vt 0.402539 0.297343
vt 0.279639 0.242869
vt 0.265246 0.273134
vt 0.265748 0.270827
vt 0.267813 0.264977
vt 0.343227 0.237002
vt 0.162654 0.317855
vt 0.158658 0.089062
vt 0.151562 0.072658
vt 0.163475 0.422926
vt 0.130906 0.394846
vt 0.088667 0.389391
vt 0.181312 0.406334
vt 0.182393 0.400733
vt 0.383658 0.153175
vt 0.356941 0.180502
vt 0.045872 0.312069
vt 0.251399 0.263928
vt 0.239486 0.232248
vt 0.094373 0.163279
vt 0.357722 0.236574
vt 0.373376 0.249496
vt 0.343417 0.259775
vt 0.075644 0.309044
vt 0.102425 0.313652
vt 0.096636 0.312302
vt 0.271505 0.517816
vt 0.270293 0.539438
vt 0.143288 0.394934
vt 0.323560 0.145616
vt 0.347518 0.107664
vt 0.199026 0.379217
vt 0.187393 0.373836
vt 0.050595 0.176624
vt 0.062387 0.345865
vt 0.284006 0.192112
vt 0.283067 0.204718
vt 0.258169 0.199499
vt 0.152254 0.260856
vt 0.228525 0.161831
vt 0.088451 0.389121
vt 0.087623 0.388076
vt 0.174900 0.424727
vt 0.276249 0.165160
vt 0.278155 0.163566
vt 0.266323 0.315891
vt 0.254626 0.535445
vt 0.228588 0.489041
vt 0.322182 0.140324
vt 0.321068 0.130451
vt 0.321375 0.131277
vt 0.084958 0.464431
vt 0.067118 0.472536
vt 0.101305 0.429593
vt 0.142829 0.238326
vt 0.134451 0.470257
vt 0.133588 0.449180
vt 0.102405 0.267116
vt 0.265467 0.272091
vt 0.152904 0.273669
vt 0.264148 0.322763
vt 0.343582 0.266463
vt 0.165826 0.443472
vt 0.136412 0.109955
vt 0.376165 0.142281
vt 0.192385 0.134691
vt 0.144753 0.471137
vt 0.129890 0.482476
vt 0.107088 0.451036
vt 0.307787 0.131551
vt 0.184175 0.122395
vt 0.182773 0.131028
vt 0.176489 0.125866
vt 0.069248 0.419780
vt 0.053717 0.416259
vt 0.072445 0.420663
vt 0.066434 0.361776
vt 0.257762 0.200123
vt 0.374300 0.362762
vt 0.335229 0.346186
vt 0.381842 0.346006
vt 0.154238 0.210541
vt 0.332176 0.201495
vt 0.151833 0.206697
vt 0.156208 0.202375
vt 0.033857 0.433488
vt 0.059066 0.458155
vt 0.166550 0.351133
vt 0.318599 0.119287
vt 0.310266 0.124908
vt 0.058440 0.086472
vt 0.201236 0.438797
vt 0.117543 0.424511
vt 0.125021 0.424640
vt 0.332380 0.320424
vt 0.359665 0.113661
vt 0.181883 0.337129
vt 0.179154 0.345112
vt 0.288132 0.069271
vt 0.298557 0.081015
vt 0.309931 0.089015
vt 0.230329 0.478781
vt 0.082811 0.077904
vt 0.081459 0.078425
vt 0.061580 0.078168
vt 0.224265 0.461969
vt 0.215049 0.461131
vt 0.015862 0.257987
vt 0.136080 0.185572
vt 0.145867 0.199225
vt 0.089370 0.222825
vt 0.132012 0.307526
vt 0.307533 0.131175
vt 0.106121 0.451049
vt 0.110818 0.488466
vt 0.099677 0.450126
vt 0.195024 0.126118
vt 0.172304 0.135239
vt 0.095528 0.165875
vt 0.105330 0.486485
vt 0.095799 0.487165
vt 0.311331 0.094966
vt 0.320161 0.100703
vt 0.093520 0.495260
vt 0.085408 0.474676
vt 0.343620 0.269979
vt 0.153510 0.275426
vt 0.078663 0.500068
vt 0.060060 0.501246
vt 0.038254 0.509173
vt 0.080033 0.333029
vt 0.271945 0.227292
vt 0.256613 0.214219
vt 0.040463 0.317357
vt 0.071106 0.270190
vt 0.109117 0.019810
vt 0.096315 0.009676
vt 0.134067 0.074816
vt 0.284075 0.419383
vt 0.271581 0.061865
vt 0.057577 0.518851
vt 0.191692 0.317725
vt 0.081876 0.078262
vt 0.377535 0.233144
vt 0.190622 0.309611
vt 0.198324 0.296396
vt 0.273088 0.237163
vt 0.140858 0.311860
vt 0.354066 0.224439
vt 0.024754 0.212760
vt 0.238963 0.458127
vt 0.337994 0.431425
vt 0.349357 0.443985
vt 0.305880 0.426930
vt 0.288160 0.035201
vt 0.276005 0.038229
vt 0.344928 0.432390
vt 0.359962 0.262838
vt 0.290286 0.532000
vt 0.106804 0.451081
vt 0.163858 0.087483
vt 0.299179 0.461867
vt 0.302783 0.461821
vt 0.322936 0.452156
vt 0.187712 0.122049
vt 0.272668 0.162427
vt 0.300521 0.054413
vt 0.034558 0.529476
vt 0.045876 0.542138
vt 0.033465 0.537969
vt 0.270575 0.041824
vt 0.264656 0.372862
vt 0.294791 0.436758
vt 0.150337 0.204231
vt 0.066135 0.503982
vt 0.224004 0.173306
vt 0.128989 0.072557
vt 0.324963 0.454374
vt 0.306024 0.433097
vt 0.149285 0.102802
vt 0.186640 0.111879
vt 0.180575 0.115440
vt 0.168333 0.103762
vt 0.170181 0.098229
vt 0.086984 0.156671
vt 0.082006 0.157960
vt 0.082186 0.153939
vt 0.195595 0.410291
vt 0.205616 0.394456
vt 0.236892 0.406715
vt 0.236182 0.415011
vt 0.086179 0.160343
vt 0.101702 0.158115
vt 0.258438 0.378671
vt 0.091082 0.120146
vt 0.248196 0.101734
vt 0.249155 0.105228
vt 0.242691 0.112966
vt 0.039288 0.433558
vt 0.086361 0.427321
vt 0.032486 0.446214
vt 0.253372 0.097551
vt 0.033314 0.451996
vt 0.274753 0.110462
vt 0.238084 0.416611
vt 0.237642 0.416244
vt 0.081087 0.118897
vt 0.051846 0.105921
vt 0.083892 0.111101
vt 0.277758 0.150137
vt 0.294494 0.121119
vt 0.291755 0.152355
vt 0.159212 0.145983
vt 0.114825 0.169106
vt 0.114271 0.124041
vt 0.241732 0.452413
vt 0.271277 0.419214
vt 0.266687 0.471687
vt 0.211126 0.159914
vt 0.146684 0.191974
vt 0.158762 0.173846
vt 0.303344 0.110954
vt 0.309693 0.141744
vt 0.270355 0.367973
vt 0.298755 0.353925
vt 0.259536 0.414149
vt 0.321314 0.362732
vt 0.290931 0.408547
vt 0.338092 0.385595
vt 0.334044 0.416387
vt 0.353409 0.318688
vt 0.325301 0.355651
vt 0.313570 0.323412
vt 0.338690 0.367304
vt 0.334603 0.346846
vt 0.132876 0.239795
vt 0.124130 0.280682
vt 0.121542 0.198963
vt 0.318674 0.222411
vt 0.334331 0.251018
vt 0.343514 0.274782
vt 0.113587 0.245021
vt 0.107559 0.219577
vt 0.291211 0.309936
vt 0.066036 0.361163
vt 0.094542 0.340710
vt 0.096404 0.359223
vt 0.335855 0.230286
vt 0.344974 0.239853
vt 0.176253 0.345325
vt 0.154175 0.340463
vt 0.169814 0.343617
vt 0.112493 0.332009
vt 0.136171 0.315334
vt 0.137636 0.293815
vt 0.173491 0.313939
vt 0.136683 0.305088
vt 0.343937 0.236194
vt 0.344424 0.237860
vt 0.322059 0.311390
vt 0.143987 0.356975
vt 0.169177 0.364796
vt 0.190813 0.388893
vt 0.071112 0.377409
vt 0.093851 0.363574
vt 0.112473 0.376012
vt 0.073607 0.420463
vt 0.080702 0.419072
vt 0.112319 0.413166
vt 0.280274 0.161837
vt 0.295714 0.273977
vt 0.093549 0.259113
vt 0.069731 0.268913
vt 0.048040 0.253991
vt 0.266230 0.276588
vt 0.265216 0.294537
vt 0.074315 0.242523
vt 0.039657 0.219018
vt 0.084021 0.223903
vt 0.264221 0.323471
vt 0.264092 0.322191
vt 0.263947 0.320579
vt 0.259076 0.328585
vt 0.226619 0.369101
vt 0.385540 0.401750
vt 0.277718 0.221127
vt 0.295475 0.240842
vt 0.284406 0.238853
vt 0.365027 0.426975
vt 0.342076 0.425197
vt 0.203381 0.156518
vt 0.275963 0.165406
vt 0.306238 0.173494
vt 0.333582 0.166281
vt 0.126781 0.424323
vt 0.124316 0.418819
vt 0.165563 0.437592
vt 0.180961 0.392192
vt 0.134660 0.383841
vt 0.105905 0.293578
vt 0.070876 0.270213
vt 0.148766 0.275130
vt 0.343323 0.248911
vt 0.054389 0.104937
vt 0.111553 0.090646
vt 0.083137 0.077781
vt 0.082491 0.020672
vt 0.107658 0.068808
vt 0.098792 0.016964
vt 0.127402 0.071919
vt 0.125030 0.072729
vt 0.296551 0.461835
vt 0.371466 0.316912
vt 0.369438 0.304155
vt 0.189703 0.259595
vt 0.166660 0.238926
vt 0.204693 0.241964
vt 0.263354 0.311960
vt 0.223529 0.280242
vt 0.135995 0.236777
vt 0.152549 0.215381
vt 0.164369 0.227975
vt 0.148551 0.201527
vt 0.133038 0.225714
vt 0.020580 0.254834
vt 0.025988 0.224142
vt 0.229958 0.312749
vt 0.243549 0.314954
vt 0.333603 0.209113
vt 0.360665 0.208365
vt 0.148518 0.316754
vt 0.174290 0.336434
vt 0.095604 0.189125
vt 0.092705 0.205426
vt 0.087601 0.217102
vt 0.058697 0.176991
vt 0.096872 0.174241
vt 0.083957 0.159617
vt 0.095710 0.165982
vt 0.156557 0.276410
vt 0.177616 0.278526
vt 0.189377 0.294150
vt 0.169399 0.300946
vt 0.079566 0.164201
vt 0.184766 0.347425
vt 0.350709 0.278342
vt 0.343743 0.304538
vt 0.209189 0.252071
vt 0.201324 0.271444
vt 0.201637 0.264112
vt 0.307503 0.467273
vt 0.282164 0.528859
vt 0.257907 0.528891
vt 0.081316 0.298723
vt 0.055468 0.286709
vt 0.062460 0.129154
vt 0.343391 0.338301
vt 0.162717 0.210955
vt 0.393873 0.269884
vt 0.403528 0.286059
vt 0.402539 0.297343
vt 0.279639 0.242869
vt 0.265246 0.273134
vt 0.265748 0.270827
vt 0.267813 0.264977
vt 0.343227 0.237002
vt 0.162654 0.317855
vt 0.158658 0.089062
vt 0.151562 0.072658
vt 0.163475 0.422926
vt 0.130906 0.394846
vt 0.088667 0.389391
vt 0.181312 0.406334
vt 0.182393 0.400733
vt 0.383658 0.153175
vt 0.356941 0.180502
vt 0.045872 0.312069
vt 0.251399 0.263928
vt 0.239486 0.232248
vt 0.094373 0.163279
vt 0.357722 0.236574
vt 0.373376 0.249496
vt 0.343417 0.259775
vt 0.075644 0.309044
vt 0.102425 0.313652
vt 0.096636 0.312302
vt 0.271505 0.517816
vt 0.270293 0.539438
vt 0.143288 0.394934
vt 0.323560 0.145616
vt 0.347518 0.107664
vt 0.199026 0.379217
vt 0.187393 0.373836
vt 0.050595 0.176624
vt 0.062387 0.345865
vt 0.284006 0.192112
vt 0.283067 0.204718
vt 0.258169 0.199499
vt 0.152254 0.260856
vt 0.228525 0.161831
vt 0.088451 0.389121
vt 0.087623 0.388076
vt 0.174900 0.424727
vt 0.276249 0.165160
vt 0.278155 0.163566
vt 0.266323 0.315891
vt 0.254626 0.535445
vt 0.228588 0.489041
vt 0.322182 0.140324
vt 0.321068 0.130451
vt 0.321375 0.131277
vt 0.084958 0.464431
vt 0.067118 0.472536
vt 0.101305 0.429593
vt 0.142829 0.238326
vt 0.134451 0.470257
vt 0.133588 0.449180
vt 0.102405 0.267116
vt 0.265467 0.272091
vt 0.152904 0.273669
vt 0.264148 0.322763
vt 0.343582 0.266463
vt 0.165826 0.443472
vt 0.136412 0.109955
vt 0.376165 0.142281
vt 0.192385 0.134691
vt 0.144753 0.471137
vt 0.129890 0.482476
vt 0.107088 0.451036
vt 0.307787 0.131551
vt 0.184175 0.122395
vt 0.182773 0.131028
vt 0.176489 0.125866
vt 0.069248 0.419780
vt 0.053717 0.416259
vt 0.072445 0.420663
vt 0.066434 0.361776
vt 0.257762 0.200123
vt 0.374300 0.362762
vt 0.335229 0.346186
vt 0.381842 0.346006
vt 0.154238 0.210541
vt 0.332176 0.201495
vt 0.151833 0.206697
vt 0.156208 0.202375
vt 0.033857 0.433488
vt 0.059066 0.458155
vt 0.166550 0.351133
vt 0.318599 0.119287
vt 0.310266 0.124908
vt 0.058440 0.086472
vt 0.201236 0.438797
vt 0.117543 0.424511
vt 0.125021 0.424640
vt 0.332380 0.320424
vt 0.359665 0.113661
vt 0.181883 0.337129
vt 0.179154 0.345112
vt 0.288132 0.069271
vt 0.298557 0.081015
vt 0.309931 0.089015
vt 0.230329 0.478781
vt 0.082811 0.077904
vt 0.081459 0.078425
vt 0.061580 0.078168
vt 0.224265 0.461969
vt 0.215049 0.461131
vt 0.015862 0.257987
vt 0.136080 0.185572
vt 0.145867 0.199225
vt 0.089370 0.222825
vt 0.132012 0.307526
vt 0.307533 0.131175
vt 0.106121 0.451049
vt 0.110818 0.488466
vt 0.099677 0.450126
vt 0.195024 0.126118
vt 0.172304 0.135239
vt 0.095528 0.165875
vt 0.105330 0.486485
vt 0.095799 0.487165
vt 0.311331 0.094966
vt 0.320161 0.100703
vt 0.093520 0.495260
vt 0.085408 0.474676
vt 0.343620 0.269979
vt 0.153510 0.275426
vt 0.078663 0.500068
vt 0.060060 0.501246
vt 0.038254 0.509173
vt 0.080033 0.333029
vt 0.271945 0.227292
vt 0.256613 0.214219
vt 0.040463 0.317357
vt 0.071106 0.270190
vt 0.109117 0.019810
vt 0.096315 0.009676
vt 0.134067 0.074816
vt 0.284075 0.419383
vt 0.271581 0.061865
vt 0.057577 0.518851
vt 0.191692 0.317725
vt 0.081876 0.078262
vt 0.377535 0.233144
vt 0.190622 0.309611
vt 0.198324 0.296396
vt 0.273088 0.237163
vt 0.140858 0.311860
vt 0.354066 0.224439
vt 0.024754 0.212760
vt 0.238963 0.458127
vt 0.337994 0.431425
vt 0.349357 0.443985
vt 0.305880 0.426930
vt 0.288160 0.035201
vt 0.276005 0.038229
vt 0.344928 0.432390
vt 0.359962 0.262838
vt 0.290286 0.532000
vt 0.106804 0.451081
vt 0.163858 0.087483
vt 0.299179 0.461867
vt 0.302783 0.461821
vt 0.322936 0.452156
vt 0.187712 0.122049
vt 0.272668 0.162427
vt 0.300521 0.054413
vt 0.034558 0.529476
vt 0.045876 0.542138
vt 0.033465 0.537969
vt 0.270575 0.041824
vt 0.264656 0.372862
vt 0.294791 0.436758
vt 0.150337 0.204231
vt 0.066135 0.503982
vt 0.224004 0.173306
vt 0.128989 0.072557
vt 0.324963 0.454374
vt 0.306024 0.433097
vt 0.149285 0.102802
vt 0.186640 0.111879
vt 0.180575 0.115440
vt 0.168333 0.103762
vt 0.170181 0.098229
vt 0.086984 0.156671
vt 0.082006 0.157960
vt 0.082186 0.153939
vt 0.195595 0.410291
vt 0.205616 0.394456
vt 0.236892 0.406715
vt 0.236182 0.415011
vt 0.086179 0.160343
vt 0.101702 0.158115
vt 0.258438 0.378671
vt 0.091082 0.120146
vt 0.248196 0.101734
vt 0.249155 0.105228
vt 0.242691 0.112966
vt 0.039288 0.433558
vt 0.086361 0.427321
vt 0.032486 0.446214
vt 0.253372 0.097551
vt 0.033314 0.451996
vt 0.274753 0.110462
vt 0.238084 0.416611
vt 0.237642 0.416244
vt 0.081087 0.118897
vt 0.051846 0.105921
vt 0.083892 0.111101
vt 0.277758 0.150137
vt 0.294494 0.121119
vt 0.291755 0.152355
vt 0.159212 0.145983
vt 0.114825 0.169106
vt 0.114271 0.124041
vt 0.241732 0.452413
vt 0.271277 0.419214
vt 0.266687 0.471687
vt 0.211126 0.159914
vt 0.146684 0.191974
vt 0.158762 0.173846
vt 0.303344 0.110954
vt 0.309693 0.141744
vt 0.270355 0.367973
vt 0.298755 0.353925
vt 0.259536 0.414149
vt 0.321314 0.362732
vt 0.290931 0.408547
vt 0.338092 0.385595
vt 0.334044 0.416387
vt 0.353409 0.318688
vt 0.325301 0.355651
vt 0.313570 0.323412
vt 0.338690 0.367304
vt 0.334603 0.346846
vt 0.132876 0.239795
vt 0.124130 0.280682
vt 0.121542 0.198963
vt 0.318674 0.222411
vt 0.334331 0.251018
vt 0.343514 0.274782
vt 0.113587 0.245021
vt 0.107559 0.219577
vt 0.291211 0.309936
vt 0.066036 0.361163
vt 0.094542 0.340710
vt 0.096404 0.359223
vt 0.335855 0.230286
vt 0.344974 0.239853
vt 0.176253 0.345325
vt 0.154175 0.340463
vt 0.169814 0.343617
vt 0.112493 0.332009
vt 0.136171 0.315334
vt 0.137636 0.293815
vt 0.173491 0.313939
vt 0.136683 0.305088
vt 0.343937 0.236194
vt 0.344424 0.237860
vt 0.322059 0.311390
vt 0.143987 0.356975
vt 0.169177 0.364796
vt 0.190813 0.388893
vt 0.071112 0.377409
vt 0.093851 0.363574
vt 0.112473 0.376012
vt 0.073607 0.420463
vt 0.080702 0.419072
vt 0.112319 0.413166
vt 0.280274 0.161837
vt 0.295714 0.273977
vt 0.093549 0.259113
vt 0.069731 0.268913
vt 0.048040 0.253991
vt 0.266230 0.276588
vt 0.265216 0.294537
vt 0.074315 0.242523
vt 0.039657 0.219018
vt 0.084021 0.223903
vt 0.264221 0.323471
vt 0.264092 0.322191
vt 0.263947 0.320579
vt 0.259076 0.328585
vt 0.226619 0.369101
vt 0.385540 0.401750
vt 0.277718 0.221127
vt 0.295475 0.240842
vt 0.284406 0.238853
vt 0.365027 0.426975
vt 0.342076 0.425197
vt 0.203381 0.156518
vt 0.275963 0.165406
vt 0.306238 0.173494
vt 0.333582 0.166281
vt 0.126781 0.424323
vt 0.124316 0.418819
vt 0.165563 0.437592
vt 0.180961 0.392192
vt 0.134660 0.383841
vt 0.105905 0.293578
vt 0.070876 0.270213
vt 0.148766 0.275130
vt 0.343323 0.248911
vt 0.054389 0.104937
vt 0.111553 0.090646
vt 0.083137 0.077781
vt 0.082491 0.020672
vt 0.107658 0.068808
vt 0.098792 0.016964
vt 0.127402 0.071919
vt 0.125030 0.072729
vt 0.296551 0.461835
vt 0.371466 0.316912
vt 0.369438 0.304155
vt 0.189703 0.259595
vt 0.166660 0.238926
vt 0.204693 0.241964
vt 0.263354 0.311960
vt 0.223529 0.280242
vt 0.135995 0.236777
vt 0.152549 0.215381
vt 0.164369 0.227975
vt 0.148551 0.201527
vt 0.133038 0.225714
vt 0.020580 0.254834
vt 0.025988 0.224142
vt 0.229958 0.312749
vt 0.243549 0.314954
vt 0.333603 0.209113
vt 0.360665 0.208365
vt 0.148518 0.316754
vt 0.174290 0.336434
vt 0.095604 0.189125
vt 0.092705 0.205426
vt 0.087601 0.217102
vt 0.058697 0.176991
vt 0.096872 0.174241
vt 0.083957 0.159617
vt 0.095710 0.165982
vt 0.156557 0.276410
vt 0.177616 0.278526
vt 0.189377 0.294150
vt 0.169399 0.300946
vt 0.079566 0.164201
vt 0.184766 0.347425
vt 0.350709 0.278342
vt 0.343743 0.304538
vt 0.209189 0.252071
vt 0.201324 0.271444
vt 0.201637 0.264112
vt 0.307503 0.467273
vt 0.282164 0.528859
vt 0.257907 0.528891
vt 0.081316 0.298723
vt 0.055468 0.286709
vt 0.062460 0.129154
vt 0.343391 0.338301
vt 0.162717 0.210955
vt 0.393873 0.269884
vt 0.403528 0.286059
vt 0.402539 0.297343
vt 0.279639 0.242869
vt 0.265246 0.273134
vt 0.265748 0.270827
vt 0.267813 0.264977
vt 0.343227 0.237002
vt 0.162654 0.317855
vt 0.158658 0.089062
vt 0.151562 0.072658
vt 0.163475 0.422926
vt 0.130906 0.394846
vt 0.088667 0.389391
vt 0.181312 0.406334
vt 0.182393 0.400733
vt 0.383658 0.153175
vt 0.356941 0.180502
vt 0.045872 0.312069
vt 0.251399 0.263928
vt 0.239486 0.232248
vt 0.094373 0.163279
vt 0.357722 0.236574
vt 0.373376 0.249496
vt 0.343417 0.259775
vt 0.075644 0.309044
vt 0.102425 0.313652
vt 0.096636 0.312302
vt 0.271505 0.517816
vt 0.270293 0.539438
vt 0.143288 0.394934
vt 0.323560 0.145616
vt 0.347518 0.107664
vt 0.199026 0.379217
vt 0.187393 0.373836
vt 0.050595 0.176624
vt 0.062387 0.345865
vt 0.284006 0.192112
vt 0.283067 0.204718
vt 0.258169 0.199499
vt 0.152254 0.260856
vt 0.228525 0.161831
vt 0.088451 0.389121
vt 0.087623 0.388076
vt 0.174900 0.424727
vt 0.276249 0.165160
vt 0.278155 0.163566
vt 0.266323 0.315891
vt 0.254626 0.535445
vt 0.228588 0.489041
vt 0.322182 0.140324
vt 0.321068 0.130451
vt 0.321375 0.131277
vt 0.084958 0.464431
vt 0.067118 0.472536
vt 0.101305 0.429593
vt 0.142829 0.238326
vt 0.134451 0.470257
vt 0.133588 0.449180
vt 0.102405 0.267116
vt 0.265467 0.272091
vt 0.152904 0.273669
vt 0.264148 0.322763
vt 0.343582 0.266463
vt 0.165826 0.443472
vt 0.136412 0.109955
vt 0.376165 0.142281
vt 0.192385 0.134691
vt 0.144753 0.471137
vt 0.129890 0.482476
vt 0.107088 0.451036
vt 0.307787 0.131551
vt 0.184175 0.122395
vt 0.182773 0.131028
vt 0.176489 0.125866
vt 0.069248 0.419780
vt 0.053717 0.416259
vt 0.072445 0.420663
vt 0.066434 0.361776
vt 0.257762 0.200123
vt 0.374300 0.362762
vt 0.335229 0.346186
vt 0.381842 0.346006
vt 0.154238 0.210541
vt 0.332176 0.201495
vt 0.151833 0.206697
vt 0.156208 0.202375
vt 0.033857 0.433488
vt 0.059066 0.458155
vt 0.166550 0.351133
vt 0.318599 0.119287
vt 0.310266 0.124908
vt 0.058440 0.086472
vt 0.201236 0.438797
vt 0.117543 0.424511
vt 0.125021 0.424640
vt 0.332380 0.320424
vt 0.359665 0.113661
vt 0.181883 0.337129
vt 0.179154 0.345112
vt 0.288132 0.069271
vt 0.298557 0.081015
vt 0.309931 0.089015
vt 0.230329 0.478781
vt 0.082811 0.077904
vt 0.081459 0.078425
vt 0.061580 0.078168
vt 0.224265 0.461969
vt 0.215049 0.461131
vt 0.015862 0.257987
vt 0.136080 0.185572
vt 0.145867 0.199225
vt 0.089370 0.222825
vt 0.132012 0.307526
vt 0.307533 0.131175
vt 0.106121 0.451049
vt 0.110818 0.488466
vt 0.099677 0.450126
vt 0.195024 0.126118
vt 0.172304 0.135239
vt 0.095528 0.165875
vt 0.105330 0.486485
vt 0.095799 0.487165
vt 0.311331 0.094966
vt 0.320161 0.100703
vt 0.093520 0.495260
vt 0.085408 0.474676
vt 0.343620 0.269979
vt 0.153510 0.275426
vt 0.078663 0.500068
vt 0.060060 0.501246
vt 0.038254 0.509173
vt 0.080033 0.333029
vt 0.271945 0.227292
vt 0.256613 0.214219
vt 0.040463 0.317357
vt 0.071106 0.270190
vt 0.109117 0.019810
vt 0.096315 0.009676
vt 0.134067 0.074816
vt 0.284075 0.419383
vt 0.271581 0.061865
vt 0.057577 0.518851
vt 0.191692 0.317725
vt 0.081876 0.078262
vt 0.377535 0.233144
vt 0.190622 0.309611
vt 0.198324 0.296396
vt 0.273088 0.237163
vt 0.140858 0.311860
vt 0.354066 0.224439
vt 0.024754 0.212760
vt 0.238963 0.458127
vt 0.337994 0.431425
vt 0.349357 0.443985
vt 0.305880 0.426930
vt 0.288160 0.035201
vt 0.276005 0.038229
vt 0.344928 0.432390
vt 0.359962 0.262838
vt 0.290286 0.532000
vt 0.106804 0.451081
vt 0.163858 0.087483
vt 0.299179 0.461867
vt 0.302783 0.461821
vt 0.322936 0.452156
vt 0.187712 0.122049
vt 0.272668 0.162427
vt 0.300521 0.054413
vt 0.034558 0.529476
vt 0.045876 0.542138
vt 0.033465 0.537969
vt 0.270575 0.041824
vt 0.264656 0.372862
vt 0.294791 0.436758
vt 0.150337 0.204231
vt 0.066135 0.503982
vt 0.224004 0.173306
vt 0.128989 0.072557
vt 0.324963 0.454374
vt 0.306024 0.433097
vt 0.149285 0.102802
vt 0.186640 0.111879
vt 0.180575 0.115440
vt 0.168333 0.103762
vt 0.170181 0.098229
vt 0.086984 0.156671
vt 0.082006 0.157960
vt 0.082186 0.153939
vt 0.195595 0.410291
vt 0.205616 0.394456
vt 0.236892 0.406715
vt 0.236182 0.415011
vt 0.086179 0.160343
vt 0.101702 0.158115
vt 0.258438 0.378671
vt 0.091082 0.120146
vt 0.248196 0.101734
vt 0.249155 0.105228
vt 0.242691 0.112966
vt 0.039288 0.433558
vt 0.086361 0.427321
vt 0.032486 0.446214
vt 0.253372 0.097551
vt 0.033314 0.451996
vt 0.274753 0.110462
vt 0.238084 0.416611
vt 0.237642 0.416244
vt 0.081087 0.118897
vt 0.051846 0.105921
vt 0.083892 0.111101
vt 0.277758 0.150137
vt 0.294494 0.121119
vt 0.291755 0.152355
vt 0.159212 0.145983
vt 0.114825 0.169106
vt 0.114271 0.124041
vt 0.241732 0.452413
vt 0.271277 0.419214
vt 0.266687 0.471687
vt 0.211126 0.159914
vt 0.146684 0.191974
vt 0.158762 0.173846
vt 0.303344 0.110954
vt 0.309693 0.141744
vt 0.270355 0.367973
vt 0.298755 0.353925
vt 0.259536 0.414149
vt 0.321314 0.362732
vt 0.290931 0.408547
vt 0.338092 0.385595
vt 0.334044 0.416387
vt 0.353409 0.318688
vt 0.325301 0.355651
vt 0.313570 0.323412
vt 0.338690 0.367304
vt 0.334603 0.346846
vt 0.132876 0.239795
vt 0.124130 0.280682
vt 0.121542 0.198963
vt 0.318674 0.222411
vt 0.334331 0.251018
vt 0.343514 0.274782
vt 0.113587 0.245021
vt 0.107559 0.219577
vt 0.291211 0.309936
vt 0.066036 0.361163
vt 0.094542 0.340710
vt 0.096404 0.359223
vt 0.335855 0.230286
vt 0.344974 0.239853
vt 0.176253 0.345325
vt 0.154175 0.340463
vt 0.169814 0.343617
vt 0.112493 0.332009
vt 0.136171 0.315334
vt 0.137636 0.293815
vt 0.173491 0.313939
vt 0.136683 0.305088
vt 0.343937 0.236194
vt 0.344424 0.237860
vt 0.322059 0.311390
vt 0.143987 0.356975
vt 0.169177 0.364796
vt 0.190813 0.388893
vt 0.071112 0.377409
vt 0.093851 0.363574
vt 0.112473 0.376012
vt 0.073607 0.420463
vt 0.080702 0.419072
vt 0.112319 0.413166
vt 0.280274 0.161837
vt 0.295714 0.273977
vt 0.093549 0.259113
vt 0.069731 0.268913
vt 0.048040 0.253991
vt 0.266230 0.276588
vt 0.265216 0.294537
vt 0.074315 0.242523
vt 0.039657 0.219018
vt 0.084021 0.223903
vt 0.264221 0.323471
vt 0.264092 0.322191
vt 0.263947 0.320579
vt 0.259076 0.328585
vt 0.226619 0.369101
vt 0.385540 0.401750
vt 0.277718 0.221127
vt 0.295475 0.240842
vt 0.284406 0.238853
vt 0.365027 0.426975
vt 0.342076 0.425197
vt 0.203381 0.156518
vt 0.275963 0.165406
vt 0.306238 0.173494
vt 0.333582 0.166281
vt 0.126781 0.424323
vt 0.124316 0.418819
vt 0.165563 0.437592
vt 0.180961 0.392192
vt 0.134660 0.383841
vt 0.105905 0.293578
vt 0.070876 0.270213
vt 0.148766 0.275130
vt 0.343323 0.248911
vt 0.054389 0.104937
vt 0.111553 0.090646
vt 0.083137 0.077781
vt 0.082491 0.020672
vt 0.107658 0.068808
vt 0.098792 0.016964
vt 0.127402 0.071919
vt 0.125030 0.072729
vt 0.296551 0.461835
vt 0.371466 0.316912
vt 0.369438 0.304155
vt 0.189703 0.259595
vt 0.166660 0.238926
vt 0.204693 0.241964
vt 0.263354 0.311960
vt 0.223529 0.280242
vt 0.135995 0.236777
vt 0.152549 0.215381
vt 0.164369 0.227975
vt 0.148551 0.201527
vt 0.133038 0.225714
vt 0.020580 0.254834
vt 0.025988 0.224142
vt 0.229958 0.312749
vt 0.243549 0.314954
vt 0.333603 0.209113
vt 0.360665 0.208365
vt 0.148518 0.316754
vt 0.174290 0.336434
vt 0.095604 0.189125
vt 0.092705 0.205426
vt 0.087601 0.217102
vt 0.058697 0.176991
vt 0.096872 0.174241
vt 0.083957 0.159617
vt 0.095710 0.165982
vt 0.156557 0.276410
vt 0.177616 0.278526
vt 0.189377 0.294150
vt 0.169399 0.300946
vt 0.079566 0.164201
vt 0.184766 0.347425
vt 0.350709 0.278342
vt 0.343743 0.304538
vt 0.209189 0.252071
vt 0.201324 0.271444
vt 0.201637 0.264112
vt 0.307503 0.467273
vt 0.282164 0.528859
vt 0.257907 0.528891
vt 0.081316 0.298723
vt 0.055468 0.286709
vt 0.062460 0.129154
vt 0.343391 0.338301
vt 0.162717 0.210955
vt 0.393873 0.269884
vt 0.403528 0.286059
vt 0.402539 0.297343
vt 0.279639 0.242869
vt 0.265246 0.273134
vt 0.265748 0.270827
vt 0.267813 0.264977
vt 0.343227 0.237002
vt 0.162654 0.317855
vt 0.158658 0.089062
vt 0.151562 0.072658
vt 0.163475 0.422926
vt 0.130906 0.394846
vt 0.088667 0.389391
vt 0.181312 0.406334
vt 0.182393 0.400733
vt 0.383658 0.153175
vt 0.356941 0.180502
vt 0.045872 0.312069
vt 0.251399 0.263928
vt 0.239486 0.232248
vt 0.094373 0.163279
vt 0.357722 0.236574
vt 0.373376 0.249496
vt 0.343417 0.259775
vt 0.075644 0.309044
vt 0.102425 0.313652
vt 0.096636 0.312302
vt 0.271505 0.517816
vt 0.270293 0.539438
vt 0.143288 0.394934
vt 0.323560 0.145616
vt 0.347518 0.107664
vt 0.199026 0.379217
vt 0.187393 0.373836
vt 0.050595 0.176624
vt 0.062387 0.345865
vt 0.284006 0.192112
vt 0.283067 0.204718
vt 0.258169 0.199499
vt 0.152254 0.260856
vt 0.228525 0.161831
vt 0.088451 0.389121
vt 0.087623 0.388076
vt 0.174900 0.424727
vt 0.276249 0.165160
vt 0.278155 0.163566
vt 0.266323 0.315891
vt 0.254626 0.535445
vt 0.228588 0.489041
vt 0.322182 0.140324
vt 0.321068 0.130451
vt 0.321375 0.131277
vt 0.084958 0.464431
vt 0.067118 0.472536
vt 0.101305 0.429593
vt 0.142829 0.238326
vt 0.134451 0.470257
vt 0.133588 0.449180
vt 0.102405 0.267116
vt 0.265467 0.272091
vt 0.152904 0.273669
vt 0.264148 0.322763
vt 0.343582 0.266463
vt 0.165826 0.443472
vt 0.136412 0.109955
vt 0.376165 0.142281
vt 0.192385 0.134691
vt 0.144753 0.471137
vt 0.129890 0.482476
vt 0.107088 0.451036
vt 0.307787 0.131551
vt 0.184175 0.122395
vt 0.182773 0.131028
vt 0.176489 0.125866
vt 0.069248 0.419780
vt 0.053717 0.416259
vt 0.072445 0.420663
vt 0.066434 0.361776
vt 0.257762 0.200123
vt 0.374300 0.362762
vt 0.335229 0.346186
vt 0.381842 0.346006
vt 0.154238 0.210541
vt 0.332176 0.201495
vt 0.151833 0.206697
vt 0.156208 0.202375
vt 0.033857 0.433488
vt 0.059066 0.458155
vt 0.166550 0.351133
vt 0.318599 0.119287
vt 0.310266 0.124908
vt 0.058440 0.086472
vt 0.201236 0.438797
vt 0.117543 0.424511
vt 0.125021 0.424640
vt 0.332380 0.320424
vt 0.359665 0.113661
vt 0.181883 0.337129
vt 0.179154 0.345112
vt 0.288132 0.069271
vt 0.298557 0.081015
vt 0.309931 0.089015
vt 0.230329 0.478781
vt 0.082811 0.077904
vt 0.081459 0.078425
vt 0.061580 0.078168
vt 0.224265 0.461969
vt 0.215049 0.461131
vt 0.015862 0.257987
vt 0.136080 0.185572
vt 0.145867 0.199225
vt 0.089370 0.222825
vt 0.132012 0.307526
vt 0.307533 0.131175
vt 0.106121 0.451049
vt 0.110818 0.488466
vt 0.099677 0.450126
vt 0.195024 0.126118
vt 0.172304 0.135239
vt 0.095528 0.165875
vt 0.105330 0.486485
vt 0.095799 0.487165
vt 0.311331 0.094966
vt 0.320161 0.100703
vt 0.093520 0.495260
vt 0.085408 0.474676
vt 0.343620 0.269979
vt 0.153510 0.275426
vt 0.078663 0.500068
vt 0.060060 0.501246
vt 0.038254 0.509173
vt 0.080033 0.333029
vt 0.271945 0.227292
vt 0.256613 0.214219
vt 0.040463 0.317357
vt 0.071106 0.270190
vt 0.109117 0.019810
vt 0.096315 0.009676
vt 0.134067 0.074816
vt 0.284075 0.419383
vt 0.271581 0.061865
vt 0.057577 0.518851
vt 0.191692 0.317725
vt 0.081876 0.078262
vt 0.377535 0.233144
vt 0.190622 0.309611
vt 0.198324 0.296396
vt 0.273088 0.237163
vt 0.140858 0.311860
vt 0.354066 0.224439
vt 0.024754 0.212760
vt 0.238963 0.458127
vt 0.337994 0.431425
vt 0.349357 0.443985
vt 0.305880 0.426930
vt 0.288160 0.035201
vt 0.276005 0.038229
vt 0.344928 0.432390
vt 0.359962 0.262838
vt 0.290286 0.532000
vt 0.106804 0.451081
vt 0.163858 0.087483
vt 0.299179 0.461867
vt 0.302783 0.461821
vt 0.322936 0.452156
vt 0.187712 0.122049
vt 0.272668 0.162427
vt 0.300521 0.054413
vt 0.034558 0.529476
vt 0.045876 0.542138
vt 0.033465 0.537969
vt 0.270575 0.041824
vt 0.264656 0.372862
vt 0.294791 0.436758
vt 0.150337 0.204231
vt 0.066135 0.503982
vt 0.224004 0.173306
vt 0.128989 0.072557
vt 0.324963 0.454374
vt 0.306024 0.433097
vt 0.149285 0.102802
vt 0.186640 0.111879
vt 0.180575 0.115440
vt 0.168333 0.103762
vt 0.170181 0.098229
vt 0.086984 0.156671
vt 0.082006 0.157960
vt 0.082186 0.153939
vt 0.195595 0.410291
vt 0.205616 0.394456
vt 0.236892 0.406715
vt 0.236182 0.415011
vt 0.086179 0.160343
vt 0.101702 0.158115
vt 0.258438 0.378671
vt 0.091082 0.120146
vt 0.248196 0.101734
vt 0.249155 0.105228
vt 0.242691 0.112966
vt 0.039288 0.433558
vt 0.086361 0.427321
vt 0.032486 0.446214
vt 0.253372 0.097551
vt 0.033314 0.451996
vt 0.274753 0.110462
vt 0.238084 0.416611
vt 0.237642 0.416244
vt 0.081087 0.118897
vt 0.051846 0.105921
vt 0.083892 0.111101
vt 0.277758 0.150137
vt 0.294494 0.121119
vt 0.291755 0.152355
vt 0.159212 0.145983
vt 0.114825 0.169106
vt 0.114271 0.124041
vt 0.241732 0.452413
vt 0.271277 0.419214
vt 0.266687 0.471687
vt 0.211126 0.159914
vt 0.146684 0.191974
vt 0.158762 0.173846
vt 0.303344 0.110954
vt 0.309693 0.141744
vt 0.270355 0.367973
vt 0.298755 0.353925
vt 0.259536 0.414149
vt 0.321314 0.362732
vt 0.290931 0.408547
vt 0.338092 0.385595
vt 0.334044 0.416387
vt 0.353409 0.318688
vt 0.325301 0.355651
vt 0.313570 0.323412
vt 0.338690 0.367304
vt 0.334603 0.346846
vt 0.132876 0.239795
vt 0.124130 0.280682
vt 0.121542 0.198963
vt 0.318674 0.222411
vt 0.334331 0.251018
vt 0.343514 0.274782
vt 0.113587 0.245021
vt 0.107559 0.219577
vt 0.291211 0.309936
vt 0.066036 0.361163
vt 0.094542 0.340710
vt 0.096404 0.359223
vt 0.335855 0.230286
vt 0.344974 0.239853
vt 0.176253 0.345325
vt 0.154175 0.340463
vt 0.169814 0.343617
vt 0.112493 0.332009
vt 0.136171 0.315334
vt 0.137636 0.293815
vt 0.173491 0.313939
vt 0.136683 0.305088
vt 0.343937 0.236194
vt 0.344424 0.237860
vt 0.322059 0.311390
vt 0.143987 0.356975
vt 0.169177 0.364796
vt 0.190813 0.388893
vt 0.071112 0.377409
vt 0.093851 0.363574
vt 0.112473 0.376012
vt 0.073607 0.420463
vt 0.080702 0.419072
vt 0.112319 0.413166
vt 0.280274 0.161837
vt 0.295714 0.273977
vt 0.093549 0.259113
vt 0.069731 0.268913
vt 0.048040 0.253991
vt 0.266230 0.276588
vt 0.265216 0.294537
vt 0.074315 0.242523
vt 0.039657 0.219018
vt 0.084021 0.223903
vt 0.264221 0.323471
vt 0.264092 0.322191
vt 0.263947 0.320579
vt 0.259076 0.328585
vt 0.226619 0.369101
vt 0.385540 0.401750
vt 0.277718 0.221127
vt 0.295475 0.240842
vt 0.284406 0.238853
vt 0.365027 0.426975
vt 0.342076 0.425197
vt 0.203381 0.156518
vt 0.275963 0.165406
vt 0.306238 0.173494
vt 0.333582 0.166281
vt 0.126781 0.424323
vt 0.124316 0.418819
vt 0.165563 0.437592
vt 0.180961 0.392192
vt 0.134660 0.383841
vt 0.105905 0.293578
vt 0.070876 0.270213
vt 0.148766 0.275130
vt 0.343323 0.248911
vt 0.054389 0.104937
vt 0.111553 0.090646
vt 0.083137 0.077781
vt 0.082491 0.020672
vt 0.107658 0.068808
vt 0.098792 0.016964
vt 0.127402 0.071919
vt 0.125030 0.072729
vt 0.296551 0.461835
vt 0.371466 0.316912
vt 0.369438 0.304155
vt 0.189703 0.259595
vt 0.166660 0.238926
vt 0.204693 0.241964
vt 0.263354 0.311960
vt 0.223529 0.280242
vt 0.135995 0.236777
vt 0.152549 0.215381
vt 0.164369 0.227975
vt 0.148551 0.201527
vt 0.133038 0.225714
vt 0.020580 0.254834
vt 0.025988 0.224142
vt 0.229958 0.312749
vt 0.243549 0.314954
vt 0.333603 0.209113
vt 0.360665 0.208365
vt 0.148518 0.316754
vt 0.174290 0.336434
vt 0.095604 0.189125
vt 0.092705 0.205426
vt 0.087601 0.217102
vt 0.058697 0.176991
vt 0.096872 0.174241
vt 0.083957 0.159617
vt 0.095710 0.165982
vt 0.156557 0.276410
vt 0.177616 0.278526
vt 0.189377 0.294150
vt 0.169399 0.300946
vt 0.079566 0.164201
vt 0.184766 0.347425
vt 0.350709 0.278342
vt 0.343743 0.304538
vt 0.209189 0.252071
vt 0.201324 0.271444
vt 0.201637 0.264112
vt 0.307503 0.467273
vt 0.282164 0.528859
vt 0.257907 0.528891
vt 0.081316 0.298723
vt 0.055468 0.286709
vt 0.062460 0.129154
vt 0.343391 0.338301
vt 0.162717 0.210955
vt 0.393873 0.269884
vt 0.403528 0.286059
vt 0.402539 0.297343
vt 0.279639 0.242869
vt 0.265246 0.273134
vt 0.265748 0.270827
vt 0.267813 0.264977
vt 0.343227 0.237002
vt 0.162654 0.317855
vt 0.158658 0.089062
vt 0.151562 0.072658
vt 0.163475 0.422926
vt 0.130906 0.394846
vt 0.088667 0.389391
vt 0.181312 0.406334
vt 0.182393 0.400733
vt 0.383658 0.153175
vt 0.356941 0.180502
vt 0.045872 0.312069
vt 0.251399 0.263928
vt 0.239486 0.232248
vt 0.094373 0.163279
vt 0.357722 0.236574
vt 0.373376 0.249496
vt 0.343417 0.259775
vt 0.075644 0.309044
vt 0.102425 0.313652
vt 0.096636 0.312302
vt 0.271505 0.517816
vt 0.270293 0.539438
vt 0.143288 0.394934
vt 0.323560 0.145616
vt 0.347518 0.107664
vt 0.199026 0.379217
vt 0.187393 0.373836
vt 0.050595 0.176624
vt 0.062387 0.345865
vt 0.284006 0.192112
vt 0.283067 0.204718
vt 0.258169 0.199499
vt 0.152254 0.260856
vt 0.228525 0.161831
vt 0.088451 0.389121
vt 0.087623 0.388076
vt 0.174900 0.424727
vt 0.276249 0.165160
vt 0.278155 0.163566
vt 0.266323 0.315891
vt 0.254626 0.535445
vt 0.228588 0.489041
vt 0.322182 0.140324
vt 0.321068 0.130451
vt 0.321375 0.131277
vt 0.084958 0.464431
vt 0.067118 0.472536
vt 0.101305 0.429593
vt 0.142829 0.238326
vt 0.134451 0.470257
vt 0.133588 0.449180
vt 0.102405 0.267116
vt 0.265467 0.272091
vt 0.152904 0.273669
vt 0.264148 0.322763
vt 0.343582 0.266463
vt 0.165826 0.443472
vt 0.136412 0.109955
vt 0.376165 0.142281
vt 0.192385 0.134691
vt 0.144753 0.471137
vt 0.129890 0.482476
vt 0.107088 0.451036
vt 0.307787 0.131551
vt 0.184175 0.122395
vt 0.182773 0.131028
vt 0.176489 0.125866
vt 0.069248 0.419780
vt 0.053717 0.416259
vt 0.072445 0.420663
vt 0.066434 0.361776
vt 0.257762 0.200123
vt 0.374300 0.362762
vt 0.335229 0.346186
vt 0.381842 0.346006
vt 0.154238 0.210541
vt 0.332176 0.201495
vt 0.151833 0.206697
vt 0.156208 0.202375
vt 0.033857 0.433488
vt 0.059066 0.458155
vt 0.166550 0.351133
vt 0.318599 0.119287
vt 0.310266 0.124908
vt 0.058440 0.086472
vt 0.201236 0.438797
vt 0.117543 0.424511
vt 0.125021 0.424640
vt 0.332380 0.320424
vt 0.359665 0.113661
vt 0.181883 0.337129
vt 0.179154 0.345112
vt 0.288132 0.069271
vt 0.298557 0.081015
vt 0.309931 0.089015
vt 0.230329 0.478781
vt 0.082811 0.077904
vt 0.081459 0.078425
vt 0.061580 0.078168
vt 0.224265 0.461969
vt 0.215049 0.461131
vt 0.015862 0.257987
vt 0.136080 0.185572
vt 0.145867 0.199225
vt 0.089370 0.222825
vt 0.132012 0.307526
vt 0.307533 0.131175
vt 0.106121 0.451049
vt 0.110818 0.488466
vt 0.099677 0.450126
vt 0.195024 0.126118
vt 0.172304 0.135239
vt 0.095528 0.165875
vt 0.105330 0.486485
vt 0.095799 0.487165
vt 0.311331 0.094966
vt 0.320161 0.100703
vt 0.093520 0.495260
vt 0.085408 0.474676
vt 0.343620 0.269979
vt 0.153510 0.275426
vt 0.078663 0.500068
vt 0.060060 0.501246
vt 0.038254 0.509173
vt 0.080033 0.333029
vt 0.271945 0.227292
vt 0.256613 0.214219
vt 0.040463 0.317357
vt 0.071106 0.270190
vt 0.109117 0.019810
vt 0.096315 0.009676
vt 0.134067 0.074816
vt 0.284075 0.419383
vt 0.271581 0.061865
vt 0.057577 0.518851
vt 0.191692 0.317725
vt 0.081876 0.078262
vt 0.377535 0.233144
vt 0.190622 0.309611
vt 0.198324 0.296396
vt 0.273088 0.237163
vt 0.140858 0.311860
vt 0.354066 0.224439
vt 0.024754 0.212760
vt 0.238963 0.458127
vt 0.337994 0.431425
vt 0.349357 0.443985
vt 0.305880 0.426930
vt 0.288160 0.035201
vt 0.276005 0.038229
vt 0.344928 0.432390
vt 0.359962 0.262838
vt 0.290286 0.532000
vt 0.106804 0.451081
vt 0.163858 0.087483
vt 0.299179 0.461867
vt 0.302783 0.461821
vt 0.322936 0.452156
vt 0.187712 0.122049
vt 0.272668 0.162427
vt 0.300521 0.054413
vt 0.034558 0.529476
vt 0.045876 0.542138
vt 0.033465 0.537969
vt 0.270575 0.041824
vt 0.264656 0.372862
vt 0.294791 0.436758
vt 0.150337 0.204231
vt 0.066135 0.503982
vt 0.224004 0.173306
vt 0.128989 0.072557
vt 0.324963 0.454374
vt 0.306024 0.433097
vt 0.149285 0.102802
vt 0.186640 0.111879
vt 0.180575 0.115440
vt 0.168333 0.103762
vt 0.170181 0.098229
vt 0.086984 0.156671
vt 0.082006 0.157960
vt 0.082186 0.153939
vt 0.195595 0.410291
vt 0.205616 0.394456
vt 0.236892 0.406715
vt 0.236182 0.415011
vt 0.086179 0.160343
vt 0.101702 0.158115
vt 0.258438 0.378671
vt 0.091082 0.120146
vt 0.248196 0.101734
vt 0.249155 0.105228
vt 0.242691 0.112966
vt 0.039288 0.433558
vt 0.086361 0.427321
vt 0.032486 0.446214
vt 0.253372 0.097551
vt 0.033314 0.451996
vt 0.274753 0.110462
vt 0.238084 0.416611
vt 0.237642 0.416244
vt 0.081087 0.118897
vt 0.051846 0.105921
vt 0.083892 0.111101
vt 0.277758 0.150137
vt 0.294494 0.121119
vt 0.291755 0.152355
vt 0.159212 0.145983
vt 0.114825 0.169106
vt 0.114271 0.124041
vt 0.241732 0.452413
vt 0.271277 0.419214
vt 0.266687 0.471687
vt 0.211126 0.159914
vt 0.146684 0.191974
vt 0.158762 0.173846
vt 0.303344 0.110954
vt 0.309693 0.141744
vt 0.270355 0.367973
vt 0.298755 0.353925
vt 0.259536 0.414149
vt 0.321314 0.362732
vt 0.290931 0.408547
vt 0.338092 0.385595
vt 0.334044 0.416387
vt 0.353409 0.318688
vt 0.325301 0.355651
vt 0.313570 0.323412
vt 0.338690 0.367304
vt 0.334603 0.346846
vt 0.132876 0.239795
vt 0.124130 0.280682
vt 0.121542 0.198963
vt 0.318674 0.222411
vt 0.334331 0.251018
vt 0.343514 0.274782
vt 0.113587 0.245021
vt 0.107559 0.219577
vt 0.291211 0.309936
vt 0.066036 0.361163
vt 0.094542 0.340710
vt 0.096404 0.359223
vt 0.335855 0.230286
vt 0.344974 0.239853
vt 0.176253 0.345325
vt 0.154175 0.340463
vt 0.169814 0.343617
vt 0.112493 0.332009
vt 0.136171 0.315334
vt 0.137636 0.293815
vt 0.173491 0.313939
vt 0.136683 0.305088
vt 0.343937 0.236194
vt 0.344424 0.237860
vt 0.322059 0.311390
vt 0.143987 0.356975
vt 0.169177 0.364796
vt 0.190813 0.388893
vt 0.071112 0.377409
vt 0.093851 0.363574
vt 0.112473 0.376012
vt 0.073607 0.420463
vt 0.080702 0.419072
vt 0.112319 0.413166
vt 0.280274 0.161837
vt 0.295714 0.273977
vt 0.093549 0.259113
vt 0.069731 0.268913
vt 0.048040 0.253991
vt 0.266230 0.276588
vt 0.265216 0.294537
vt 0.074315 0.242523
vt 0.039657 0.219018
vt 0.084021 0.223903
vt 0.264221 0.323471
vt 0.264092 0.322191
vt 0.263947 0.320579
vt 0.259076 0.328585
vt 0.226619 0.369101
vt 0.385540 0.401750
vt 0.277718 0.221127
vt 0.295475 0.240842
vt 0.284406 0.238853
vt 0.365027 0.426975
vt 0.342076 0.425197
vt 0.203381 0.156518
vt 0.275963 0.165406
vt 0.306238 0.173494
vt 0.333582 0.166281
vt 0.126781 0.424323
vt 0.124316 0.418819
vt 0.165563 0.437592
vt 0.180961 0.392192
vt 0.134660 0.383841
vt 0.105905 0.293578
vt 0.070876 0.270213
vt 0.148766 0.275130
vt 0.343323 0.248911
vt 0.054389 0.104937
vt 0.111553 0.090646
vt 0.083137 0.077781
vt 0.082491 0.020672
vt 0.107658 0.068808
vt 0.098792 0.016964
vt 0.127402 0.071919
vt 0.125030 0.072729
vt 0.296551 0.461835
vt 0.371466 0.316912
vt 0.369438 0.304155
vt 0.189703 0.259595
vt 0.166660 0.238926
vt 0.204693 0.241964
vt 0.263354 0.311960
vt 0.223529 0.280242
vt 0.135995 0.236777
vt 0.152549 0.215381
vt 0.164369 0.227975
vt 0.148551 0.201527
vt 0.133038 0.225714
vt 0.020580 0.254834
vt 0.025988 0.224142
vt 0.229958 0.312749
vt 0.243549 0.314954
vt 0.333603 0.209113
vt 0.360665 0.208365
vt 0.148518 0.316754
vt 0.174290 0.336434
vt 0.095604 0.189125
vt 0.092705 0.205426
vt 0.087601 0.217102
vt 0.058697 0.176991
vt 0.096872 0.174241
vt 0.083957 0.159617
vt 0.095710 0.165982
vt 0.156557 0.276410
vt 0.177616 0.278526
vt 0.189377 0.294150
vt 0.169399 0.300946
vt 0.079566 0.164201
vt 0.184766 0.347425
vt 0.350709 0.278342
vt 0.343743 0.304538
vt 0.209189 0.252071
vt 0.201324 0.271444
vt 0.201637 0.264112
vt 0.307503 0.467273
vt 0.282164 0.528859
vt 0.257907 0.528891
vt 0.081316 0.298723
vt 0.055468 0.286709
vt 0.062460 0.129154
vt 0.343391 0.338301
vt 0.162717 0.210955
vt 0.393873 0.269884
vt 0.403528 0.286059
vt 0.402539 0.297343
vt 0.279639 0.242869
vt 0.265246 0.273134
vt 0.265748 0.270827
vt 0.267813 0.264977
vt 0.343227 0.237002
vt 0.162654 0.317855
vt 0.158658 0.089062
vt 0.151562 0.072658
vt 0.163475 0.422926
vt 0.130906 0.394846
vt 0.088667 0.389391
vt 0.181312 0.406334
vt 0.182393 0.400733
vt 0.383658 0.153175
vt 0.356941 0.180502
vt 0.045872 0.312069
vt 0.251399 0.263928
vt 0.239486 0.232248
vt 0.094373 0.163279
vt 0.357722 0.236574
vt 0.373376 0.249496
vt 0.343417 0.259775
vt 0.075644 0.309044
vt 0.102425 0.313652
vt 0.096636 0.312302
vt 0.271505 0.517816
vt 0.270293 0.539438
vt 0.143288 0.394934
vt 0.323560 0.145616
vt 0.347518 0.107664
vt 0.199026 0.379217
vt 0.187393 0.373836
vt 0.050595 0.176624
vt 0.062387 0.345865
vt 0.284006 0.192112
vt 0.283067 0.204718
vt 0.258169 0.199499
vt 0.152254 0.260856
vt 0.228525 0.161831
vt 0.088451 0.389121
vt 0.087623 0.388076
vt 0.174900 0.424727
vt 0.276249 0.165160
vt 0.278155 0.163566
vt 0.266323 0.315891
vt 0.254626 0.535445
vt 0.228588 0.489041
vt 0.322182 0.140324
vt 0.321068 0.130451
vt 0.321375 0.131277
vt 0.084958 0.464431
vt 0.067118 0.472536
vt 0.101305 0.429593
vt 0.142829 0.238326
vt 0.134451 0.470257
vt 0.133588 0.449180
vt 0.102405 0.267116
vt 0.265467 0.272091
vt 0.152904 0.273669
vt 0.264148 0.322763
vt 0.343582 0.266463
vt 0.165826 0.443472
vt 0.136412 0.109955
vt 0.376165 0.142281
vt 0.192385 0.134691
vt 0.144753 0.471137
vt 0.129890 0.482476
vt 0.107088 0.451036
vt 0.307787 0.131551
vt 0.184175 0.122395
vt 0.182773 0.131028
vt 0.176489 0.125866
vt 0.069248 0.419780
vt 0.053717 0.416259
vt 0.072445 0.420663
vt 0.066434 0.361776
vt 0.257762 0.200123
vt 0.374300 0.362762
vt 0.335229 0.346186
vt 0.381842 0.346006
vt 0.154238 0.210541
vt 0.332176 0.201495
vt 0.151833 0.206697
vt 0.156208 0.202375
vt 0.033857 0.433488
vt 0.059066 0.458155
vt 0.166550 0.351133
vt 0.318599 0.119287
vt 0.310266 0.124908
vt 0.058440 0.086472
vt 0.201236 0.438797
vt 0.117543 0.424511
vt 0.125021 0.424640
vt 0.332380 0.320424
vt 0.359665 0.113661
vt 0.181883 0.337129
vt 0.179154 0.345112
vt 0.288132 0.069271
vt 0.298557 0.081015
vt 0.309931 0.089015
vt 0.230329 0.478781
vt 0.082811 0.077904
vt 0.081459 0.078425
vt 0.061580 0.078168
vt 0.224265 0.461969
vt 0.215049 0.461131
vt 0.015862 0.257987
vt 0.136080 0.185572
vt 0.145867 0.199225
vt 0.089370 0.222825
vt 0.132012 0.307526
vt 0.307533 0.131175
vt 0.106121 0.451049
vt 0.110818 0.488466
vt 0.099677 0.450126
vt 0.195024 0.126118
vt 0.172304 0.135239
vt 0.095528 0.165875
vt 0.105330 0.486485
vt 0.095799 0.487165
vt 0.311331 0.094966
vt 0.320161 0.100703
vt 0.093520 0.495260
vt 0.085408 0.474676
vt 0.343620 0.269979
vt 0.153510 0.275426
vt 0.078663 0.500068
vt 0.060060 0.501246
vt 0.038254 0.509173
vt 0.080033 0.333029
vt 0.271945 0.227292
vt 0.256613 0.214219
vt 0.040463 0.317357
vt 0.071106 0.270190
vt 0.109117 0.019810
vt 0.096315 0.009676
vt 0.134067 0.074816
vt 0.284075 0.419383
vt 0.271581 0.061865
vt 0.057577 0.518851
vt 0.191692 0.317725
vt 0.081876 0.078262
vt 0.377535 0.233144
vt 0.190622 0.309611
vt 0.198324 0.296396
vt 0.273088 0.237163
vt 0.140858 0.311860
vt 0.354066 0.224439
vt 0.024754 0.212760
vt 0.238963 0.458127
vt 0.337994 0.431425
vt 0.349357 0.443985
vt 0.305880 0.426930
vt 0.288160 0.035201
vt 0.276005 0.038229
vt 0.344928 0.432390
vt 0.359962 0.262838
vt 0.290286 0.532000
vt 0.106804 0.451081
vt 0.163858 0.087483
vt 0.299179 0.461867
vt 0.302783 0.461821
vt 0.322936 0.452156
vt 0.187712 0.122049
vt 0.272668 0.162427
vt 0.300521 0.054413
vt 0.034558 0.529476
vt 0.045876 0.542138
vt 0.033465 0.537969
vt 0.270575 0.041824
vt 0.264656 0.372862
vt 0.294791 0.436758
vt 0.150337 0.204231
vt 0.066135 0.503982
vt 0.224004 0.173306
vt 0.128989 0.072557
vt 0.324963 0.454374
vt 0.306024 0.433097
vt 0.149285 0.102802
vt 0.186640 0.111879
vt 0.180575 0.115440
vt 0.168333 0.103762
vt 0.170181 0.098229
vn 0.169811 0.893703 -0.415282
vn -0.927023 -0.373642 0.031943
vn 0.731774 0.608332 0.307310
vn -0.899389 -0.290346 -0.326801
vn -0.818678 -0.566461 -0.094282
vn 0.456455 0.101444 0.883945
vn 0.698968 0.715152 0.001349
vn -0.885624 -0.395225 -0.243859
vn 0.838141 0.497676 0.223243
vn 0.278159 0.703306 -0.654208
vn -0.341044 -0.723958 0.599645
vn -0.420460 -0.674130 0.607258
vn 0.292809 0.817376 -0.496145
vn 0.409225 0.814355 -0.411535
vn 0.245834 0.647946 -0.720925
vn -0.849714 -0.298247 0.434781
vn -0.760670 -0.649135 0.002271
vn -0.931142 -0.351892 -0.095638
vn 0.621932 0.773443 0.122423
vn -0.726990 -0.663448 0.176982
vn -0.155944 -0.947735 0.278353
vn -0.629567 -0.677611 0.380118
vn -0.289637 0.536466 0.792663
vn 0.022842 0.738705 0.673642
vn 0.137224 0.704430 0.696382
vn -0.884461 -0.440929 -0.152680
vn -0.278954 -0.691246 -0.666606
vn -0.365742 -0.545878 -0.753824
vn 0.338430 -0.104969 -0.935119
vn 0.246537 -0.469679 -0.847715
vn -0.540666 0.816709 0.201658
vn 0.510974 -0.790161 -0.338454
vn 0.445528 -0.816628 -0.366911
vn -0.789666 -0.612710 0.031858
vn -0.313682 -0.845288 -0.432541
vn -0.843414 -0.528770 -0.095159
vn 0.355680 -0.559623 -0.748541
vn 0.279795 -0.523420 -0.804827
vn 0.390094 -0.591709 -0.705483
vn -0.035300 -0.282526 -0.958610
vn 0.594859 -0.747711 -0.295078
vn 0.494266 -0.458890 -0.738324
vn 0.270927 0.783392 0.559370
vn -0.221605 0.473420 0.852505
vn -0.027809 0.533327 0.845452
vn 0.153079 0.939863 0.305328
vn -0.138976 -0.981065 -0.134898
vn 0.074583 -0.412103 -0.908080
vn 0.494295 -0.699068 -0.516698
vn 0.753411 0.636319 -0.165741
vn 0.813170 0.581561 -0.023261
vn -0.764924 -0.615028 0.191396
vn -0.544147 0.758111 0.359404
vn 0.535215 0.827220 -0.171033
vn 0.439527 0.840534 -0.316731
vn 0.515421 -0.718844 -0.466481
vn 0.710293 -0.678956 -0.185747
vn 0.009520 -0.696360 -0.717629
vn -0.787933 0.601047 0.133804
vn -0.763800 0.634238 0.119798
vn -0.164657 0.949634 0.266614
vn -0.488670 0.713270 0.502442
vn -0.672353 0.702188 0.234252
vn -0.053270 -0.562402 -0.825147
vn 0.472580 0.607590 0.638359
vn -0.190228 0.714186 0.673610
vn 0.609066 -0.604805 -0.513078
vn -0.100258 0.789091 0.606039
vn 0.853805 -0.482129 -0.196388
vn 0.986741 -0.130971 -0.095862
vn 0.255533 0.923792 -0.285151
vn 0.513107 0.788293 -0.339583
vn 0.187795 0.980190 -0.062934
vn 0.375727 0.846520 -0.377138
vn 0.255223 0.954658 -0.153260
vn -0.605885 -0.785273 0.127475
vn -0.712816 -0.681729 0.164737
vn 0.493664 0.811606 -0.312396
vn -0.765172 -0.553401 -0.329029
vn 0.277335 0.658795 -0.699338
vn -0.711543 -0.700283 0.057538
vn 0.577909 0.792147 -0.196279
vn 0.745194 0.427352 0.511914
vn 0.765714 0.358922 0.533720
vn -0.530112 -0.747981 0.399381
vn -0.849898 -0.456057 -0.263982
vn -0.745970 -0.664884 -0.038193
vn -0.460679 -0.564932 0.684563
vn -0.642318 -0.715860 0.273811
vn 0.624955 0.725401 0.288488
vn 0.656074 -0.554058 -0.512433
vn 0.872851 -0.449398 0.190190
vn -0.175485 0.880376 0.440616
vn -0.584714 -0.737359 0.338246
vn -0.491030 -0.832521 0.256512
vn 0.478872 -0.740133 -0.472106
vn 0.271902 -0.786817 -0.554065
vn -0.766430 0.637397 0.079432
vn -0.781583 0.622106 -0.045955
vn -0.048962 0.891352 0.450661
vn -0.677873 0.677784 0.284776
vn 0.444712 0.858253 -0.256189
vn 0.649199 0.654777 0.387051
vn -0.216832 0.647661 0.730424
vn 0.289988 -0.712412 -0.639043
vn 0.684730 0.683742 0.252273
vn 0.387587 0.641045 0.662448
vn 0.584719 0.440033 0.681524
vn 0.765080 0.295803 0.571974
vn 0.589677 0.475901 0.652533
vn 0.713323 0.230530 0.661835
vn 0.376888 -0.326803 -0.866692
vn 0.266692 0.431300 0.861891
vn 0.363982 -0.541608 -0.757745
vn 0.119187 0.389685 0.913203
vn 0.735053 -0.660124 -0.154703
vn -0.545026 0.739333 0.395390
vn 0.477600 0.589119 0.651795
vn 0.053709 -0.485869 0.872380
vn -0.860326 -0.507826 0.044186
vn -0.655737 0.751954 0.067636
vn -0.613701 0.767651 0.184616
vn 0.443718 0.850723 -0.281752
vn 0.401183 0.915076 0.041098
vn -0.791306 -0.500018 0.351876
vn -0.088213 -0.558144 -0.825042
vn -0.206658 0.905110 0.371576
vn 0.784804 0.615550 0.071981
vn 0.278496 0.831770 -0.480208
vn 0.446514 0.889814 -0.094108
vn 0.827902 0.204162 0.522394
vn -0.421643 -0.601734 0.678331
vn 0.390439 -0.469931 0.791658
vn -0.012251 0.646449 0.762859
vn 0.996038 -0.062438 0.063331
vn 0.045976 0.870817 0.489453
vn -0.652671 0.697579 0.295643
vn 0.626402 0.609969 0.485344
vn -0.927663 -0.266578 -0.261491
vn -0.110360 -0.390918 -0.913785
vn 0.354126 -0.727122 -0.588122
vn 0.782881 -0.252884 -0.568460
vn 0.132666 -0.401291 -0.906292
vn -0.305913 0.950151 -0.060260
vn 0.200326 -0.460156 -0.864943
vn -0.885528 -0.428902 0.178558
vn 0.559134 0.751646 -0.349855
vn 0.300090 0.952716 0.047733
vn 0.766004 -0.636803 -0.087862
vn 0.187690 -0.222397 -0.956719
vn -0.635193 -0.760584 0.134317
vn -0.468220 -0.724357 0.506041
vn -0.606384 -0.570662 0.553754
vn 0.949041 -0.290590 -0.121983
vn 0.075429 0.396408 0.914971
vn 0.249431 0.156078 0.955732
vn -0.006795 0.857272 0.514819
vn -0.213785 0.856416 0.469945
vn 0.443785 0.841683 -0.307613
vn -0.248689 -0.586332 -0.770953
vn -0.829070 0.500500 -0.249283
vn 0.418907 0.783665 -0.458679
vn -0.766348 -0.637466 0.079675
vn 0.726140 -0.323563 -0.606653
vn 0.728616 -0.664743 -0.165033
vn 0.152828 0.261825 -0.952938
vn -0.733661 -0.484437 -0.476511
vn -0.442679 -0.872588 -0.206460
vn 0.108709 -0.710650 -0.695096
vn -0.467277 0.535631 0.703386
vn -0.600497 -0.740072 0.302815
vn -0.616721 -0.750922 0.236161
vn -0.699636 -0.618027 0.358541
vn -0.533850 0.722341 0.439576
vn -0.046418 0.847864 -0.528178
vn 0.899575 -0.349211 -0.262331
vn -0.490372 -0.653337 0.576789
vn -0.552149 -0.802543 0.225958
vn 0.742576 -0.627533 -0.234059
vn 0.909508 -0.335533 -0.245384
vn 0.317218 0.733807 0.600749
vn -0.478066 0.865164 0.151476
vn -0.188182 0.952778 -0.238329
vn 0.000538 0.996488 -0.083731
vn -0.614559 0.777273 -0.134772
vn 0.659308 0.751741 -0.014101
vn -0.244674 0.528270 0.813059
vn 0.197028 0.658060 0.726730
vn -0.293157 -0.530857 -0.795141
vn -0.936799 0.238317 -0.256149
vn 0.380477 -0.816505 -0.434231
vn 0.413436 -0.454730 -0.788854
vn -0.126908 0.496484 0.858719
vn 0.389395 0.867740 -0.308868
vn 0.384313 0.914368 -0.127418
vn 0.838827 -0.429596 -0.334391
vn 0.350172 0.085399 0.932784
vn -0.479817 0.818500 0.315964
vn 0.666685 -0.628950 -0.399942
vn -0.143670 0.679765 0.719220
vn 0.746884 0.536156 0.393320
vn -0.026797 0.892916 0.449426
vn 0.816174 -0.320636 -0.480680
vn -0.128886 -0.843345 0.521688
vn 0.606381 -0.757481 -0.241918
vn 0.363989 0.247373 -0.897952
vn -0.962071 -0.265172 -0.064061
vn 0.828121 0.484711 0.281551
vn -0.686229 -0.707984 0.166878
vn -0.448888 0.782371 0.431736
vn 0.776711 -0.528356 -0.342870
vn 0.931917 -0.315692 -0.178518
vn -0.014260 0.958654 0.284215
vn 0.210210 0.423111 0.881356
vn -0.182213 0.971606 0.150930
vn -0.821079 0.560010 -0.110533
vn 0.463744 -0.786763 -0.407363
vn -0.199336 0.927121 -0.317350
vn -0.786325 0.229420 0.573638
vn 0.454422 0.759419 0.465601
vn 0.978033 -0.079508 0.192691
vn -0.095066 0.485708 0.868936
vn 0.311688 -0.453581 -0.834934
vn 0.601547 0.308538 -0.736848
vn -0.339984 -0.224997 -0.913120
vn -0.536105 0.841311 0.069198
vn 0.385541 -0.592716 -0.707139
vn 0.235761 -0.570501 -0.786731
vn 0.199582 -0.837028 -0.509462
vn -0.358093 -0.801562 0.478819
vn 0.842423 -0.441646 -0.308663
vn -0.448193 0.637992 -0.626171
vn 0.327031 -0.407805 -0.852494
vn 0.338020 -0.547234 -0.765688
vn 0.338020 -0.547234 -0.765688
vn 0.338020 -0.547234 -0.765688
vn 0.338020 -0.547234 -0.765688
vn -0.052066 0.859679 -0.508175
vn -0.052066 0.859679 -0.508175
vn -0.052066 0.859679 -0.508175
vn -0.052066 0.859679 -0.508175
vn 0.234822 -0.551007 -0.800781
vn 0.234821 -0.551007 -0.800781
vn 0.234822 -0.551007 -0.800781
vn 0.234821 -0.551007 -0.800781
vn 0.227308 -0.598834 -0.767938
vn 0.227308 -0.598834 -0.767938
vn 0.227308 -0.598834 -0.767938
vn 0.227308 -0.598834 -0.767938
vn -0.270917 0.738695 -0.617198
vn -0.270917 0.738695 -0.617198
vn -0.270917 0.738695 -0.617198
vn -0.270917 0.738695 -0.617198
vn -0.122880 0.462313 0.878161
vn -0.122880 0.462313 0.878161
vn -0.122880 0.462313 0.878161
vn -0.122880 0.462313 0.878161
vn 0.986162 -0.019306 0.164655
vn 0.986162 -0.019306 0.164655
vn 0.986162 -0.019306 0.164655
vn 0.986162 -0.019306 0.164655
vn 0.333840 -0.694976 0.636835
vn 0.333840 -0.694976 0.636835
vn 0.333840 -0.694976 0.636835
vn 0.333840 -0.694976 0.636835
vn 0.640072 0.756301 -0.135340
vn -0.724706 -0.172928 -0.667006
vn 0.417450 0.497127 0.760658
vn -0.429553 -0.160833 -0.888604
vn -0.614741 -0.402405 -0.678353
vn -0.305237 0.163195 0.938189
vn 0.641822 0.553011 0.531266
vn -0.507061 -0.250201 -0.824796
vn 0.517628 0.354778 0.778585
vn 0.831151 0.509282 -0.223203
vn -0.838701 -0.526436 0.139449
vn -0.882855 -0.461370 0.087776
vn 0.758032 0.644183 -0.102058
vn 0.772849 0.633284 0.040704
vn 0.843054 0.450552 -0.293706
vn -0.941347 -0.044770 -0.334456
vn -0.667317 -0.476523 -0.572376
vn -0.630879 -0.173488 -0.756237
vn 0.520685 0.645576 0.558676
vn -0.773507 -0.466400 -0.429137
vn -0.547970 -0.834949 0.050884
vn -0.858319 -0.463557 -0.220006
vn -0.612539 0.713283 0.340622
vn -0.271208 0.826219 0.493769
vn -0.221850 0.774689 0.592148
vn -0.583169 -0.278544 -0.763104
vn 0.111728 -0.728955 -0.675383
vn 0.155338 -0.586963 -0.794572
vn 0.858732 -0.331531 -0.390725
vn 0.641126 -0.650034 -0.407938
vn -0.282035 0.929379 -0.238142
vn 0.367229 -0.921818 0.124075
vn 0.337670 -0.939596 0.056025
vn -0.697740 -0.430526 -0.572544
vn -0.117904 -0.829736 -0.545561
vn -0.620376 -0.361269 -0.696146
vn 0.618046 -0.740925 -0.262773
vn 0.618191 -0.700908 -0.355764
vn 0.601450 -0.771061 -0.209099
vn 0.585415 -0.433575 -0.685057
vn 0.401924 -0.889819 0.216054
vn 0.727349 -0.669284 -0.151727
vn -0.016438 0.800597 0.598977
vn -0.627274 0.649658 0.429502
vn -0.480247 0.668177 0.568245
vn 0.128524 0.930195 0.343830
vn -0.251460 -0.942855 -0.218617
vn 0.587226 -0.571193 -0.573502
vn 0.506901 -0.861975 -0.007133
vn 0.775613 0.436951 0.455520
vn 0.698792 0.397353 0.594812
vn -0.795813 -0.409615 -0.445978
vn -0.412023 0.901136 -0.134878
vn 0.687158 0.663057 0.296934
vn 0.731953 0.669209 0.128078
vn 0.479653 -0.876452 0.042012
vn 0.417285 -0.827000 0.376755
vn 0.334719 -0.799432 -0.498870
vn -0.451227 0.758045 -0.470917
vn -0.416987 0.782758 -0.461964
vn -0.048401 0.995210 0.084938
vn -0.489320 0.872102 0.001912
vn -0.421034 0.850471 -0.315324
vn 0.405381 -0.676762 -0.614540
vn 0.012662 0.605331 0.795873
vn -0.416391 0.844434 0.336972
vn 0.603801 -0.792921 0.081851
vn -0.290061 0.887177 0.358860
vn 0.569942 -0.667122 0.479702
vn 0.677010 -0.336684 0.654447
vn 0.611524 0.791046 0.016871
vn 0.782527 0.600332 0.165085
vn 0.423879 0.897760 0.119810
vn 0.734937 0.676932 0.040379
vn 0.525445 0.844056 0.107129
vn -0.691191 -0.616386 -0.377258
vn -0.760287 -0.489019 -0.427580
vn 0.756639 0.631366 0.169926
vn -0.409333 -0.441391 -0.798511
vn 0.851072 0.458613 -0.255637
vn -0.688038 -0.525903 -0.500030
vn 0.723767 0.616432 0.310118
vn 0.233148 0.355753 0.905031
vn 0.213080 0.289545 0.933146
vn -0.825655 -0.547579 -0.135836
vn -0.485368 -0.319464 -0.813855
vn -0.633045 -0.501802 -0.589448
vn -0.935464 -0.334653 0.113641
vn -0.801004 -0.516520 -0.302655
vn 0.391865 0.627701 0.672632
vn 0.647257 -0.753080 0.118024
vn 0.315723 -0.571519 0.757420
vn -0.197463 0.961002 0.193605
vn -0.814921 -0.537335 -0.217200
vn -0.720653 -0.661808 -0.206564
vn 0.454312 -0.890776 0.010865
vn 0.365591 -0.909534 -0.197717
vn -0.389054 0.779287 -0.491272
vn -0.313757 0.745449 -0.588101
vn -0.119268 0.948524 0.293389
vn -0.467016 0.836816 -0.285718
vn 0.696915 0.695857 0.173470
vn 0.319054 0.572101 0.755582
vn -0.491646 0.795390 0.354456
vn 0.457329 -0.856205 -0.240341
vn 0.445694 0.569475 0.690692
vn -0.051119 0.658459 0.750878
vn 0.011152 0.429166 0.903157
vn 0.168896 0.235449 0.957099
vn 0.044404 0.457733 0.887980
vn 0.054120 0.198382 0.978630
vn 0.777006 -0.541137 -0.321610
vn -0.326789 0.514795 0.792588
vn 0.634811 -0.726709 -0.262505
vn -0.470335 0.512593 0.718355
vn 0.416286 -0.808249 0.416461
vn -0.443016 0.889547 -0.111547
vn 0.001513 0.588786 0.808288
vn -0.713232 -0.326397 0.620295
vn -0.725085 -0.313329 -0.613251
vn -0.278555 0.866032 -0.415206
vn -0.330364 0.893394 -0.304477
vn 0.712518 0.684280 0.155176
vn 0.471803 0.811299 0.345248
vn -0.897117 -0.265410 -0.353184
vn 0.383705 -0.665739 -0.639971
vn -0.162215 0.978886 0.124373
vn 0.621391 0.452444 0.639662
vn 0.741162 0.663635 -0.101333
vn 0.590969 0.754350 0.285854
vn 0.221131 0.126030 0.967067
vn -0.915253 -0.378850 0.137055
vn -0.432119 -0.391123 0.812586
vn -0.381734 0.759774 0.526330
vn 0.587641 -0.244754 0.771215
vn -0.090437 0.916869 0.388810
vn -0.453128 0.852904 -0.259288
vn 0.222457 0.550564 0.804607
vn -0.488211 -0.120901 -0.864311
vn 0.476192 -0.515639 -0.712290
vn 0.459059 -0.874039 -0.159124
vn 0.848638 -0.497214 0.180531
vn 0.626523 -0.572025 -0.529393
vn 0.092377 0.966152 -0.240866
vn 0.625728 -0.634854 -0.453238
vn -0.816527 -0.208668 -0.538277
vn 0.810243 0.554128 0.190917
vn 0.411080 0.868609 0.276644
vn 0.394994 -0.780106 0.485195
vn 0.745095 -0.419111 -0.518826
vn -0.708724 -0.585594 -0.393433
vn -0.855052 -0.518251 -0.017396
vn -0.938787 -0.334545 -0.082213
vn 0.629168 -0.488113 0.604891
vn -0.498376 0.527921 0.687693
vn -0.476952 0.269095 0.836723
vn -0.146410 0.918596 0.367077
vn -0.249559 0.950543 0.184899
vn 0.728567 0.671049 0.137418
vn 0.233238 -0.651947 -0.721503
vn -0.231773 0.601853 -0.764234
vn 0.804742 0.593437 0.014942
vn -0.723055 -0.450674 -0.523531
vn 0.820346 -0.560956 0.111175
vn 0.418246 -0.813249 0.404595
vn 0.846537 0.055711 -0.529407
vn -0.265760 -0.406858 -0.873978
vn -0.370020 -0.791144 -0.487007
vn 0.379424 -0.828820 -0.411212
vn -0.665041 0.731638 0.149755
vn -0.800665 -0.543118 -0.252900
vn -0.766665 -0.562033 -0.310393
vn -0.873085 -0.395962 -0.284493
vn -0.471658 0.878694 -0.073722
vn 0.567801 0.734448 -0.371736
vn 0.681432 -0.559575 0.471727
vn -0.901195 -0.433107 0.016321
vn -0.730843 -0.626285 -0.271359
vn 0.486138 -0.792262 0.368770
vn 0.679569 -0.545197 0.490863
vn -0.028756 0.750934 0.659751
vn -0.192801 0.955060 -0.225142
vn 0.296488 0.914390 -0.275655
vn 0.320876 0.946610 -0.031097
vn -0.101006 0.846920 -0.522038
vn 0.636554 0.593383 0.492642
vn -0.599891 0.700157 0.387184
vn -0.216584 0.723569 0.655393
vn 0.235966 -0.593994 -0.769084
vn -0.365653 0.369207 -0.854391
vn 0.343228 -0.938506 -0.037421
vn 0.711890 -0.658104 -0.245178
vn -0.563954 0.654381 0.503727
vn 0.700883 0.706594 0.097409
vn 0.580608 0.784374 0.218294
vn 0.672242 -0.637667 0.376126
vn -0.413433 0.177046 0.893156
vn -0.323323 0.939185 -0.115727
vn 0.554419 -0.807751 0.200396
vn -0.427593 0.810029 0.401269
vn 0.347157 0.439582 0.828402
vn -0.103576 0.945436 0.308905
vn 0.790188 -0.553615 0.262894
vn -0.676275 -0.696846 0.238866
vn 0.368924 -0.892242 0.260381
vn 0.941194 0.009121 -0.337745
vn -0.650831 -0.078264 -0.755178
vn 0.466197 0.354467 0.810564
vn -0.751410 -0.519149 -0.407268
vn -0.394956 0.918572 -0.015325
vn 0.611665 -0.722493 0.322288
vn 0.651819 -0.518599 0.553342
vn 0.039441 0.977463 0.207388
vn -0.379569 0.521484 0.764187
vn 0.028262 0.999582 -0.006035
vn -0.309855 0.681919 -0.662553
vn 0.386139 -0.921455 0.042631
vn 0.338796 0.877970 -0.338209
vn -0.860651 0.476292 -0.180074
vn 0.163576 0.725067 0.668970
vn 0.479324 -0.234886 0.845622
vn -0.553319 0.639527 0.533707
vn 0.678699 -0.645082 -0.351052
vn 0.997342 0.050472 -0.052548
vn 0.369582 -0.310290 -0.875859
vn -0.178309 0.929000 -0.324292
vn 0.599393 -0.771443 -0.213549
vn 0.564244 -0.734582 -0.376853
vn 0.273433 -0.936027 -0.221558
vn -0.784069 -0.619193 0.042844
vn 0.653009 -0.645526 0.396076
vn 0.320716 0.593767 -0.737958
vn 0.713211 -0.606971 -0.350596
vn 0.622057 -0.728435 -0.287101
vn 0.622057 -0.728435 -0.287101
vn 0.622057 -0.728435 -0.287101
vn 0.622057 -0.728435 -0.287101
vn 0.552989 0.750479 -0.361918
vn 0.552989 0.750479 -0.361918
vn 0.552989 0.750479 -0.361918
vn 0.552989 0.750479 -0.361918
vn 0.578747 -0.718022 -0.386648
vn 0.578747 -0.718022 -0.386648
vn 0.578747 -0.718022 -0.386648
vn 0.578747 -0.718022 -0.386648
vn 0.537985 -0.756900 -0.371046
vn 0.537985 -0.756900 -0.371046
vn 0.537985 -0.756900 -0.371046
vn 0.537985 -0.756900 -0.371046
vn 0.456200 0.657707 -0.599419
vn 0.456200 0.657707 -0.599419
vn 0.456200 0.657707 -0.599419
vn 0.456200 0.657707 -0.599419
vn -0.584112 0.624054 0.519008
vn -0.584112 0.624054 0.519008
vn -0.584112 0.624054 0.519008
vn -0.584112 0.624054 0.519008
vn 0.520348 -0.183474 0.834011
vn 0.520348 -0.183474 0.834011
vn 0.520348 -0.183474 0.834011
vn 0.520348 -0.183474 0.834012
vn -0.417767 -0.624385 0.660011
vn -0.417767 -0.624385 0.660011
vn -0.417767 -0.624385 0.660011
vn -0.417767 -0.624385 0.660011
vn -0.178769 0.884034 -0.431886
vn -0.501134 -0.270401 0.822039
vn 0.703267 0.512779 -0.492415
vn -0.780637 -0.177726 0.599183
vn -0.566718 -0.469311 0.677184
vn 0.996041 0.018771 0.086886
vn 0.438016 0.633457 -0.637866
vn -0.712921 -0.286496 0.640050
vn 0.679418 0.394192 -0.618873
vn -0.338871 0.691581 -0.637873
vn 0.257591 -0.703187 0.662703
vn 0.226141 -0.645155 0.729819
vn -0.187992 0.797502 -0.573280
vn -0.054949 0.778680 -0.625010
vn -0.417209 0.642511 -0.642742
vn -0.114359 -0.218424 0.969130
vn -0.462015 -0.561206 0.686724
vn -0.608665 -0.243818 0.755036
vn 0.503942 0.695499 -0.512175
vn -0.298311 -0.585519 0.753776
vn 0.066149 -0.934221 0.350508
vn -0.076784 -0.617522 0.782797
vn 0.560140 0.536248 0.631412
vn 0.644839 0.707045 0.290294
vn 0.721920 0.659604 0.209176
vn -0.639722 -0.335249 0.691639
vn -0.771311 -0.632004 -0.075167
vn -0.877964 -0.474932 -0.060155
vn -0.615330 -0.107848 -0.780857
vn -0.623464 -0.463194 -0.629876
vn -0.045798 0.863429 0.502387
vn -0.082695 -0.828771 -0.553443
vn -0.143945 -0.846968 -0.511786
vn -0.449322 -0.522933 0.724328
vn -0.606723 -0.789624 0.091553
vn -0.577297 -0.429069 0.694715
vn -0.489850 -0.568157 -0.661245
vn -0.574461 -0.521757 -0.630685
vn -0.438159 -0.605294 -0.664557
vn -0.850329 -0.242365 -0.467118
vn 0.002317 -0.797502 -0.603312
vn -0.398315 -0.483797 -0.779286
vn 0.685071 0.728272 0.017259
vn 0.641113 0.464041 0.611262
vn 0.743929 0.502502 0.440524
vn 0.422558 0.905755 -0.032456
vn -0.275350 -0.954361 0.115666
vn -0.760883 -0.384764 -0.522508
vn -0.233390 -0.730161 -0.642179
vn 0.319493 0.555108 -0.767971
vn 0.466281 0.489075 -0.737148
vn -0.302147 -0.533664 0.789880
vn 0.079764 0.799881 0.594835
vn 0.215698 0.768962 -0.601808
vn 0.043312 0.797939 -0.601180
vn -0.181656 -0.753977 -0.631284
vn 0.162012 -0.745853 -0.646108
vn -0.660823 -0.666922 -0.344279
vn -0.254048 0.678985 0.688795
vn -0.250020 0.709614 0.658740
vn 0.221336 0.951799 0.212344
vn 0.225679 0.744174 0.628709
vn -0.098864 0.762969 0.638831
vn -0.772701 -0.523144 -0.359519
vn 0.843364 0.528653 -0.096245
vn 0.528896 0.706194 0.470700
vn -0.160670 -0.649243 -0.743417
vn 0.526777 0.773095 0.353314
vn 0.247238 -0.565764 -0.786629
vn 0.434165 -0.234872 -0.869676
vn -0.020826 0.899773 -0.435861
vn 0.058636 0.738791 -0.671379
vn 0.134943 0.955219 -0.263339
vn -0.041013 0.813075 -0.580712
vn 0.092655 0.925687 -0.366767
vn -0.286289 -0.717970 0.634474
vn -0.302722 -0.604743 0.736645
vn 0.073208 0.763098 -0.642124
vn -0.734463 -0.453776 0.504630
vn -0.381314 0.649010 -0.658321
vn -0.393838 -0.619443 0.679103
vn 0.214102 0.730357 -0.648644
vn 0.866340 0.324168 -0.379962
vn 0.889468 0.253205 -0.380438
vn -0.013804 -0.699024 0.714965
vn -0.716229 -0.350132 0.603675
vn -0.489558 -0.577096 0.653677
vn 0.279431 -0.535086 0.797246
vn -0.176421 -0.650225 0.738974
vn 0.640947 0.641454 -0.421574
vn -0.130560 -0.604032 -0.786193
vn 0.585507 -0.549081 -0.596399
vn 0.355762 0.877923 0.320446
vn -0.093434 -0.680268 0.726983
vn -0.120689 -0.782120 0.611328
vn -0.207783 -0.770870 -0.602150
vn -0.391360 -0.791507 -0.469419
vn -0.285129 0.714519 0.638877
vn -0.400036 0.705464 0.585057
vn 0.432627 0.874585 0.218943
vn -0.061547 0.737493 0.672544
vn 0.098573 0.812784 -0.574165
vn 0.730434 0.565123 -0.383537
vn 0.556592 0.640919 0.528610
vn -0.446462 -0.716568 -0.535912
vn 0.638651 0.594781 -0.488222
vn 0.821276 0.570348 -0.014471
vn 0.924506 0.348325 -0.154784
vn 0.915690 0.189190 -0.354568
vn 0.905978 0.384458 -0.177188
vn 0.957824 0.126769 -0.257883
vn -0.557055 -0.334912 -0.759950
vn 0.905746 0.368183 0.209917
vn -0.491547 -0.550812 -0.674528
vn 0.866493 0.341234 0.364347
vn 0.202998 -0.730945 -0.651546
vn 0.107883 0.780117 0.616261
vn 0.855731 0.509200 -0.091875
vn 0.718901 -0.519817 0.461489
vn -0.467276 -0.411380 0.782573
vn -0.225656 0.816601 0.531265
vn -0.103517 0.823330 0.558042
vn 0.075845 0.806379 -0.586516
vn 0.330483 0.863334 -0.381361
vn -0.170919 -0.422307 0.890193
vn -0.790890 -0.515089 -0.330418
vn 0.283245 0.908404 0.307531
vn 0.534296 0.522558 -0.664425
vn -0.180922 0.812784 -0.553760
vn 0.238679 0.838135 -0.490472
vn 0.899310 0.093066 -0.427294
vn 0.291714 -0.575602 0.763928
vn 0.832198 -0.537951 0.134370
vn 0.692855 0.616099 0.374666
vn 0.579064 -0.173855 -0.796530
vn 0.514068 0.842344 0.161836
vn -0.037146 0.754051 0.655765
vn 0.796941 0.519590 -0.308077
vn -0.738669 -0.153419 0.656377
vn -0.862359 -0.343425 -0.372015
vn -0.370826 -0.740010 -0.561136
vn -0.083016 -0.316778 -0.944860
vn -0.727324 -0.380695 -0.571027
vn -0.128909 0.979578 0.154301
vn -0.661745 -0.448061 -0.601112
vn -0.360601 -0.335077 0.870454
vn 0.071299 0.697703 -0.712830
vn 0.285453 0.911616 -0.295759
vn 0.277795 -0.713608 -0.643112
vn -0.724416 -0.207173 -0.657496
vn -0.293931 -0.690487 0.660933
vn 0.111005 -0.686189 0.718904
vn 0.091177 -0.520052 0.849254
vn 0.377695 -0.388690 -0.840397
vn 0.845237 0.352611 0.401548
vn 0.950842 0.093367 0.295266
vn 0.506052 0.833790 0.220694
vn 0.357847 0.857287 0.370142
vn 0.053353 0.798264 -0.599941
vn -0.833577 -0.527301 -0.164631
vn -0.607311 0.597086 0.524081
vn -0.092194 0.748794 -0.656360
vn -0.398819 -0.551851 0.732396
vn -0.151754 -0.379451 -0.912681
vn 0.190455 -0.734460 -0.651379
vn -0.696477 0.277564 -0.661724
vn -0.835517 -0.383395 0.393599
vn -0.487870 -0.810651 0.323771
vn -0.590128 -0.692982 -0.414156
vn 0.390209 0.558129 0.732276
vn -0.131894 -0.679975 0.721275
vn -0.197572 -0.686569 0.699706
vn -0.127007 -0.549703 0.825649
vn 0.149518 0.760396 0.632015
vn -0.393076 0.866315 -0.308204
vn 0.228041 -0.436464 -0.870343
vn 0.165035 -0.615785 0.770436
vn -0.176320 -0.744541 0.643871
vn 0.143142 -0.696635 -0.703001
vn 0.248824 -0.424369 -0.870631
vn 0.740171 0.672404 0.004438
vn -0.050261 0.906481 0.419245
vn -0.215618 0.975631 -0.040655
vn 0.019011 0.992747 -0.118712
vn -0.371665 0.844470 0.385663
vn 0.407117 0.674750 -0.615604
vn 0.600538 0.522446 0.605313
vn 0.775203 0.605882 0.178797
vn -0.872617 -0.466554 -0.144455
vn -0.693800 0.349231 0.629825
vn -0.235291 -0.837275 -0.493567
vn -0.483572 -0.468812 -0.739170
vn 0.698906 0.476330 0.533517
vn 0.025611 0.830218 -0.556850
vn 0.179654 0.870580 -0.458055
vn 0.127795 -0.506884 -0.852489
vn 0.978984 0.012880 0.203532
vn 0.083026 0.854363 0.513001
vn -0.036913 -0.683656 -0.728870
vn 0.589059 0.665168 0.458869
vn 0.777212 0.436328 -0.453385
vn 0.443614 0.873710 0.199594
vn 0.002484 -0.390878 -0.920439
vn 0.294602 -0.842209 0.451546
vn 0.052266 -0.810452 -0.583470
vn -0.539106 0.237366 -0.808098
vn -0.590854 -0.155364 0.791678
vn 0.721951 0.380333 -0.578043
vn -0.289034 -0.633849 0.717423
vn 0.193571 0.811001 0.552094
vn 0.078712 -0.598039 -0.797593
vn 0.318829 -0.409446 -0.854811
vn 0.317222 0.943572 0.095092
vn 0.891286 0.365466 0.268409
vn 0.116681 0.979709 0.162959
vn -0.481005 0.650366 0.587927
vn -0.165596 -0.817865 -0.551067
vn -0.290341 0.954203 -0.072106
vn 0.083515 0.293802 0.952211
vn 0.701931 0.687686 -0.185421
vn 0.676775 -0.193444 -0.710321
vn 0.723537 0.461712 0.513144
vn -0.576484 -0.454889 -0.678780
vn -0.271191 0.266818 -0.924805
vn -0.969449 -0.153473 -0.191350
vn -0.152616 0.892084 0.425317
vn -0.442069 -0.605786 -0.661512
vn -0.586883 -0.564391 -0.580544
vn -0.396825 -0.835107 -0.380955
vn 0.139968 -0.774034 0.617480
vn 0.150363 -0.520197 -0.840706
vn -0.708689 0.705466 -0.008866
vn -0.578976 -0.410461 -0.704492
vn -0.512621 -0.553163 -0.656681
vn -0.512621 -0.553163 -0.656681
vn -0.512621 -0.553163 -0.656681
vn -0.512621 -0.553163 -0.656681
vn -0.378365 0.877834 -0.293679
vn -0.378365 0.877834 -0.293679
vn -0.378365 0.877834 -0.293679
vn -0.378365 0.877834 -0.293679
vn -0.597509 -0.544397 -0.588740
vn -0.597509 -0.544397 -0.588740
vn -0.597509 -0.544397 -0.588740
vn -0.597509 -0.544397 -0.588741
vn -0.578141 -0.592231 -0.561262
vn -0.578141 -0.592231 -0.561262
vn -0.578141 -0.592231 -0.561262
vn -0.578141 -0.592231 -0.561262
vn -0.597522 0.785718 -0.160045
vn -0.597522 0.785718 -0.160045
vn -0.597522 0.785718 -0.160045
vn -0.597522 0.785718 -0.160045
vn 0.714365 0.441227 0.543140
vn 0.714365 0.441227 0.543140
vn 0.714365 0.441227 0.543140
vn 0.714365 0.441227 0.543140
vn 0.662878 -0.133678 -0.736697
vn 0.662878 -0.133678 -0.736697
vn 0.662878 -0.133678 -0.736697
vn 0.662878 -0.133678 -0.736697
vn 0.651574 -0.749856 0.114748
vn 0.651574 -0.749856 0.114748
vn 0.651574 -0.749856 0.114748
vn 0.651574 -0.749856 0.114748
vn 0.565410 0.545011 0.619092
vn 0.336256 -0.239729 -0.910748
vn -0.388373 0.627137 0.675179
vn 0.619241 -0.352131 -0.701815
vn 0.294689 -0.477006 -0.828024
vn -0.863604 0.503608 0.023800
vn -0.102192 0.565922 0.818101
vn 0.509171 -0.401155 -0.761459
vn -0.427747 0.482004 0.764660
vn 0.608088 0.252593 0.752612
vn -0.541434 -0.293675 -0.787785
vn -0.484147 -0.241322 -0.841050
vn 0.527937 0.429682 0.732568
vn 0.400543 0.461870 0.791355
vn 0.653383 0.173502 0.736877
vn 0.025562 0.024027 -0.999384
vn 0.159203 -0.503011 -0.849491
vn 0.441414 -0.285559 -0.850653
vn -0.126824 0.682804 0.719510
vn 0.005881 -0.429061 -0.903257
vn -0.492761 -0.661753 -0.565039
vn -0.203219 -0.344960 -0.916354
vn -0.217567 0.883265 -0.415339
vn -0.220878 0.974658 -0.035416
vn -0.313650 0.948750 0.038702
vn 0.423167 -0.394191 -0.815808
vn 0.374232 -0.912391 -0.165812
vn 0.543242 -0.825730 -0.151852
vn 0.465681 -0.588423 0.660984
vn 0.308069 -0.850814 0.425686
vn 0.466860 0.841614 -0.271529
vn -0.338976 -0.886093 0.316125
vn -0.292602 -0.918754 0.265095
vn 0.167410 -0.454722 -0.874759
vn 0.159541 -0.923475 -0.348914
vn 0.323688 -0.443338 -0.835869
vn 0.139693 -0.885412 0.443319
vn 0.237039 -0.877551 0.416794
vn 0.076465 -0.893509 0.442487
vn 0.617606 -0.726584 0.301063
vn -0.400269 -0.833574 0.380708
vn 0.095928 -0.803482 0.587549
vn -0.254376 0.937656 0.236843
vn -0.323746 0.854732 -0.405735
vn -0.400839 0.889068 -0.221102
vn 0.059408 0.951396 0.302186
vn -0.209390 -0.901275 -0.379287
vn 0.469308 -0.819921 0.327841
vn -0.162245 -0.897208 0.410723
vn -0.039323 0.409552 0.911439
vn -0.198860 0.430661 0.880333
vn 0.034971 -0.377461 -0.925365
vn 0.329009 0.871596 -0.363419
vn 0.158806 0.586132 0.794500
vn 0.324094 0.530390 0.783358
vn -0.218759 -0.890207 0.399595
vn -0.517257 -0.727121 0.451376
vn 0.252365 -0.962879 0.095796
vn 0.567649 0.639168 -0.518883
vn 0.577713 0.658975 -0.481664
vn 0.265511 0.962400 0.057359
vn 0.175322 0.901783 -0.395032
vn 0.469733 0.769044 -0.433500
vn 0.418779 -0.897995 0.135015
vn -0.491938 0.812678 0.312333
vn -0.113985 0.968544 -0.221203
vn -0.190642 -0.822430 0.535970
vn -0.083783 0.992262 -0.091634
vn -0.510563 -0.573479 0.640662
vn -0.519655 -0.230090 0.822811
vn 0.433958 0.630806 0.643245
vn 0.280303 0.468733 0.837687
vn 0.328718 0.796710 0.507146
vn 0.406025 0.509287 0.758796
vn 0.348680 0.724198 0.594945
vn -0.071489 -0.567300 -0.820402
vn -0.000020 -0.452004 -0.892016
vn 0.279971 0.503888 0.817137
vn 0.444289 -0.588636 -0.675363
vn 0.624490 0.191410 0.757215
vn 0.071313 -0.522376 -0.849728
vn 0.140388 0.540244 0.829715
vn -0.618137 0.574572 0.536445
vn -0.672311 0.525477 0.521413
vn -0.299425 -0.402526 -0.865054
vn 0.480647 -0.466133 -0.742764
vn 0.174827 -0.538184 -0.824496
vn -0.476476 -0.105507 -0.872834
vn -0.132577 -0.430785 -0.892663
vn -0.270181 0.725592 0.632866
vn -0.196866 -0.781835 0.591590
vn -0.793993 -0.350820 0.496487
vn 0.115488 0.991980 -0.051371
vn -0.220166 -0.420673 -0.880092
vn -0.248259 -0.550350 -0.797171
vn -0.202958 -0.908777 0.364598
vn -0.047504 -0.975949 0.212758
vn 0.610299 0.641402 -0.464908
vn 0.705295 0.565693 -0.427259
vn 0.043289 0.997633 0.053422
vn 0.425833 0.774052 -0.468518
vn 0.283444 0.575940 0.766781
vn -0.384031 0.713256 0.586333
vn -0.167660 0.942074 -0.290493
vn 0.034620 -0.956448 0.289841
vn -0.292386 0.667241 0.685055
vn -0.450227 0.859553 0.241793
vn -0.650961 0.682789 0.331737
vn -0.725078 0.490686 0.483208
vn -0.618153 0.698529 0.360477
vn -0.788890 0.483876 0.378836
vn 0.306893 -0.746882 0.589902
vn -0.614032 0.789113 -0.016270
vn 0.149083 -0.875170 0.460273
vn -0.587741 0.789739 -0.175707
vn -0.546343 -0.696943 0.464521
vn 0.295575 0.873785 -0.386179
vn -0.511942 0.803222 0.304549
vn -0.865467 0.021667 -0.500497
vn 0.238098 -0.353382 -0.904672
vn 0.603482 0.726044 -0.329650
vn 0.500108 0.795947 -0.341116
vn 0.299957 0.556582 0.774753
vn 0.109568 0.778623 0.617852
vn -0.024238 -0.195409 -0.980422
vn 0.439446 -0.891847 0.107217
vn 0.193326 0.980366 -0.038818
vn -0.240458 0.510187 0.825766
vn 0.529603 0.451123 0.718338
vn 0.174932 0.685190 0.707046
vn -0.758711 0.382443 0.527348
vn -0.507560 -0.142986 -0.849669
vn -0.983513 -0.028973 -0.178503
vn -0.303871 0.943175 -0.134475
vn -0.615663 -0.091332 0.782699
vn -0.045360 0.993039 0.108703
vn 0.411753 0.794855 -0.445719
vn -0.461894 0.726262 0.509114
vn 0.595714 -0.296618 -0.746420
vn 0.582835 -0.791733 0.182927
vn -0.043799 -0.947719 0.316087
vn -0.106510 -0.560474 0.821295
vn 0.440423 -0.813852 0.379041
vn 0.584731 0.806853 0.084131
vn 0.349771 -0.848170 0.397829
vn 0.183397 -0.215695 -0.959083
vn 0.248357 0.428842 0.868570
vn 0.174716 0.821381 0.542961
vn -0.603545 -0.645142 0.468535
vn 0.517869 -0.689694 0.506098
vn -0.050864 -0.540546 -0.839775
vn -0.402865 -0.332455 -0.852745
vn -0.302341 -0.166621 -0.938524
vn -0.542426 -0.378025 0.750248
vn -0.562490 0.799478 -0.210807
vn -0.782092 0.601541 -0.162727
vn -0.040652 0.997969 0.049044
vn 0.105323 0.988971 -0.104130
vn 0.315465 0.535685 0.783277
vn 0.476133 -0.877331 -0.059899
vn 0.833943 0.361348 -0.417094
vn 0.418064 0.410907 0.810172
vn 0.109552 -0.453323 -0.884588
vn -0.075004 -0.636557 0.767574
vn -0.537028 -0.705655 0.462226
vn 0.724260 -0.269557 0.634655
vn 0.563249 -0.606455 -0.561215
vn 0.052104 -0.823137 -0.565447
vn 0.175789 -0.970700 0.163829
vn -0.054761 0.849706 -0.524405
vn -0.186428 -0.439894 -0.878486
vn -0.132498 -0.481865 -0.866170
vn -0.125600 -0.299829 -0.945689
vn 0.250084 0.880822 -0.402009
vn 0.748955 0.463430 0.473602
vn -0.434621 -0.496126 0.751641
vn -0.415236 -0.234113 -0.879073
vn -0.180478 -0.535911 -0.824759
vn -0.478956 -0.709796 0.516518
vn -0.447110 -0.476401 0.757057
vn -0.329753 0.912824 0.240866
vn 0.488776 0.853390 -0.181172
vn 0.653158 0.710525 0.261801
vn 0.452796 0.813312 0.365377
vn 0.740624 0.642231 -0.197524
vn -0.054736 0.592272 0.803876
vn -0.260405 0.883444 -0.389508
vn -0.386930 0.920156 0.059979
vn 0.539963 -0.838932 -0.068071
vn 0.795004 0.140703 -0.590060
vn -0.207153 -0.948260 0.240607
vn 0.179158 -0.819817 0.543877
vn -0.371012 0.871066 -0.321860
vn 0.356348 0.561282 0.746980
vn 0.243187 0.693762 0.677904
vn -0.379575 -0.597394 0.706430
vn -0.847924 0.522126 -0.091705
vn 0.349683 0.896916 -0.270672
vn -0.315341 -0.789837 0.526039
vn -0.186706 0.958846 -0.213903
vn -0.488626 0.607709 0.626047
vn 0.032566 0.996802 0.072970
vn -0.216208 -0.576377 0.788063
vn -0.646587 -0.450457 -0.615641
vn -0.449745 -0.815817 0.363555
vn 0.562473 -0.269081 0.781805
vn 0.468969 -0.192847 -0.861904
vn -0.470489 0.501174 0.726268
vn -0.026485 -0.475312 -0.879419
vn 0.233067 0.922450 -0.307840
vn -0.378211 -0.682270 0.625671
vn -0.501051 -0.426844 0.752830
vn 0.173809 0.968560 0.177995
vn -0.600818 0.795891 -0.074671
vn 0.369282 0.923802 0.101100
vn 0.750312 0.482197 -0.452236
vn -0.260870 -0.914927 0.307988
vn 0.707646 0.649162 0.278971
vn 0.095356 0.543293 -0.834110
vn -0.294634 0.856650 0.423488
vn -0.708254 -0.038824 0.704889
vn -0.400224 0.864748 -0.303368
vn 0.269282 -0.835097 0.479688
vn 0.337527 -0.151092 0.929111
vn 0.772938 -0.632835 0.045690
vn 0.572051 0.795176 -0.201127
vn 0.079750 -0.894901 0.439081
vn 0.229190 -0.905732 0.356540
vn -0.060850 -0.991381 0.116021
vn -0.473228 -0.420355 -0.774182
vn -0.405413 -0.594864 0.694102
vn 0.958595 0.261572 0.112586
vn 0.291879 -0.805759 0.515324
vn 0.166971 -0.882196 0.440285
vn 0.166971 -0.882196 0.440285
vn 0.166971 -0.882196 0.440285
vn 0.166971 -0.882196 0.440285
vn 0.741949 0.483932 0.464026
vn 0.741949 0.483932 0.464026
vn 0.741949 0.483932 0.464026
vn 0.741949 0.483932 0.464026
vn 0.247785 -0.896043 0.368388
vn 0.247785 -0.896043 0.368388
vn 0.247785 -0.896043 0.368388
vn 0.247785 -0.896043 0.368388
vn 0.208866 -0.919907 0.331883
vn 0.208866 -0.919907 0.331883
vn 0.208866 -0.919907 0.331883
vn 0.208866 -0.919907 0.331883
vn 0.894610 0.340251 0.289660
vn 0.894610 0.340251 0.289660
vn 0.894610 0.340251 0.289660
vn 0.894610 0.340251 0.289660
vn -0.401014 0.851310 -0.338317
vn -0.401014 0.851310 -0.338317
vn -0.401014 0.851310 -0.338317
vn -0.401014 0.851310 -0.338317
vn -0.668348 -0.002234 0.743845
vn -0.668348 -0.002234 0.743845
vn -0.668348 -0.002234 0.743845
vn -0.668348 -0.002234 0.743845
vn -0.926372 -0.297095 -0.231453
vn -0.926372 -0.297095 -0.231453
vn -0.926372 -0.297095 -0.231453
vn -0.926372 -0.297095 -0.231453
vn 0.871983 0.458319 -0.172015
vn -0.647553 -0.149085 -0.747294
vn 0.460378 0.561125 0.687888
vn -0.340078 -0.291526 -0.894069
vn -0.622231 -0.392674 -0.677227
vn -0.349463 0.522616 0.777655
vn 0.717959 0.476564 0.507367
vn -0.451059 -0.330635 -0.828991
vn 0.502625 0.408290 0.762016
vn 0.976617 0.152073 -0.151967
vn -0.978713 -0.190840 0.075509
vn -0.990874 -0.134786 0.000934
vn 0.939160 0.332273 -0.087021
vn 0.930725 0.361758 0.053689
vn 0.976718 0.073957 -0.201379
vn -0.848308 0.131415 -0.512936
vn -0.710218 -0.412339 -0.570584
vn -0.548910 -0.204148 -0.810568
vn 0.633322 0.604116 0.483682
vn -0.824112 -0.328422 -0.461497
vn -0.802202 -0.582246 0.132143
vn -0.929061 -0.237592 -0.283540
vn -0.370091 0.928937 0.010417
vn -0.033554 0.978663 0.202715
vn -0.017936 0.947536 0.319147
vn -0.539547 -0.315348 -0.780669
vn -0.058182 -0.899356 -0.433329
vn 0.046391 -0.819586 -0.571076
vn 0.736326 -0.669622 -0.097114
vn 0.427020 -0.900409 -0.083168
vn 0.086180 0.852397 -0.515744
vn 0.010459 -0.905076 0.425121
vn -0.014368 -0.933337 0.358713
vn -0.722778 -0.361822 -0.588793
vn -0.323132 -0.884387 -0.336817
vn -0.611120 -0.359148 -0.705369
vn 0.355730 -0.931885 0.071044
vn 0.381533 -0.923976 -0.026489
vn 0.323049 -0.938031 0.125450
vn 0.485008 -0.772309 -0.410251
vn 0.041802 -0.858155 0.511686
vn 0.467722 -0.864845 0.182426
vn 0.181192 0.913350 0.364639
vn -0.417063 0.902592 0.106709
vn -0.291745 0.918872 0.265631
vn 0.393430 0.910940 0.124101
vn -0.528351 -0.848495 -0.030030
vn 0.425159 -0.863670 -0.270767
vn 0.177861 -0.931429 0.317499
vn 0.812546 0.309327 0.494050
vn 0.709537 0.338157 0.618229
vn -0.823247 -0.275767 -0.496204
vn -0.057708 0.896092 -0.440100
vn 0.828048 0.491808 0.269187
vn 0.893698 0.432808 0.118246
vn 0.141210 -0.921663 0.361383
vn 0.056863 -0.756677 0.651311
vn 0.102480 -0.974414 -0.200039
vn -0.099906 0.675248 -0.730793
vn -0.060686 0.690548 -0.720736
vn 0.284444 0.942522 -0.175340
vn -0.157346 0.933920 -0.320992
vn -0.060230 0.797762 -0.599956
vn 0.225201 -0.918939 -0.323784
vn 0.116075 0.787765 0.604940
vn -0.142194 0.989673 0.018134
vn 0.280148 -0.869928 0.405884
vn -0.012788 0.998335 0.056251
vn 0.240322 -0.624780 0.742896
vn 0.430464 -0.302989 0.850234
vn 0.837450 0.544790 -0.043369
vn 0.912397 0.366948 0.181330
vn 0.686190 0.727289 -0.013932
vn 0.910439 0.412223 0.034253
vn 0.763980 0.645166 0.009769
vn -0.805465 -0.472785 -0.357353
vn -0.819710 -0.352464 -0.451492
vn 0.898302 0.404099 0.172502
vn -0.428894 -0.524407 -0.735559
vn 0.982032 0.090300 -0.165708
vn -0.755744 -0.428998 -0.494785
vn 0.844471 0.442864 0.301231
vn 0.221864 0.530508 0.818131
vn 0.176892 0.484859 0.856517
vn -0.938260 -0.297684 -0.176218
vn -0.455960 -0.396422 -0.796837
vn -0.684754 -0.450417 -0.572919
vn -0.999842 0.003355 -0.017479
vn -0.883137 -0.327541 -0.335838
vn 0.492590 0.660149 0.567061
vn 0.329598 -0.835402 0.439851
vn 0.000547 -0.379471 0.925204
vn 0.119934 0.987995 -0.097372
vn -0.914262 -0.316302 -0.253138
vn -0.870503 -0.453324 -0.191631
vn 0.116731 -0.936770 0.329902
vn 0.054679 -0.991504 0.118022
vn -0.032094 0.670316 -0.741381
vn 0.038920 0.588267 -0.807730
vn 0.175580 0.984316 0.017142
vn -0.111528 0.807808 -0.578798
vn 0.864310 0.481066 0.146780
vn 0.395091 0.656183 0.642906
vn -0.231290 0.972420 0.030056
vn 0.163782 -0.982826 0.085016
vn 0.520478 0.597108 0.610381
vn 0.080717 0.840793 0.535305
vn 0.040590 0.661118 0.749183
vn 0.114185 0.455930 0.882660
vn 0.083255 0.672714 0.735203
vn -0.008107 0.462297 0.886688
vn 0.579621 -0.814884 0.001544
vn -0.230391 0.803431 0.549016
vn 0.376111 -0.923810 0.071521
vn -0.355177 0.820606 0.447722
vn 0.057190 -0.727295 0.683938
vn -0.093642 0.901697 -0.422107
vn 0.098460 0.779781 0.618261
vn -0.855630 0.100536 0.507730
vn -0.702880 -0.259908 -0.662123
vn 0.090600 0.739991 -0.666487
vn 0.037452 0.813612 -0.580201
vn 0.877211 0.460502 0.135791
vn 0.672127 0.703571 0.230721
vn -0.880197 -0.087205 -0.466529
vn 0.212061 -0.910403 -0.355242
vn 0.167805 0.972866 -0.159290
vn 0.650549 0.424330 0.629865
vn 0.929934 0.355290 -0.094820
vn 0.771220 0.599165 0.214991
vn 0.124072 0.344544 0.930535
vn -0.999176 -0.035355 0.019961
vn -0.640953 0.018661 0.767353
vn -0.163350 0.960492 0.225327
vn 0.363653 -0.158054 0.918028
vn 0.179281 0.976284 0.121355
vn -0.096494 0.826391 -0.554768
vn 0.291507 0.679690 0.673086
vn -0.384182 -0.230883 -0.893922
vn 0.358789 -0.823231 -0.439956
vn 0.148823 -0.974758 0.166427
vn 0.596515 -0.642880 0.480495
vn 0.455846 -0.862385 -0.220219
vn 0.447560 0.775995 -0.444434
vn 0.423748 -0.895949 -0.133089
vn -0.761875 -0.115586 -0.637328
vn 0.919055 0.324865 0.223162
vn 0.643991 0.752414 0.138378
vn 0.038131 -0.674647 0.737155
vn 0.617160 -0.754986 -0.221606
vn -0.809158 -0.444674 -0.384094
vn -0.970894 -0.226396 -0.078163
vn -0.977609 -0.055169 -0.203069
vn 0.340558 -0.441443 0.830149
vn -0.372049 0.833361 0.408766
vn -0.459856 0.637815 0.617838
vn 0.130560 0.987527 0.088008
vn 0.069003 0.991015 -0.114578
vn 0.889937 0.438364 0.125891
vn 0.087226 -0.878929 -0.468909
vn 0.088811 0.380449 -0.920528
vn 0.950071 0.308592 0.046230
vn -0.759555 -0.357746 -0.543225
vn 0.557296 -0.713637 0.424433
vn 0.058829 -0.736008 0.674412
vn 0.875282 -0.357273 -0.325942
vn -0.273702 -0.557892 -0.783482
vn -0.552124 -0.758178 -0.346880
vn 0.122752 -0.987365 -0.100212
vn -0.387987 0.902729 -0.185868
vn -0.898349 -0.336600 -0.282256
vn -0.865753 -0.381157 -0.324333
vn -0.911347 -0.191745 -0.364253
vn -0.128899 0.911709 -0.390091
vn 0.827645 0.387792 -0.405736
vn 0.381962 -0.562056 0.733620
vn -0.989066 -0.125453 -0.077525
vn -0.859439 -0.437937 -0.263772
vn 0.133869 -0.747622 0.650492
vn 0.382634 -0.542670 0.747730
vn 0.144934 0.890385 0.431519
vn 0.176305 0.853671 -0.490063
vn 0.624327 0.659014 -0.419425
vn 0.626548 0.755568 -0.191191
vn 0.263090 0.638417 -0.723330
vn 0.731808 0.502998 0.459836
vn -0.368821 0.927536 0.060404
vn -0.038681 0.918915 0.392553
vn 0.115744 -0.841673 -0.527437
vn -0.103715 0.181026 -0.977994
vn 0.003266 -0.962435 0.271493
vn 0.469156 -0.878719 0.088010
vn -0.366100 0.911057 0.189595
vn 0.881473 0.466525 0.073206
vn 0.780490 0.608946 0.141495
vn 0.358960 -0.659392 0.660568
vn -0.439538 0.553028 0.707790
vn 0.035281 0.910600 -0.411779
vn 0.213870 -0.832872 0.510474
vn -0.172702 0.981320 0.084761
vn 0.366531 0.550014 0.750427
vn 0.187109 0.981678 0.036034
vn 0.512066 -0.652051 0.559122
vn -0.898614 -0.362477 0.247193
vn 0.004535 -0.837254 0.546795
vn 0.922892 -0.368118 -0.112962
vn -0.535008 -0.111608 -0.837442
vn 0.450497 0.432719 0.780901
vn -0.824364 -0.376212 -0.422952
vn -0.051372 0.943348 -0.327805
vn 0.280641 -0.735023 0.617237
vn 0.357815 -0.491509 0.793969
vn 0.344323 0.938160 -0.036011
vn -0.273641 0.816133 0.508968
vn 0.369055 0.896455 -0.245288
vn 0.030445 0.506818 -0.861516
vn 0.038669 -0.935089 0.352299
vn 0.659325 0.594607 -0.460144
vn -0.614860 0.627639 -0.477511
vn 0.313848 0.813797 0.489116
vn 0.256611 -0.094911 0.961843
vn -0.365152 0.903617 0.223919
vn 0.456314 -0.889536 -0.022422
vn 0.952389 -0.260342 0.158671
vn 0.350853 -0.655922 -0.668333
vn 0.193662 0.795611 -0.574019
vn 0.321563 -0.939148 0.120826
vn 0.322580 -0.945215 -0.050100
vn -0.037083 -0.995972 0.081639
vn -0.947128 -0.320279 0.019220
vn 0.335886 -0.654890 0.676978
vn 0.596907 0.220327 -0.771465
vn 0.501390 -0.864896 -0.023721
vn 0.366859 -0.929143 0.045919
vn 0.366859 -0.929143 0.045919
vn 0.366859 -0.929143 0.045919
vn 0.366859 -0.929143 0.045919
vn 0.818150 0.409442 -0.403717
vn 0.818150 0.409442 -0.403717
vn 0.818150 0.409442 -0.403717
vn 0.818150 0.409442 -0.403717
vn 0.342989 -0.937412 -0.060150
vn 0.342989 -0.937412 -0.060150
vn 0.342989 -0.937412 -0.060150
vn 0.342989 -0.937412 -0.060150
vn 0.289749 -0.956048 -0.044921
vn 0.289749 -0.956048 -0.044921
vn 0.289749 -0.956048 -0.044921
vn 0.289749 -0.956048 -0.044921
vn 0.727013 0.281103 -0.626444
vn 0.727013 0.281103 -0.626444
vn 0.727013 0.281103 -0.626444
vn 0.727013 0.281103 -0.626444
vn -0.397231 0.894066 0.207011
vn -0.397231 0.894066 0.207011
vn -0.397231 0.894066 0.207011
vn -0.397231 0.894066 0.207011
vn 0.313859 -0.063782 0.947325
vn 0.313859 -0.063782 0.947325
vn 0.313859 -0.063782 0.947325
vn 0.313859 -0.063782 0.947325
vn -0.687665 -0.243530 0.683966
vn -0.687665 -0.243530 0.683966
vn -0.687665 -0.243530 0.683966
vn -0.687665 -0.243530 0.683966
vn -0.177936 0.679171 0.712085
vn 0.918517 -0.376899 -0.119476
vn -0.695244 0.712535 -0.094495
vn 0.868147 -0.433332 0.241958
vn 0.797468 -0.597800 -0.081738
vn -0.392248 0.447211 -0.803831
vn -0.681193 0.694896 0.230423
vn 0.857794 -0.498586 0.124908
vn -0.809562 0.583479 -0.064508
vn -0.306778 0.418078 0.855043
vn 0.365342 -0.460610 -0.808927
vn 0.446159 -0.415230 -0.792796
vn -0.307989 0.583732 0.751265
vn -0.418353 0.618132 0.665502
vn -0.280334 0.340256 0.897574
vn 0.870739 -0.152338 -0.467554
vn 0.744486 -0.635267 -0.205369
vn 0.914368 -0.404827 0.006836
vn -0.594756 0.790752 0.144833
vn 0.722508 -0.581395 -0.374114
vn 0.153610 -0.779838 -0.606841
vn 0.639008 -0.513584 -0.572625
vn 0.355244 0.780918 -0.513780
vn 0.039893 0.937893 -0.344623
vn -0.073376 0.920031 -0.384915
vn 0.861884 -0.506569 0.023327
vn 0.217082 -0.903226 0.370213
vn 0.300853 -0.805500 0.510546
vn -0.404132 -0.432802 0.805829
vn -0.314576 -0.741772 0.592297
vn 0.571233 0.806548 0.152228
vn -0.550610 -0.834645 -0.014004
vn -0.487691 -0.872997 0.005775
vn 0.776200 -0.591838 -0.217349
vn 0.264397 -0.959469 0.097538
vn 0.822947 -0.564353 -0.065293
vn -0.418589 -0.782745 0.460537
vn -0.345995 -0.773873 0.530479
vn -0.450695 -0.794625 0.406749
vn -0.036946 -0.623325 0.781089
vn -0.630195 -0.775257 -0.042785
vn -0.553874 -0.679270 0.481473
vn -0.214430 0.947846 -0.235813
vn 0.290095 0.748263 -0.596614
vn 0.097652 0.810079 -0.578131
vn -0.110839 0.991737 0.064593
vn 0.107582 -0.965173 -0.238470
vn -0.145873 -0.719180 0.679339
vn -0.544020 -0.818203 0.185973
vn -0.748737 0.561675 0.352013
vn -0.799760 0.567303 0.196345
vn 0.762426 -0.532905 -0.367040
vn 0.584273 0.811409 -0.015537
vn -0.527221 0.726241 0.441148
vn -0.441509 0.679349 0.586135
vn -0.562071 -0.816674 0.130843
vn -0.736262 -0.665195 -0.124234
vn -0.074266 -0.913729 0.399479
vn 0.808389 0.569956 0.147167
vn 0.784108 0.596535 0.171232
vn 0.203601 0.971464 0.121673
vn 0.537754 0.826252 -0.167716
vn 0.702295 0.706659 0.086109
vn -0.016080 -0.833052 0.552961
vn -0.414022 0.824158 -0.386458
vn 0.251863 0.905321 -0.341992
vn -0.656210 -0.724206 0.211930
vn 0.159118 0.953431 -0.256226
vn -0.875734 -0.480405 -0.047974
vn -0.993666 -0.111310 -0.015446
vn -0.253950 0.759805 0.598503
vn -0.517610 0.625869 0.583411
vn -0.169931 0.892277 0.418288
vn -0.381879 0.659243 0.647740
vn -0.243939 0.837842 0.488380
vn 0.595638 -0.707087 -0.381108
vn 0.707128 -0.602217 -0.370547
vn -0.495869 0.656706 0.568199
vn 0.728278 -0.671410 0.137183
vn -0.310030 0.359827 0.880004
vn 0.698088 -0.659603 -0.278562
vn -0.572308 0.686285 0.448862
vn -0.698588 0.622550 -0.352713
vn -0.719069 0.568366 -0.399875
vn 0.539595 -0.566849 -0.622511
vn 0.819401 -0.560831 0.118534
vn 0.726602 -0.664451 -0.174800
vn 0.494001 -0.287055 -0.820709
vn 0.643611 -0.589510 -0.488101
vn -0.587398 0.808848 -0.027001
vn -0.701885 -0.674839 0.227924
vn -0.867442 -0.303874 -0.393960
vn 0.224825 0.972243 -0.064790
vn 0.590093 -0.582521 -0.558981
vn 0.488927 -0.696962 -0.524590
vn -0.526462 -0.840193 0.130054
vn -0.326762 -0.923778 0.199652
vn 0.784028 0.584148 0.209929
vn 0.790206 0.522173 0.320796
vn 0.099576 0.992059 -0.076835
vn 0.710736 0.702798 0.030470
vn -0.442111 0.718772 0.536567
vn -0.606400 0.781632 -0.146048
vn 0.280836 0.863833 -0.418240
vn -0.349013 -0.886003 0.305269
vn -0.650423 0.759468 -0.012572
vn -0.326827 0.860255 -0.391338
vn -0.526649 0.690513 -0.495814
vn -0.717216 0.524272 -0.459063
vn -0.532722 0.713084 -0.455761
vn -0.660861 0.495223 -0.563930
vn -0.442782 -0.610602 0.656589
vn -0.197203 0.735489 -0.648203
vn -0.427124 -0.769097 0.475452
vn -0.047484 0.709362 -0.703244
vn -0.758396 -0.634954 -0.147201
vn 0.587188 0.807527 -0.055772
vn -0.418517 0.812365 -0.406087
vn -0.004348 -0.119360 -0.992842
vn 0.849868 -0.493376 -0.185214
vn 0.675313 0.690939 0.257984
vn 0.641851 0.751318 0.153457
vn -0.443036 0.702127 0.557438
vn -0.377063 0.881016 0.285717
vn 0.802323 -0.367341 -0.470467
vn 0.018870 -0.830662 0.556457
vn 0.251781 0.967732 0.010102
vn -0.764159 0.633240 0.122751
vn -0.292354 0.602292 0.742815
vn -0.432063 0.808984 0.398581
vn -0.785298 0.423745 -0.451384
vn 0.453882 -0.321526 -0.831031
vn -0.345438 -0.119172 -0.930844
vn 0.079006 0.884410 -0.459976
vn -0.990465 0.012067 -0.137235
vn 0.007096 0.992038 -0.125738
vn 0.686728 0.726430 0.026529
vn -0.577911 0.776015 -0.252625
vn 0.901374 -0.388050 0.192204
vn 0.038586 -0.710333 0.702808
vn -0.409766 -0.877510 0.249135
vn -0.825602 -0.411106 0.386487
vn -0.203562 -0.705787 0.678548
vn 0.322044 0.842521 0.431795
vn -0.269454 -0.741635 0.614307
vn 0.885965 -0.371054 -0.278183
vn -0.565037 0.590233 0.576505
vn -0.274916 0.913656 0.299422
vn -0.784169 -0.586809 -0.201825
vn -0.257919 -0.556662 0.789687
vn 0.625888 -0.683010 -0.376512
vn 0.485739 -0.502004 -0.715577
vn 0.630196 -0.348288 -0.693937
vn -0.961356 -0.270806 -0.049588
vn -0.003560 0.714218 -0.699915
vn -0.179623 0.515213 -0.838028
vn 0.061176 0.986580 -0.151383
vn 0.264526 0.959306 -0.098782
vn -0.445098 0.684068 0.577875
vn 0.181994 -0.843941 0.504621
vn 0.820880 0.330998 0.465399
vn -0.431968 0.572425 0.696946
vn 0.755664 -0.595697 -0.272245
vn -0.773140 -0.493654 0.398196
vn -0.752828 -0.643369 -0.139015
vn -0.212122 -0.108590 0.971191
vn 0.688199 -0.661582 0.297810
vn 0.408016 -0.905761 -0.114543
vn -0.171952 -0.913938 0.367628
vn 0.526291 0.738326 -0.421774
vn 0.603307 -0.599104 -0.526398
vn 0.614684 -0.634949 -0.467978
vn 0.708754 -0.469806 -0.526261
vn 0.578706 0.808917 -0.103692
vn 0.028864 0.584197 0.811099
vn -0.922910 -0.380210 0.060648
vn 0.514204 -0.410813 -0.752879
vn 0.548443 -0.683549 -0.481633
vn -0.770577 -0.634329 -0.061951
vn -0.931455 -0.360443 0.049719
vn -0.258843 0.919655 -0.295357
vn 0.506392 0.835468 0.213451
vn 0.192464 0.783536 0.590787
vn 0.015808 0.890864 0.453996
vn 0.620935 0.640204 0.452304
vn -0.641879 0.721115 0.260736
vn 0.311628 0.783099 -0.538186
vn -0.131939 0.891329 -0.433733
vn 0.225947 -0.803762 0.550377
vn 0.921983 0.081052 0.378653
vn -0.427400 -0.901218 0.071657
vn -0.476664 -0.698079 0.534301
vn 0.196598 0.776308 -0.598911
vn -0.390347 0.705184 0.591899
vn -0.371750 0.816309 0.442088
vn -0.869128 -0.484304 0.100334
vn -0.283294 0.445811 -0.849116
vn 0.518461 0.853976 0.043858
vn -0.706387 -0.701423 0.094995
vn 0.207834 0.892731 -0.399796
vn -0.706030 0.678720 -0.202140
vn 0.077387 0.994067 -0.076436
vn -0.854206 -0.439404 0.277951
vn 0.145744 -0.590459 -0.793799
vn -0.638148 -0.763864 -0.096331
vn -0.419258 -0.092056 0.903188
vn 0.949260 -0.314258 0.012126
vn -0.795839 0.592934 -0.122758
vn 0.680157 -0.624483 -0.383936
vn 0.494737 0.865500 -0.078386
vn -0.809782 -0.582031 0.074114
vn -0.948796 -0.315838 -0.005787
vn 0.055044 0.993421 0.100422
vn -0.139698 0.732529 -0.666248
vn 0.213629 0.947515 0.237862
vn 0.823868 0.438440 0.359182
vn -0.507949 -0.859729 0.053426
vn 0.197572 0.729572 0.654745
vn 0.828770 0.391444 -0.399891
vn -0.404347 0.898979 -0.168347
vn -0.963965 0.044279 -0.262318
vn 0.165318 0.771644 -0.614195
vn -0.378312 -0.719089 0.582916
vn -0.643812 0.036608 0.764307
vn 0.271306 -0.567196 0.777613
vn 0.558189 0.779689 0.283743
vn -0.446277 -0.796393 0.408162
vn -0.301913 -0.812682 0.498394
vn -0.252617 -0.956899 0.143277
vn 0.372250 -0.578653 -0.725666
vn -0.871247 -0.485576 0.071733
vn 0.418135 0.334398 0.844595
vn -0.393815 -0.682597 0.615606
vn -0.401915 -0.778484 0.482107
vn -0.401915 -0.778484 0.482107
vn -0.401915 -0.778484 0.482107
vn -0.401915 -0.778484 0.482107
vn 0.036090 0.602272 0.797475
vn 0.036090 0.602272 0.797475
vn 0.036091 0.602272 0.797475
vn 0.036090 0.602272 0.797475
vn -0.301453 -0.799998 0.518777
vn -0.301453 -0.799998 0.518777
vn -0.301453 -0.799998 0.518777
vn -0.301453 -0.799998 0.518777
vn -0.292813 -0.832233 0.470797
vn -0.292812 -0.832233 0.470797
vn -0.292813 -0.832233 0.470797
vn -0.292812 -0.832233 0.470797
vn 0.244221 0.439253 0.864531
vn 0.244221 0.439253 0.864531
vn 0.244221 0.439253 0.864531
vn 0.244221 0.439253 0.864531
vn 0.193197 0.752182 -0.629997
vn 0.193197 0.752182 -0.629997
vn 0.193197 0.752182 -0.629997
vn 0.193197 0.752182 -0.629997
vn -0.972681 0.089843 -0.214055
vn -0.972681 0.089843 -0.214055
vn -0.972681 0.089843 -0.214055
vn -0.972681 0.089843 -0.214055
vn -0.304645 -0.388402 -0.869675
vn -0.304645 -0.388402 -0.869675
vn -0.304645 -0.388402 -0.869675
vn -0.304645 -0.388402 -0.869675
vn -0.136408 0.982395 0.127644
vn 0.481857 -0.536569 0.692754
vn -0.043903 0.643175 -0.764459
vn 0.229190 -0.366632 0.901695
vn 0.265016 -0.670166 0.693285
vn 0.391971 -0.028628 -0.919532
vn -0.213883 0.811669 -0.543551
vn 0.249268 -0.483824 0.838916
vn -0.204052 0.577520 -0.790464
vn -0.434667 0.877955 0.200649
vn 0.427498 -0.896394 -0.117149
vn 0.497098 -0.865485 -0.061889
vn -0.294309 0.951798 0.086389
vn -0.305468 0.950487 -0.057135
vn -0.479978 0.835028 0.268981
vn 0.749805 -0.546268 0.373342
vn 0.274500 -0.761072 0.587724
vn 0.398205 -0.486269 0.777801
vn -0.060762 0.824059 -0.563237
vn 0.376449 -0.810079 0.449510
vn 0.012221 -0.998706 -0.049375
vn 0.459792 -0.853744 0.244360
vn 0.916968 0.268713 -0.294894
vn 0.698869 0.548069 -0.459568
vn 0.634559 0.531301 -0.561297
vn 0.301052 -0.548843 0.779833
vn -0.521519 -0.552247 0.650416
vn -0.487555 -0.409089 0.771321
vn -0.920259 0.185593 0.344497
vn -0.910232 -0.200019 0.362589
vn 0.726685 0.629698 0.274607
vn -0.799928 -0.577212 -0.164141
vn -0.788102 -0.608107 -0.095396
vn 0.324872 -0.738832 0.590411
vn -0.376459 -0.761285 0.527943
vn 0.291035 -0.638599 0.712383
vn -0.932582 -0.289046 0.216199
vn -0.915798 -0.255239 0.310109
vn -0.932195 -0.323428 0.162500
vn -0.760568 -0.047686 0.647505
vn -0.807169 -0.531599 -0.256671
vn -0.980151 -0.169695 0.102505
vn 0.476344 0.664087 -0.576268
vn 0.899464 0.207092 -0.384807
vn 0.792977 0.302049 -0.529108
vn 0.411585 0.851744 -0.324238
vn -0.308783 -0.928964 0.204153
vn -0.830693 -0.162891 0.532368
vn -0.891633 -0.451199 -0.037553
vn -0.392818 0.786394 -0.476738
vn -0.342600 0.711431 -0.613588
vn 0.424939 -0.774384 0.468782
vn 0.825855 0.535624 0.176269
vn -0.204393 0.928994 -0.308535
vn -0.247303 0.958529 -0.141643
vn -0.874080 -0.478133 -0.085865
vn -0.778066 -0.470567 -0.416150
vn -0.738036 -0.491192 0.462637
vn 0.764599 0.394206 0.509893
vn 0.749604 0.433659 0.500034
vn 0.582254 0.811050 -0.056377
vn 0.882069 0.469223 0.042234
vn 0.796969 0.488240 0.355615
vn -0.737043 -0.349612 0.578393
vn 0.356402 0.515351 -0.779353
vn 0.822751 0.485109 -0.296226
vn -0.931238 -0.340902 -0.128769
vn 0.740780 0.589355 -0.322343
vn -0.814788 -0.253671 -0.521317
vn -0.717543 0.082099 -0.691659
vn -0.085763 0.996069 -0.022145
vn -0.325080 0.927887 -0.182615
vn 0.134550 0.984317 -0.114086
vn -0.250120 0.966709 -0.053982
vn 0.019574 0.994044 -0.107205
vn 0.228936 -0.891818 0.390192
vn 0.353217 -0.821951 0.446805
vn -0.286330 0.939999 -0.185517
vn 0.065289 -0.591843 0.803405
vn -0.480482 0.846055 0.230929
vn 0.268944 -0.813871 0.515057
vn -0.259664 0.909532 -0.324539
vn 0.041893 0.424497 -0.904460
vn 0.024418 0.357902 -0.933440
vn 0.391257 -0.906850 0.156657
vn 0.194225 -0.530381 0.825210
vn 0.231208 -0.763791 0.602633
vn 0.611086 -0.787295 -0.082095
vn 0.378837 -0.867251 0.323046
vn 0.043628 0.739299 -0.671963
vn -0.944441 -0.283862 -0.165689
vn -0.535605 -0.310681 -0.785242
vn 0.694508 0.701614 -0.159363
vn 0.383649 -0.892357 0.237725
vn 0.237796 -0.946134 0.219735
vn -0.862069 -0.503903 -0.054029
vn -0.808197 -0.567419 0.157651
vn 0.722781 0.445822 0.528044
vn 0.636364 0.458174 0.620579
vn 0.627114 0.733297 -0.262685
vn 0.829731 0.451875 0.327651
vn -0.201157 0.961969 -0.184799
vn 0.078993 0.653042 -0.753191
vn 0.860413 0.403095 -0.311774
vn -0.858643 -0.472935 0.197650
vn -0.032154 0.719332 -0.693922
vn 0.436385 0.525634 -0.730258
vn 0.267962 0.366253 -0.891098
vn 0.033570 0.288491 -0.956894
vn 0.254688 0.408260 -0.876617
vn 0.111099 0.195285 -0.974434
vn -0.961252 -0.034999 0.273441
vn 0.592556 0.255738 -0.763855
vn -0.938952 -0.268138 0.215572
vn 0.708214 0.176372 -0.683612
vn -0.765073 -0.455382 -0.455291
vn 0.846822 0.509075 0.154059
vn 0.357442 0.495388 -0.791724
vn 0.454437 -0.660723 -0.597438
vn 0.409141 -0.654915 0.635366
vn 0.680598 0.578460 0.449634
vn 0.744510 0.573316 0.342073
vn -0.221348 0.960707 -0.167473
vn 0.058976 0.937255 -0.343621
vn 0.592628 -0.707895 0.384287
vn -0.714126 -0.352088 0.605028
vn 0.671043 0.735773 -0.091320
vn -0.245537 0.715913 -0.653590
vn -0.269598 0.959042 0.086918
vn -0.074872 0.953815 -0.290915
vn -0.068885 0.224648 -0.972002
vn 0.571467 -0.813554 -0.107500
vn 0.192993 -0.563444 -0.803296
vn 0.757524 0.432391 -0.489076
vn -0.586904 0.110971 -0.802016
vn 0.590636 0.722123 -0.360121
vn 0.828084 0.472895 0.301077
vn 0.150976 0.582697 -0.798543
vn 0.301255 -0.364810 0.880999
vn -0.714471 -0.175811 0.677216
vn -0.865611 -0.487105 0.115958
vn -0.972367 0.040056 -0.229998
vn -0.861984 -0.142100 0.486612
vn 0.431744 0.863039 0.262223
vn -0.891406 -0.195465 0.408887
vn 0.546176 -0.616412 0.567211
vn -0.371993 0.903973 -0.210840
vn 0.137488 0.952730 -0.270928
vn -0.728520 -0.443259 -0.522284
vn -0.878520 0.050546 0.475025
vn 0.259477 -0.875378 0.407903
vn 0.437807 -0.898161 0.040404
vn 0.604037 -0.788812 0.113646
vn -0.761590 -0.071058 -0.644152
vn 0.738521 0.174131 -0.651357
vn 0.588312 -0.032166 -0.807994
vn 0.637483 0.693383 -0.335910
vn 0.732214 0.664644 -0.148698
vn -0.242979 0.958234 -0.150824
vn -0.584406 -0.421744 0.693254
vn 0.481062 0.381808 0.789178
vn -0.355022 0.934245 -0.033836
vn 0.337789 -0.769486 0.542024
vn -0.986508 -0.028641 -0.161188
vn -0.770018 -0.458517 -0.443660
vn -0.708047 0.504753 0.493856
vn -0.040506 -0.485111 0.873514
vn -0.140816 -0.865140 0.481356
vn -0.787054 -0.491821 0.372369
vn 0.961302 0.256095 -0.101560
vn 0.366746 -0.889476 0.272637
vn 0.325061 -0.886967 0.328061
vn 0.505346 -0.804876 0.311128
vn 0.866941 0.484419 0.117266
vn -0.099301 0.925161 0.366357
vn -0.850821 -0.102909 -0.515281
vn 0.524239 -0.851500 0.010976
vn 0.262254 -0.921698 0.285823
vn -0.817551 -0.404108 -0.410254
vn -0.840502 -0.091797 -0.533976
vn 0.462921 0.615639 -0.637725
vn 0.666212 0.699540 0.258468
vn 0.230588 0.929830 0.286786
vn 0.239820 0.969893 0.042359
vn 0.515723 0.658403 0.548210
vn -0.189607 0.842831 -0.503671
vn 0.901603 0.264440 -0.342322
vn 0.605700 0.491124 -0.626039
vn -0.557830 -0.371412 0.742213
vn 0.463370 0.113706 0.878840
vn -0.796977 -0.604005 -0.002299
vn -0.965830 -0.168624 0.196823
vn 0.852608 0.245251 -0.461423
vn -0.202484 0.973236 -0.108685
vn -0.053282 0.973553 -0.222162
vn -0.890045 -0.173606 -0.421522
vn 0.488066 -0.075374 -0.869546
vn 0.772805 0.615569 0.154430
vn -0.891803 -0.380053 -0.245452
vn 0.816878 0.449979 -0.360872
vn -0.012521 0.556645 -0.830656
vn 0.613069 0.739158 -0.278912
vn -0.949529 -0.039080 -0.311237
vn 0.204090 -0.952045 -0.227942
vn -0.778479 -0.551567 -0.299574
vn -0.802941 0.516640 0.297270
vn 0.466436 -0.416918 0.780139
vn -0.159370 0.549458 -0.820181
vn 0.330506 -0.842525 0.425344
vn 0.826949 0.559418 0.056628
vn -0.887717 -0.277406 -0.367429
vn -0.799703 -0.084453 -0.594426
vn 0.505104 0.843449 -0.182933
vn 0.639098 0.232654 -0.733094
vn 0.515529 0.856300 0.031303
vn 0.595010 0.406883 0.693115
vn -0.819756 -0.566578 -0.083607
vn 0.172227 0.922092 0.346533
vn 0.971182 -0.064294 0.229504
vn 0.287782 0.697853 -0.655883
vn -0.486752 0.060726 -0.871427
vn 0.837140 0.238478 -0.492265
vn -0.936254 -0.175596 0.304295
vn -0.813456 0.581524 0.010878
vn -0.522371 -0.060603 0.850562
vn 0.635010 0.685477 0.356207
vn -0.930898 -0.324806 0.167123
vn -0.889695 -0.312704 0.332654
vn -0.746210 -0.639576 0.184695
vn 0.326720 -0.944777 -0.025488
vn -0.877157 -0.190482 -0.440808
vn 0.013779 0.673619 0.738950
vn -0.944654 -0.124901 0.303363
vn -0.930451 -0.276351 0.240605
vn -0.930451 -0.276351 0.240605
vn -0.930451 -0.276351 0.240605
vn -0.930451 -0.276351 0.240605
vn -0.077752 0.930663 0.357522
vn -0.077752 0.930662 0.357522
vn -0.077752 0.930663 0.357522
vn -0.077752 0.930663 0.357522
vn -0.893461 -0.290897 0.342210
vn -0.893461 -0.290897 0.342210
vn -0.893461 -0.290897 0.342210
vn -0.893461 -0.290897 0.342210
vn -0.879417 -0.345671 0.327319
vn -0.879417 -0.345671 0.327319
vn -0.879417 -0.345671 0.327319
vn -0.879417 -0.345671 0.327319
vn -0.058565 0.800497 0.596469
vn -0.058565 0.800497 0.596469
vn -0.058565 0.800497 0.596469
vn -0.058565 0.800497 0.596469
vn 0.853913 0.208804 -0.476690
vn 0.853913 0.208804 -0.476690
vn 0.853913 0.208804 -0.476690
vn 0.853913 0.208804 -0.476690
vn -0.494102 0.126064 -0.860216
vn -0.494102 0.126064 -0.860216
vn -0.494102 0.126064 -0.860216
vn -0.494102 0.126064 -0.860216
vn 0.047310 -0.751746 -0.657754
vn 0.047310 -0.751746 -0.657754
vn 0.047310 -0.751746 -0.657754
vn 0.047310 -0.751746 -0.657754
vn -0.364108 0.887349 0.282910
vn 0.284516 -0.670119 0.685559
vn 0.118578 0.830749 -0.543871
vn -0.055857 -0.590749 0.804920
vn 0.113810 -0.816570 0.565916
vn 0.703547 0.273359 -0.655970
vn -0.150953 0.912471 -0.380276
vn 0.008713 -0.682540 0.730796
vn -0.004151 0.761745 -0.647863
vn -0.641240 0.740746 0.200266
vn 0.607386 -0.783056 -0.133811
vn 0.643865 -0.763547 -0.049340
vn -0.486025 0.856380 0.174334
vn -0.442373 0.895804 0.042916
vn -0.699403 0.676034 0.231978
vn 0.648394 -0.563343 0.512084
vn 0.179568 -0.871770 0.455820
vn 0.167040 -0.654178 0.737665
vn -0.007135 0.943350 -0.331722
vn 0.333069 -0.869505 0.364727
vn 0.225489 -0.936469 -0.268665
vn 0.493662 -0.844406 0.208030
vn 0.888848 0.421591 0.179473
vn 0.697505 0.716525 0.008875
vn 0.680321 0.724433 -0.111176
vn 0.090461 -0.722856 0.685052
vn -0.606870 -0.760356 0.231448
vn -0.649155 -0.656011 0.385029
vn -0.999468 -0.003283 -0.032443
vn -0.921436 -0.375118 -0.101208
vn 0.433339 0.583956 0.686450
vn -0.551212 -0.572361 -0.607098
vn -0.560045 -0.620676 -0.548736
vn 0.219902 -0.846951 0.484064
vn -0.388638 -0.911445 0.135016
vn 0.124118 -0.789733 0.600763
vn -0.869739 -0.419485 -0.259973
vn -0.896112 -0.413017 -0.162481
vn -0.842640 -0.436676 -0.315076
vn -0.921639 -0.299541 0.246694
vn -0.532280 -0.502724 -0.681136
vn -0.893975 -0.276915 -0.352317
vn 0.516242 0.841572 -0.158906
vn 0.918536 0.387392 0.078859
vn 0.857062 0.510382 -0.070391
vn 0.326900 0.941677 0.079875
vn -0.173774 -0.971500 -0.161218
vn -0.919902 -0.381723 0.089826
vn -0.706239 -0.496998 -0.504202
vn -0.333159 0.853433 -0.400820
vn -0.221937 0.826034 -0.518085
vn 0.362900 -0.836881 0.409798
vn 0.578456 0.531110 0.619121
vn -0.252872 0.957005 -0.142116
vn -0.359720 0.933042 -0.005848
vn -0.667057 -0.507119 -0.545771
vn -0.458481 -0.395763 -0.795718
vn -0.745322 -0.666641 -0.009230
vn 0.426365 0.294615 0.855228
vn 0.408684 0.333762 0.849459
vn 0.389950 0.840146 0.376953
vn 0.692289 0.511933 0.508587
vn 0.494701 0.431807 0.754197
vn -0.815273 -0.565231 0.125873
vn 0.512299 0.748194 -0.421611
vn 0.761471 0.619909 0.189407
vn -0.729929 -0.368770 -0.575510
vn 0.676399 0.719696 0.156597
vn -0.495223 -0.161762 -0.853573
vn -0.409471 0.216118 -0.886356
vn -0.264958 0.948316 0.174625
vn -0.409027 0.908916 -0.081054
vn -0.028659 0.982949 0.181630
vn -0.396467 0.915207 0.072182
vn -0.137393 0.980197 0.142610
vn 0.237407 -0.943115 0.232750
vn 0.315385 -0.882080 0.349954
vn -0.375153 0.924691 -0.064852
vn -0.123721 -0.791249 0.598848
vn -0.687816 0.697585 0.200710
vn 0.211941 -0.901514 0.377297
vn -0.293233 0.938276 -0.183445
vn 0.291436 0.670388 -0.682382
vn 0.299447 0.613822 -0.730448
vn 0.474603 -0.875562 0.090238
vn -0.026979 -0.727733 0.685330
vn 0.135281 -0.882457 0.450520
vn 0.739384 -0.673280 -0.002213
vn 0.393620 -0.887125 0.240982
vn 0.144625 0.903177 -0.404172
vn -0.739341 -0.304908 -0.600338
vn -0.132404 -0.115463 -0.984448
vn 0.551663 0.775458 0.307138
vn 0.434650 -0.885924 0.161922
vn 0.319614 -0.944682 0.073644
vn -0.662971 -0.539827 -0.518706
vn -0.680446 -0.657004 -0.324558
vn 0.371530 0.334907 0.865911
vn 0.256277 0.312341 0.914749
vn 0.522748 0.829760 0.195533
vn 0.541981 0.408112 0.734644
vn -0.302442 0.952864 -0.024078
vn 0.223889 0.847612 -0.481069
vn 0.817440 0.549643 0.172294
vn -0.759657 -0.582943 -0.288270
vn 0.088007 0.883906 -0.459309
vn 0.564553 0.750728 -0.343057
vn 0.502965 0.630723 -0.590944
vn 0.330081 0.555244 -0.763381
vn 0.477275 0.665422 -0.573953
vn 0.425258 0.478240 -0.768403
vn -0.966911 -0.196438 -0.162775
vn 0.771740 0.516829 -0.370546
vn -0.879406 -0.399891 -0.258328
vn 0.862347 0.428021 -0.270473
vn -0.435099 -0.368838 -0.821369
vn 0.610887 0.514423 0.601819
vn 0.521720 0.732868 -0.436706
vn 0.764352 -0.416911 -0.491885
vn 0.263102 -0.772691 0.577691
vn 0.336427 0.480343 0.809992
vn 0.435423 0.512339 0.740213
vn -0.327027 0.944854 -0.017449
vn -0.002537 0.998029 -0.062709
vn 0.533431 -0.734371 0.419703
vn -0.803977 -0.573217 0.158253
vn 0.498315 0.786267 0.365330
vn -0.119901 0.850347 -0.512381
vn -0.465156 0.865335 0.186616
vn -0.146836 0.986855 -0.067503
vn 0.255323 0.489800 -0.833610
vn 0.718128 -0.694322 -0.047010
vn 0.584746 -0.287361 -0.758614
vn 0.784392 0.619954 -0.019668
vn -0.255557 0.287028 -0.923204
vn 0.528099 0.844171 0.092128
vn 0.546239 0.435680 0.715406
vn 0.319895 0.799993 -0.507621
vn 0.016867 -0.576765 0.816736
vn -0.865766 -0.426142 0.262397
vn -0.732779 -0.573388 -0.366417
vn -0.804294 0.020163 -0.593889
vn -0.935198 -0.351699 0.041389
vn 0.124672 0.784204 0.607850
vn -0.922466 -0.382621 -0.051551
vn 0.405270 -0.704231 0.582936
vn -0.436354 0.890228 -0.130727
vn 0.038573 0.998560 0.037273
vn -0.379387 -0.334669 -0.862590
vn -0.983708 -0.166116 0.068725
vn 0.255334 -0.929897 0.264756
vn 0.558390 -0.829531 0.008911
vn 0.660427 -0.732053 0.167137
vn -0.437055 0.052462 -0.897904
vn 0.878242 0.419234 -0.230075
vn 0.840798 0.254936 -0.477562
vn 0.567282 0.813814 0.126085
vn 0.589090 0.740477 0.323524
vn -0.352351 0.935789 -0.012171
vn -0.705435 -0.653904 0.273444
vn 0.067600 0.177091 0.981870
vn -0.492825 0.869241 0.039276
vn 0.255647 -0.861029 0.439630
vn -0.829223 -0.066684 -0.554925
vn -0.443308 -0.375597 -0.813883
vn -0.925155 0.276340 0.260241
vn -0.266740 -0.719145 0.641623
vn -0.137157 -0.976358 0.167075
vn -0.756092 -0.645310 -0.109085
vn 0.859655 0.357067 0.365371
vn 0.405764 -0.894768 0.186401
vn 0.346812 -0.912080 0.218707
vn 0.500464 -0.813221 0.296999
vn 0.647682 0.503356 0.571961
vn -0.407766 0.767263 0.495009
vn -0.559745 -0.022933 -0.828347
vn 0.638667 -0.768925 0.029308
vn 0.312378 -0.938424 0.147582
vn -0.509520 -0.337533 -0.791493
vn -0.545615 -0.006088 -0.838014
vn 0.536522 0.811982 -0.229846
vn 0.370815 0.649912 0.663408
vn -0.080096 0.823208 0.562062
vn 0.011444 0.933025 0.359630
vn 0.134477 0.513612 0.847419
vn -0.149891 0.932735 -0.327931
vn 0.893397 0.429938 0.130364
vn 0.686139 0.702378 -0.189415
vn -0.709426 -0.617845 0.339091
vn 0.070792 -0.105850 0.991859
vn -0.603505 -0.644603 -0.469328
vn -0.916308 -0.301969 -0.263048
vn 0.897070 0.441888 0.000709
vn -0.334242 0.941408 0.045102
vn -0.156694 0.987626 0.006527
vn -0.616415 -0.120872 -0.778089
vn 0.781298 0.222791 -0.583041
vn 0.522752 0.609343 0.596181
vn -0.642982 -0.368895 -0.671186
vn 0.787018 0.604780 0.121835
vn 0.188657 0.770233 -0.609221
vn 0.514913 0.838801 0.176854
vn -0.737801 -0.029780 -0.674361
vn 0.456841 -0.823519 -0.336323
vn -0.486416 -0.506734 -0.711773
vn -0.940290 0.336593 0.050590
vn 0.214470 -0.582786 0.783814
vn 0.052961 0.747497 -0.662150
vn 0.306805 -0.897445 0.316958
vn 0.619255 0.588899 0.519347
vn -0.614014 -0.235431 -0.753365
vn -0.487492 0.021947 -0.872852
vn 0.360689 0.900988 0.241090
vn 0.806953 0.490092 -0.329601
vn 0.287935 0.852037 0.437180
vn 0.201814 0.238856 0.949852
vn -0.601269 -0.587304 -0.541803
vn -0.153765 0.793436 0.588911
vn 0.808152 -0.043110 0.587395
vn 0.368321 0.880308 -0.298994
vn -0.129036 0.267892 -0.954769
vn 0.895883 0.442958 -0.034386
vn -0.928147 -0.337169 -0.157674
vn -0.856052 0.480187 -0.191298
vn -0.778624 -0.349834 0.520924
vn 0.308807 0.605564 0.733437
vn -0.842910 -0.439125 -0.310920
vn -0.869556 -0.472026 -0.145134
vn -0.620228 -0.728136 -0.291779
vn 0.491326 -0.864539 -0.105692
vn -0.594241 -0.130386 -0.793648
vn -0.394854 0.428974 0.812448
vn -0.945373 -0.289284 -0.150284
vn -0.879363 -0.414342 -0.234610
vn -0.879363 -0.414342 -0.234610
vn -0.879363 -0.414342 -0.234610
vn -0.879363 -0.414342 -0.234610
vn -0.386270 0.776588 0.497701
vn -0.386270 0.776588 0.497701
vn -0.386270 0.776588 0.497701
vn -0.386270 0.776588 0.497701
vn -0.880772 -0.454418 -0.133209
vn -0.880772 -0.454418 -0.133209
vn -0.880772 -0.454418 -0.133209
vn -0.880772 -0.454418 -0.133209
vn -0.851749 -0.501071 -0.153139
vn -0.851749 -0.501071 -0.153139
vn -0.851749 -0.501071 -0.153139
vn -0.851749 -0.501071 -0.153139
vn -0.432280 0.584961 0.686261
vn -0.432280 0.584961 0.686261
vn -0.432280 0.584961 0.686261
vn -0.432280 0.584961 0.686261
vn 0.911101 0.411672 -0.020529
vn 0.911101 0.411672 -0.020529
vn 0.911101 0.411672 -0.020529
vn 0.911101 0.411672 -0.020529
vn -0.152678 0.326458 -0.932799
vn -0.152678 0.326458 -0.932799
vn -0.152678 0.326458 -0.932799
vn -0.152678 0.326458 -0.932799
vn 0.435330 -0.521720 -0.733687
vn 0.435330 -0.521720 -0.733687
vn 0.435330 -0.521719 -0.733687
vn 0.435330 -0.521719 -0.733687
vn 0.364333 0.771082 0.522202
vn 0.085173 -0.019811 -0.996169
vn -0.407559 0.311998 0.858227
vn 0.435575 0.044591 -0.899047
vn 0.204454 -0.239887 -0.949027
vn -0.932698 -0.058406 0.355897
vn -0.103439 0.420419 0.901415
vn 0.355062 -0.057514 -0.933072
vn -0.332504 0.169949 0.927663
vn 0.595503 0.552169 0.583512
vn -0.533571 -0.549590 -0.642847
vn -0.533826 -0.474712 -0.699770
vn 0.433231 0.655250 0.618837
vn 0.336140 0.611849 0.715996
vn 0.667306 0.511062 0.541774
vn -0.326011 0.027185 -0.944975
vn 0.104725 -0.336693 -0.935773
vn 0.211614 0.000669 -0.977353
vn -0.216864 0.503420 0.836384
vn -0.072178 -0.360493 -0.929965
vn -0.228234 -0.827788 -0.512520
vn -0.284430 -0.406129 -0.868423
vn -0.771693 0.612323 -0.171902
vn -0.695363 0.689232 0.203540
vn -0.729798 0.616801 0.294877
vn 0.265866 -0.099727 -0.958838
vn 0.715823 -0.553867 -0.425239
vn 0.807567 -0.388034 -0.444145
vn 0.893731 -0.227785 0.386471
vn 0.829123 -0.535079 0.162003
vn -0.165473 0.957442 -0.236481
vn 0.303863 -0.923382 0.234592
vn 0.340312 -0.925261 0.167574
vn 0.077441 -0.292094 -0.953249
vn 0.492255 -0.683183 -0.539394
vn 0.206917 -0.195820 -0.958561
vn 0.721178 -0.656949 0.219819
vn 0.784467 -0.596757 0.168799
vn 0.675548 -0.698740 0.235365
vn 0.965071 -0.261194 -0.020379
vn 0.249861 -0.913126 0.322133
vn 0.692071 -0.611989 0.382763
vn -0.611407 0.641735 0.462988
vn -0.836771 0.529864 -0.138054
vn -0.853579 0.517035 0.063862
vn -0.350845 0.827313 0.438704
vn 0.181311 -0.869125 -0.460161
vn 0.906616 -0.420901 0.029849
vn 0.479791 -0.834151 0.272016
vn 0.058876 0.325591 0.943676
vn -0.087602 0.254666 0.963053
vn -0.083729 -0.301403 -0.949813
vn -0.319879 0.905460 -0.278961
vn 0.082640 0.581544 0.809307
vn 0.237710 0.626513 0.742277
vn 0.428127 -0.859682 0.278665
vn 0.126016 -0.888743 0.440745
vn 0.734096 -0.661494 -0.153390
vn -0.063118 0.842979 -0.534231
vn -0.053081 0.865243 -0.498535
vn -0.276760 0.948866 0.151845
vn -0.466694 0.845325 -0.260045
vn -0.179269 0.897462 -0.403020
vn 0.843572 -0.515168 -0.151620
vn -0.706940 0.406727 0.578628
vn -0.670422 0.741974 -0.002864
vn 0.460146 -0.786755 0.411439
vn -0.615918 0.779361 0.115073
vn 0.113978 -0.755804 0.644802
vn -0.012207 -0.473577 0.880668
vn 0.224464 0.770003 0.597253
vn 0.253783 0.551310 0.794765
vn 0.009650 0.848959 0.528370
vn 0.304733 0.654193 0.692221
vn 0.092563 0.800243 0.592489
vn -0.032716 -0.517715 -0.854928
vn -0.060980 -0.382642 -0.921882
vn 0.228285 0.580271 0.781775
vn 0.431103 -0.249049 -0.867251
vn 0.641896 0.510412 0.572232
vn 0.045877 -0.401476 -0.914720
vn 0.104009 0.533382 0.839456
vn -0.606401 0.140118 0.782716
vn -0.628167 0.069135 0.775001
vn -0.312593 -0.506971 -0.803285
vn 0.372973 -0.127280 -0.919070
vn 0.143720 -0.357166 -0.922918
vn -0.609502 -0.357631 -0.707536
vn -0.176197 -0.438352 -0.881364
vn -0.380564 0.459092 0.802749
vn 0.452584 -0.755961 0.472960
vn -0.273105 -0.728087 0.628731
vn -0.446152 0.889694 0.096915
vn -0.245991 -0.478323 -0.843028
vn -0.172380 -0.601286 -0.780219
vn 0.438516 -0.866662 0.237909
vn 0.544885 -0.837606 0.038940
vn -0.012746 0.868745 -0.495097
vn 0.113978 0.858566 -0.499873
vn -0.470687 0.855194 0.217018
vn -0.227962 0.877100 -0.422763
vn 0.176454 0.641840 0.746261
vn -0.478872 0.385533 0.788699
vn -0.721728 0.689767 -0.057713
vn 0.624756 -0.775380 0.092011
vn -0.349992 0.398652 0.847692
vn -0.722366 0.468325 0.508782
vn -0.757102 0.210646 0.618405
vn -0.664026 0.010671 0.747634
vn -0.730035 0.242086 0.639096
vn -0.745340 -0.031078 0.665960
vn 0.828612 -0.447978 0.335733
vn -0.899954 0.317278 0.299029
vn 0.728757 -0.643190 0.234989
vn -0.932923 0.331126 0.141460
vn 0.091800 -0.879621 0.466734
vn -0.354836 0.888615 -0.290610
vn -0.720297 0.387739 0.575179
vn -0.856760 -0.464423 -0.224219
vn 0.069779 -0.168805 -0.983176
vn -0.017303 0.936437 -0.350409
vn -0.138633 0.937318 -0.319712
vn 0.202199 0.634890 0.745674
vn -0.115700 0.713373 0.691168
vn -0.243849 -0.182967 -0.952398
vn 0.847301 -0.498759 -0.182540
vn -0.374855 0.923200 0.084765
vn -0.180082 0.297521 0.937578
vn 0.418554 0.673814 0.608923
vn 0.014261 0.672348 0.740098
vn -0.618989 -0.097761 0.779292
vn -0.606538 -0.405862 -0.683658
vn -0.815182 -0.569925 0.103270
vn -0.777005 0.616365 0.127900
vn -0.173492 -0.411394 0.894794
vn -0.519365 0.802644 0.293298
vn -0.242297 0.886789 -0.393570
vn -0.572477 0.352707 0.740181
vn 0.373160 0.077521 -0.924523
vn 0.932528 -0.335473 -0.133599
vn 0.567526 -0.811302 0.140372
vn 0.484120 -0.520017 0.703712
vn 0.897909 -0.431420 0.087389
vn 0.063851 0.996197 0.059281
vn 0.851101 -0.510031 0.124485
vn -0.063363 -0.084779 -0.994383
vn 0.259943 0.500639 0.825706
vn -0.112043 0.784548 0.609862
vn 0.021178 -0.868133 0.495880
vn 0.936013 -0.284257 0.207554
vn -0.037037 -0.484149 -0.874201
vn -0.426223 -0.505772 -0.750019
vn -0.462935 -0.312630 -0.829430
vn 0.023191 -0.609848 0.792179
vn -0.929950 0.352968 0.102992
vn -0.982342 0.066960 0.174701
vn -0.538106 0.808998 0.236568
vn -0.470153 0.881195 0.049517
vn 0.228139 0.626142 0.745587
vn 0.812647 -0.467601 -0.347785
vn 0.325213 0.759640 -0.563191
vn 0.382887 0.579193 0.719675
vn 0.028082 -0.323075 -0.945957
vn 0.530742 -0.566358 0.630518
vn 0.102939 -0.881746 0.460356
vn 0.920584 0.180977 0.346082
vn 0.571785 -0.197161 -0.796360
vn 0.283226 -0.660672 -0.695194
vn 0.700844 -0.709957 -0.069130
vn -0.662967 0.673660 -0.326584
vn -0.208937 -0.475641 -0.854465
vn -0.140554 -0.480618 -0.865593
vn -0.256987 -0.325510 -0.909946
vn -0.399450 0.869197 -0.291437
vn 0.502360 0.803806 0.318638
vn 0.170038 -0.648597 0.741895
vn -0.496254 -0.430845 -0.753727
vn -0.136071 -0.551939 -0.822707
vn 0.168700 -0.852646 0.494506
vn 0.151686 -0.639010 0.754094
vn -0.656164 0.579298 0.483594
vn -0.124252 0.980013 -0.155357
vn 0.227208 0.955083 0.190245
vn 0.050941 0.930488 0.362763
vn 0.178251 0.943432 -0.279574
vn -0.084818 0.468578 0.879341
vn -0.796794 0.588868 -0.135478
vn -0.765168 0.552548 0.330466
vn 0.839856 -0.400324 -0.366583
vn 0.352554 0.553072 -0.754862
vn 0.414572 -0.902703 0.115141
vn 0.751187 -0.579946 0.315248
vn -0.854404 0.517846 -0.042771
vn 0.234704 0.669815 0.704458
vn 0.053574 0.717034 0.694977
vn 0.251101 -0.702750 0.665650
vn -0.968652 -0.034995 0.245945
vn -0.286019 0.938616 -0.192854
vn 0.342020 -0.828681 0.443070
vn -0.720056 0.693538 0.022888
vn -0.492351 0.239977 0.836661
vn -0.472071 0.848741 0.238303
vn 0.395429 -0.594261 0.700350
vn -0.476356 -0.737296 -0.479040
vn 0.196063 -0.925854 0.323039
vn 0.842766 0.092420 0.530287
vn 0.180942 0.092989 -0.979088
vn -0.388859 0.161990 0.906944
vn -0.065340 -0.416612 -0.906733
vn -0.403214 0.895078 -0.190406
vn 0.269691 -0.773266 0.573869
vn 0.082093 -0.627695 0.774119
vn -0.311566 0.904087 0.292496
vn -0.912650 0.329804 0.241453
vn -0.160629 0.974450 0.156987
vn 0.184585 0.813779 -0.551083
vn 0.377466 -0.904232 0.199710
vn 0.307836 0.934234 0.180119
vn -0.488175 0.499514 -0.715661
vn -0.538281 0.553235 0.635755
vn -0.299534 -0.419499 0.856913
vn -0.867817 0.496548 -0.018247
vn 0.808518 -0.543080 0.226633
vn 0.653726 0.067544 0.753711
vn 0.952487 -0.098933 -0.288065
vn -0.035174 0.977464 -0.208153
vn 0.677534 -0.698286 0.230962
vn 0.772948 -0.625004 0.109185
vn 0.510295 -0.858478 -0.051141
vn -0.409103 -0.617414 -0.671890
vn 0.225530 -0.715089 0.661653
vn 0.651888 0.749246 -0.116927
vn 0.822737 -0.505920 0.259129
vn 0.739856 -0.639194 0.209867
vn 0.739856 -0.639194 0.209867
vn 0.739856 -0.639194 0.209867
vn 0.739856 -0.639194 0.209867
vn 0.482854 0.816983 0.315263
vn 0.482854 0.816983 0.315263
vn 0.482854 0.816983 0.315263
vn 0.482854 0.816983 0.315263
vn 0.786455 -0.606492 0.116856
vn 0.786455 -0.606492 0.116856
vn 0.786455 -0.606492 0.116856
vn 0.786455 -0.606492 0.116856
vn 0.756198 -0.648240 0.089161
vn 0.756198 -0.648240 0.089161
vn 0.756198 -0.648240 0.089161
vn 0.756198 -0.648240 0.089161
vn 0.619769 0.780473 0.082153
vn 0.619769 0.780473 0.082153
vn 0.619769 0.780473 0.082153
vn 0.619769 0.780473 0.082153
vn -0.873068 0.484669 -0.053369
vn -0.873068 0.484669 -0.053369
vn -0.873068 0.484669 -0.053369
vn -0.873068 0.484669 -0.053369
vn -0.274412 -0.366621 0.888981
vn -0.274412 -0.366621 0.888981
vn -0.274412 -0.366621 0.888981
vn -0.274412 -0.366621 0.888981
vn -0.647774 -0.761759 -0.010593
vn -0.647774 -0.761759 -0.010593
vn -0.647774 -0.761759 -0.010593
vn -0.647774 -0.761759 -0.010593
s 1
g SM_GroundFoliage
usemtl lambert11SG
f 1/1/1 2/352/2 4/3/3
f 2/2/2 3/338/4 10/5/5
f 49/350/6 2/2/2 10/5/5
f 3/4/4 2/352/2 1/1/1
f 57/7/7 1/1/1 4/3/3
f 3/4/4 1/1/1 57/7/7
f 3/338/4 135/293/8 10/5/5
f 57/7/7 4/3/3 138/9/9
f 5/351/10 8/13/11 6/14/12
f 106/10/13 125/15/14 5/11/10
f 5/351/10 7/310/15 8/13/11
f 5/11/10 125/15/14 7/12/15
f 6/14/12 8/13/11 108/286/16
f 158/17/17 138/349/9 49/350/6
f 158/348/17 35/19/18 198/20/19
f 128/311/20 110/24/21 189/25/22
f 193/29/23 132/30/24 98/31/25
f 121/32/26 221/33/27 47/34/28
f 28/35/29 127/297/30 126/37/31
f 110/24/21 160/273/32 144/39/33
f 216/241/34 82/41/35 225/42/36
f 82/41/35 127/36/30 167/45/37
f 17/46/38 207/252/39 167/45/37
f 39/48/40 66/298/41 182/50/42
f 19/347/43 66/298/41 226/52/44
f 34/53/45 130/54/46 19/51/43
f 99/55/47 22/56/48 142/287/49
f 234/58/50 157/59/51 19/51/43
f 11/60/52 82/41/35 216/241/34
f 72/315/53 145/62/54 107/63/55
f 99/55/47 53/64/56 176/264/57
f 152/280/58 109/67/59 118/68/60
f 118/68/60 111/69/61 192/70/62
f 68/71/63 184/271/64 22/263/48
f 176/264/57 18/73/65 131/346/66
f 142/287/49 16/75/67 99/55/47
f 11/60/52 99/55/47 82/41/35
f 24/76/68 102/77/69 58/78/70
f 228/237/71 183/22/72 148/80/73
f 128/23/20 77/81/74 233/82/75
f 97/83/76 128/311/20 189/25/22
f 151/84/77 99/55/47 11/60/52
f 179/85/78 154/86/79 40/87/80
f 154/276/79 11/60/52 223/88/81
f 217/89/82 38/90/83 27/325/84
f 188/92/85 27/91/84 38/260/83
f 129/295/86 216/241/34 124/94/87
f 207/252/39 17/46/38 28/321/29
f 147/97/88 99/55/47 29/98/89
f 33/283/90 147/97/88 29/98/89
f 91/294/91 195/101/92 207/252/39
f 126/37/31 193/29/23 93/102/93
f 74/103/94 23/104/95 99/55/47
f 144/39/33 32/105/96 99/55/47
f 19/51/43 157/59/51 132/30/24
f 126/37/31 132/30/24 193/29/23
f 136/284/97 150/107/98 75/108/99
f 56/109/100 161/110/101 24/76/68
f 130/54/46 234/58/50 19/51/43
f 64/111/102 20/328/103 130/54/46
f 146/113/104 130/54/46 34/53/45
f 22/56/48 15/114/105 142/287/49
f 219/115/106 164/116/107 198/20/19
f 113/117/108 79/333/109 162/119/110
f 155/120/111 231/121/112 54/122/113
f 221/33/27 204/234/114 47/34/28
f 115/307/115 16/75/67 218/125/116
f 214/126/117 115/124/115 208/127/118
f 78/128/119 188/92/85 38/260/83
f 123/345/120 154/276/79 223/88/81
f 182/330/42 165/130/121 39/342/40
f 226/239/44 71/131/122 19/51/43
f 217/89/82 229/132/123 186/133/124
f 186/344/124 123/345/120 191/134/125
f 152/66/58 41/304/126 53/64/56
f 192/70/62 18/341/65 117/136/127
f 157/59/51 220/137/128 132/30/24
f 86/138/129 129/93/86 69/139/130
f 42/140/131 43/343/132 61/240/133
f 86/138/129 69/139/130 220/137/128
f 73/143/134 87/265/135 174/145/136
f 171/146/137 68/71/63 73/143/134
f 42/140/131 45/147/138 43/343/132
f 70/336/139 129/295/86 124/94/87
f 16/75/67 46/288/140 37/150/141
f 51/151/142 85/326/143 44/153/144
f 231/235/112 36/154/145 47/34/28
f 65/155/146 121/32/26 47/34/28
f 177/156/147 60/157/148 20/328/103
f 11/60/52 154/276/79 151/84/77
f 4/3/3 49/6/6 138/9/9
f 2/352/2 49/6/6 4/3/3
f 66/298/41 39/48/40 50/158/149
f 39/342/40 165/130/121 101/159/150
f 85/152/143 51/250/142 218/125/116
f 115/307/115 218/125/116 208/251/118
f 48/160/151 151/84/77 52/277/152
f 20/112/103 59/162/153 52/277/152
f 176/264/57 180/163/154 18/73/65
f 117/136/127 18/341/65 180/261/154
f 89/164/155 164/116/107 202/254/156
f 67/166/157 150/107/98 55/167/158
f 201/168/159 233/82/75 77/81/74
f 24/76/68 58/78/70 56/109/100
f 90/323/160 161/110/101 166/170/161
f 58/340/70 102/249/69 32/105/96
f 58/78/70 90/323/160 166/170/161
f 59/162/153 48/160/151 52/277/152
f 177/156/147 153/171/162 60/157/148
f 60/339/148 59/162/153 20/112/103
f 59/162/153 60/339/148 63/279/163
f 61/240/133 132/30/24 42/140/131
f 57/7/7 135/8/8 3/4/4
f 184/72/64 62/266/164 196/174/165
f 171/146/137 184/271/64 68/71/63
f 63/279/163 48/160/151 59/162/153
f 175/278/166 153/171/162 177/156/147
f 33/99/90 29/337/89 64/111/102
f 29/337/89 175/278/166 64/111/102
f 65/155/146 197/176/167 156/177/168
f 155/120/111 162/119/110 79/333/109
f 28/321/29 17/46/38 127/36/30
f 127/36/30 17/46/38 167/45/37
f 32/322/96 67/166/157 55/167/158
f 136/106/97 88/306/169 32/105/96
f 130/54/46 33/99/90 64/111/102
f 111/69/61 33/99/90 130/54/46
f 69/139/130 45/147/138 220/137/128
f 70/336/139 43/141/132 45/335/138
f 69/139/130 129/93/86 70/148/139
f 69/139/130 70/148/139 45/147/138
f 182/330/42 34/53/45 71/131/122
f 34/53/45 19/51/43 71/131/122
f 72/315/53 185/281/170 145/62/54
f 31/21/171 149/180/172 9/236/173
f 214/126/117 141/181/174 115/124/115
f 85/326/143 141/181/174 214/126/117
f 122/182/175 74/103/94 31/21/171
f 201/168/159 74/334/94 122/299/175
f 67/166/157 75/108/99 150/107/98
f 116/305/176 67/166/157 32/322/96
f 10/5/5 135/293/8 225/42/36
f 10/5/5 158/17/17 49/350/6
f 97/83/76 189/25/22 74/103/94
f 74/103/94 201/318/159 96/184/177
f 26/185/178 188/92/85 78/128/119
f 191/134/125 123/345/120 223/88/81
f 79/118/109 113/303/108 65/155/146
f 65/155/146 156/177/168 79/118/109
f 230/187/179 21/188/180 81/331/181
f 169/190/182 143/191/183 83/192/184
f 182/50/42 99/55/47 16/75/67
f 16/329/67 34/53/45 182/330/42
f 92/193/185 83/192/184 81/189/181
f 125/15/14 128/23/20 233/82/75
f 130/54/46 20/328/103 84/194/186
f 84/327/186 20/112/103 52/277/152
f 46/288/140 85/152/143 37/150/141
f 46/149/140 141/181/174 85/326/143
f 234/58/50 27/325/84 157/59/51
f 157/324/51 27/91/84 188/92/85
f 15/114/105 196/174/165 142/287/49
f 196/174/165 73/290/134 142/287/49
f 88/178/169 136/284/97 75/108/99
f 75/108/99 67/166/157 116/305/176
f 89/164/155 12/28/187 164/116/107
f 32/105/96 90/169/160 58/340/70
f 90/323/160 32/322/96 161/110/101
f 207/252/39 28/321/29 91/294/91
f 93/102/93 193/29/23 134/195/188
f 92/193/185 81/189/181 21/319/180
f 94/320/189 181/197/190 92/193/185
f 93/102/93 134/195/188 28/35/29
f 126/37/31 93/102/93 28/35/29
f 21/319/180 94/320/189 92/193/185
f 230/187/179 133/256/191 21/188/180
f 190/360/192 195/257/92 95/27/193
f 193/29/23 98/31/25 95/27/193
f 97/83/76 74/103/94 96/184/177
f 201/168/159 206/199/194 210/317/195
f 128/23/20 97/316/76 77/81/74
f 206/199/194 97/316/76 210/317/195
f 107/63/55 9/18/173 72/315/53
f 72/61/53 9/236/173 149/180/172
f 12/28/187 98/31/25 164/116/107
f 95/27/193 98/31/25 12/28/187
f 149/180/172 31/21/171 99/55/47
f 31/21/171 74/103/94 99/55/47
f 50/158/149 39/48/40 100/313/196
f 50/158/149 103/238/197 66/298/41
f 39/48/40 101/314/150 100/313/196
f 209/203/198 165/130/121 226/239/44
f 99/55/47 32/105/96 211/204/199
f 99/55/47 152/66/58 53/64/56
f 103/238/197 50/158/149 100/313/196
f 224/205/200 100/201/196 209/203/198
f 106/10/13 5/11/10 6/312/12
f 6/14/12 108/286/16 128/311/20
f 107/63/55 145/62/54 111/69/61
f 148/80/73 183/22/72 111/69/61
f 7/12/15 125/15/14 108/16/16
f 7/310/15 108/286/16 8/13/11
f 211/248/199 24/76/68 109/67/59
f 161/110/101 111/69/61 24/76/68
f 108/286/16 110/24/21 128/311/20
f 143/191/183 108/16/16 125/15/14
f 109/67/59 24/76/68 111/69/61
f 109/67/59 111/69/61 118/68/60
f 94/196/189 133/256/191 181/309/190
f 133/256/191 94/196/189 21/188/180
f 120/206/201 164/116/107 219/115/106
f 158/17/17 121/32/26 35/301/18
f 81/189/181 83/192/184 114/207/202
f 114/207/202 230/285/179 81/189/181
f 16/75/67 115/307/115 34/308/45
f 141/181/174 34/53/45 115/124/115
f 116/305/176 88/178/169 75/108/99
f 88/306/169 116/183/176 32/105/96
f 178/262/203 41/135/126 117/136/127
f 152/280/58 118/68/60 41/135/126
f 117/136/127 118/68/60 192/70/62
f 117/136/127 41/135/126 118/68/60
f 108/286/16 194/209/204 110/24/21
f 110/24/21 159/246/205 140/272/206
f 65/155/146 113/303/108 172/270/207
f 172/212/207 113/117/108 170/268/208
f 170/268/208 120/206/201 187/302/209
f 187/214/209 120/300/201 35/301/18
f 122/299/175 228/237/71 148/80/73
f 9/236/173 122/182/175 31/21/171
f 154/86/79 123/129/120 40/87/80
f 229/132/123 123/129/120 186/133/124
f 124/94/87 216/241/34 43/141/132
f 70/336/139 124/94/87 43/141/132
f 83/192/184 125/15/14 233/82/75
f 143/191/183 125/15/14 83/192/184
f 163/215/210 66/49/41 19/51/43
f 163/215/210 19/51/43 132/30/24
f 127/297/30 66/49/41 163/215/210
f 182/50/42 66/298/41 127/36/30
f 106/10/13 128/23/20 125/15/14
f 6/312/12 128/23/20 106/10/13
f 188/92/85 216/241/34 129/295/86
f 129/93/86 157/59/51 188/296/85
f 146/113/104 68/71/63 130/54/46
f 131/74/66 111/69/61 130/54/46
f 131/74/66 130/54/46 68/71/63
f 68/71/63 22/263/48 131/74/66
f 132/30/24 57/7/7 98/31/25
f 61/240/133 57/7/7 132/30/24
f 160/273/32 200/255/211 144/39/33
f 200/216/211 112/217/212 203/218/213
f 91/100/91 28/35/29 134/195/188
f 91/100/91 134/195/188 30/219/214
f 57/7/7 216/40/34 135/8/8
f 135/293/8 216/241/34 225/42/36
f 110/24/21 144/39/33 23/104/95
f 23/104/95 144/39/33 99/55/47
f 203/218/213 205/220/215 137/221/216
f 160/273/32 139/291/217 200/255/211
f 98/31/25 138/9/9 164/116/107
f 57/7/7 138/9/9 98/31/25
f 139/291/217 112/292/212 200/255/211
f 139/222/217 137/221/216 205/220/215
f 160/38/32 137/221/216 139/222/217
f 137/221/216 169/190/182 203/218/213
f 142/287/49 73/290/134 146/289/104
f 68/71/63 146/113/104 73/143/134
f 142/287/49 46/288/140 16/75/67
f 142/57/49 146/113/104 46/149/140
f 140/211/206 227/223/218 143/191/183
f 108/16/16 143/191/183 168/224/219
f 136/106/97 32/105/96 144/39/33
f 136/284/97 230/285/179 150/107/98
f 111/69/61 145/62/54 33/99/90
f 145/62/54 25/225/220 33/99/90
f 141/181/174 46/149/140 146/113/104
f 146/113/104 34/53/45 141/181/174
f 25/282/220 147/97/88 33/283/90
f 185/281/170 25/225/220 145/62/54
f 55/167/158 233/82/75 148/80/73
f 111/69/61 161/110/101 148/80/73
f 149/180/172 99/55/47 147/97/88
f 185/179/170 147/97/88 25/282/220
f 150/107/98 233/82/75 55/167/158
f 114/207/202 150/107/98 230/285/179
f 29/98/89 99/55/47 151/84/77
f 48/160/151 29/98/89 151/84/77
f 211/204/199 152/66/58 99/55/47
f 109/67/59 152/280/58 211/248/199
f 60/157/148 153/171/162 63/172/163
f 153/171/162 175/278/166 63/172/163
f 151/84/77 154/276/79 52/277/152
f 179/85/78 52/161/152 154/86/79
f 199/275/221 231/121/112 155/120/111
f 156/177/168 197/176/167 36/154/145
f 155/120/111 156/274/168 199/275/221
f 79/333/109 156/274/168 155/120/111
f 157/59/51 129/93/86 86/138/129
f 157/59/51 86/138/129 220/137/128
f 121/32/26 158/17/17 225/42/36
f 10/5/5 225/42/36 158/17/17
f 194/209/204 159/246/205 110/24/21
f 227/223/218 168/224/219 143/191/183
f 110/24/21 140/272/206 160/273/32
f 143/191/183 169/190/182 140/211/206
f 32/322/96 55/167/158 161/110/101
f 55/167/158 148/80/73 161/110/101
f 54/122/113 162/119/110 155/120/111
f 232/227/222 202/254/156 164/116/107
f 126/37/31 127/297/30 163/215/210
f 126/37/31 163/215/210 132/30/24
f 232/227/222 164/116/107 162/119/110
f 164/116/107 120/206/201 170/268/208
f 165/130/121 71/131/122 226/239/44
f 182/330/42 71/131/122 165/130/121
f 166/170/161 161/110/101 56/109/100
f 166/170/161 56/109/100 58/78/70
f 82/41/35 167/45/37 221/33/27
f 76/43/223 167/45/37 207/252/39
f 168/242/219 194/209/204 108/286/16
f 212/228/224 168/224/219 227/223/218
f 137/221/216 160/38/32 169/190/182
f 169/190/182 160/38/32 140/211/206
f 113/117/108 162/119/110 170/268/208
f 170/268/208 162/119/110 164/116/107
f 171/146/137 73/143/134 174/145/136
f 171/146/137 173/229/225 184/271/64
f 121/32/26 65/155/146 172/270/207
f 170/268/208 121/269/26 172/212/207
f 173/267/225 62/266/164 184/72/64
f 174/145/136 222/230/226 171/146/137
f 174/145/136 87/265/135 62/173/164
f 222/230/226 174/145/136 62/173/164
f 29/98/89 48/160/151 175/175/166
f 63/279/163 175/175/166 48/160/151
f 131/74/66 22/263/48 176/65/57
f 99/55/47 176/264/57 22/56/48
f 177/156/147 20/328/103 64/111/102
f 64/111/102 175/278/166 177/156/147
f 178/262/203 117/136/127 180/261/154
f 53/64/56 41/304/126 178/208/203
f 52/161/152 179/85/78 84/194/186
f 84/194/186 234/58/50 130/54/46
f 53/64/56 180/163/154 176/264/57
f 53/64/56 178/208/203 180/163/154
f 181/197/190 83/192/184 92/193/185
f 83/192/184 203/218/213 169/190/182
f 99/55/47 182/50/42 82/41/35
f 82/41/35 182/50/42 127/36/30
f 107/63/55 183/22/72 9/18/173
f 107/63/55 111/69/61 183/22/72
f 196/174/165 15/114/105 184/72/64
f 15/114/105 22/56/48 184/72/64
f 185/179/170 149/180/172 147/97/88
f 72/61/53 149/180/172 185/179/170
f 186/133/124 38/90/83 217/89/82
f 38/90/83 186/133/124 191/259/125
f 187/214/209 121/32/26 170/213/208
f 35/301/18 121/32/26 187/214/209
f 188/92/85 11/60/52 216/241/34
f 26/185/178 11/60/52 188/92/85
f 74/103/94 189/25/22 23/104/95
f 110/24/21 23/104/95 189/25/22
f 190/96/192 104/358/227 14/44/228
f 76/43/223 207/252/39 14/44/228
f 78/128/119 38/260/83 191/134/125
f 191/134/125 223/88/81 78/128/119
f 192/70/62 131/74/66 18/341/65
f 192/70/62 111/69/61 131/74/66
f 134/195/188 193/29/23 30/219/214
f 95/27/193 30/219/214 193/29/23
f 194/209/204 119/247/229 159/246/205
f 119/247/229 194/209/204 213/232/230
f 30/219/214 95/27/193 195/257/92
f 195/101/92 91/294/91 30/258/214
f 196/174/165 87/144/135 73/290/134
f 87/144/135 196/174/165 62/266/164
f 65/155/146 47/34/28 197/176/167
f 47/34/28 36/154/145 197/176/167
f 138/9/9 198/20/19 164/116/107
f 138/9/9 158/348/17 198/20/19
f 36/154/145 231/235/112 199/226/221
f 36/154/145 199/226/221 156/177/168
f 144/39/33 200/255/211 133/256/191
f 200/216/211 203/218/213 133/198/191
f 233/82/75 201/168/159 148/80/73
f 122/299/175 148/80/73 201/168/159
f 80/356/231 89/164/155 202/254/156
f 83/192/184 181/197/190 203/218/213
f 181/197/190 133/198/191 203/218/213
f 232/253/222 204/234/114 202/165/156
f 80/186/231 202/165/156 204/234/114
f 203/218/213 112/217/212 205/220/215
f 139/222/217 205/220/215 112/217/212
f 206/199/194 201/168/159 77/81/74
f 77/81/74 97/316/76 206/199/194
f 190/96/192 14/44/228 207/252/39
f 195/257/92 190/360/192 207/47/39
f 51/250/142 208/251/118 218/125/116
f 51/151/142 44/153/144 208/127/118
f 209/203/198 101/159/150 165/130/121
f 101/159/150 209/203/198 100/201/196
f 210/200/195 96/184/177 201/318/159
f 210/200/195 97/83/76 96/184/177
f 211/248/199 102/77/69 24/76/68
f 211/204/199 32/105/96 102/249/69
f 119/247/229 212/245/224 159/246/205
f 215/243/232 212/228/224 119/231/229
f 213/244/230 215/243/232 119/231/229
f 168/242/219 213/232/230 194/209/204
f 44/153/144 85/326/143 214/126/117
f 44/153/144 214/126/117 208/127/118
f 215/233/232 213/232/230 168/242/219
f 215/243/232 168/224/219 212/228/224
f 61/240/133 216/40/34 57/7/7
f 216/241/34 61/142/133 43/141/132
f 179/85/78 40/87/80 217/89/82
f 84/194/186 179/85/78 234/58/50
f 85/152/143 218/125/116 37/150/141
f 37/150/141 218/125/116 16/75/67
f 198/20/19 35/19/18 219/115/106
f 120/206/201 219/115/106 35/19/18
f 220/137/128 42/140/131 132/30/24
f 45/147/138 42/140/131 220/137/128
f 221/33/27 167/45/37 76/43/223
f 76/43/223 235/353/233 204/234/114 221/33/27
f 62/173/164 173/229/225 222/230/226
f 171/146/137 222/230/226 173/229/225
f 26/185/178 223/88/81 11/60/52
f 223/88/81 26/185/178 78/128/119
f 209/203/198 226/239/44 224/205/200
f 224/205/200 103/202/197 100/201/196
f 82/41/35 221/33/27 225/42/36
f 225/42/36 221/33/27 121/32/26
f 66/298/41 103/238/197 226/52/44
f 224/205/200 226/239/44 103/202/197
f 227/223/218 159/210/205 212/228/224
f 159/210/205 227/223/218 140/211/206
f 228/79/71 122/182/175 9/236/173
f 228/237/71 9/18/173 183/22/72
f 229/132/123 40/87/80 123/129/120
f 229/132/123 217/89/82 40/87/80
f 133/256/191 230/187/179 144/39/33
f 230/187/179 136/106/97 144/39/33
f 47/34/28 204/234/114 231/235/112
f 231/121/112 204/123/114 232/227/222
f 232/227/222 162/119/110 54/122/113
f 54/122/113 231/121/112 232/227/222
f 114/207/202 83/192/184 233/82/75
f 150/107/98 114/207/202 233/82/75
f 217/89/82 234/58/50 179/85/78
f 27/325/84 234/58/50 217/89/82
s off
f 14/44/234 104/358/235 105/359/236 13/332/237
f 89/164/238 80/356/239 13/357/240 12/28/241
f 204/234/242 235/353/243 13/332/244 80/186/245
f 14/44/246 13/332/247 235/353/248 76/43/249
f 104/95/250 190/360/251 95/27/252 236/354/253
f 12/28/254 237/355/255 236/354/256 95/27/257
f 105/26/258 104/95/259 236/354/260 237/355/261
f 237/355/262 12/28/263 13/357/264 105/26/265
s 62
f 238/361/266 239/362/267 241/363/268
f 239/364/267 240/365/269 247/366/270
f 286/367/271 239/364/267 247/366/270
f 240/368/269 239/362/267 238/361/266
f 294/369/272 238/361/266 241/363/268
f 240/368/269 238/361/266 294/369/272
f 240/365/269 372/370/273 247/366/270
f 294/369/272 241/363/268 375/371/274
f 242/372/275 245/373/276 243/374/277
f 343/375/278 362/376/279 242/377/275
f 242/372/275 244/378/280 245/373/276
f 242/377/275 362/376/279 244/379/280
f 243/374/277 245/373/276 345/380/281
f 395/381/282 375/382/274 286/367/271
f 395/383/282 272/384/283 435/385/284
f 365/386/285 347/387/286 426/388/287
f 430/389/288 369/390/289 335/391/290
f 358/392/291 458/393/292 284/394/293
f 265/395/294 364/396/295 363/397/296
f 347/387/286 397/398/297 381/399/298
f 453/400/299 319/401/300 462/402/301
f 319/401/300 364/403/295 404/404/302
f 254/405/303 444/406/304 404/404/302
f 276/407/305 303/408/306 419/409/307
f 256/410/308 303/408/306 463/411/309
f 271/412/310 367/413/311 256/414/308
f 336/415/312 259/416/313 379/417/314
f 471/418/315 394/419/316 256/414/308
f 248/420/317 319/401/300 453/400/299
f 309/421/318 382/422/319 344/423/320
f 336/415/312 290/424/321 413/425/322
f 389/426/323 346/427/324 355/428/325
f 355/428/325 348/429/326 429/430/327
f 305/431/328 421/432/329 259/433/313
f 413/425/322 255/434/330 368/435/331
f 379/417/314 253/436/332 336/415/312
f 248/420/317 336/415/312 319/401/300
f 261/437/333 339/438/334 295/439/335
f 465/440/336 420/441/337 385/442/338
f 365/443/285 314/444/339 470/445/340
f 334/446/341 365/386/285 426/388/287
f 388/447/342 336/415/312 248/420/317
f 416/448/343 391/449/344 277/450/345
f 391/451/344 248/420/317 460/452/346
f 454/453/347 275/454/348 264/455/349
f 425/456/350 264/457/349 275/458/348
f 366/459/351 453/400/299 361/460/352
f 444/406/304 254/405/303 265/461/294
f 384/462/353 336/415/312 266/463/354
f 270/464/355 384/462/353 266/463/354
f 328/465/356 432/466/357 444/406/304
f 363/397/296 430/389/288 330/467/358
f 311/468/359 260/469/360 336/415/312
f 381/399/298 269/470/361 336/415/312
f 256/414/308 394/419/316 369/390/289
f 363/397/296 369/390/289 430/389/288
f 373/471/362 387/472/363 312/473/364
f 293/474/365 398/475/366 261/437/333
f 367/413/311 471/418/315 256/414/308
f 301/476/367 257/477/368 367/413/311
f 383/478/369 367/413/311 271/412/310
f 259/416/313 252/479/370 379/417/314
f 456/480/371 401/481/372 435/385/284
f 350/482/373 316/483/374 399/484/375
f 392/485/376 468/486/377 291/487/378
f 458/393/292 441/488/379 284/394/293
f 352/489/380 253/436/332 455/490/381
f 451/491/382 352/492/380 445/493/383
f 315/494/384 425/456/350 275/458/348
f 360/495/385 391/451/344 460/452/346
f 419/496/307 402/497/386 276/498/305
f 463/499/309 308/500/387 256/414/308
f 454/453/347 466/501/388 423/502/389
f 423/503/389 360/495/385 428/504/390
f 389/505/323 278/506/391 290/424/321
f 429/430/327 255/507/330 354/508/392
f 394/419/316 457/509/393 369/390/289
f 323/510/394 366/511/351 306/512/395
f 279/513/396 280/514/397 298/515/398
f 323/510/394 306/512/395 457/509/393
f 310/516/399 324/517/400 411/518/401
f 408/519/402 305/431/328 310/516/399
f 279/513/396 282/520/403 280/514/397
f 307/521/404 366/459/351 361/460/352
f 253/436/332 283/522/405 274/523/406
f 288/524/407 322/525/408 281/526/409
f 468/527/377 273/528/410 284/394/293
f 302/529/411 358/392/291 284/394/293
f 414/530/412 297/531/413 257/477/368
f 248/420/317 391/451/344 388/447/342
f 241/363/268 286/532/271 375/371/274
f 239/362/267 286/532/271 241/363/268
f 303/408/306 276/407/305 287/533/414
f 276/498/305 402/497/386 338/534/415
f 322/535/408 288/536/407 455/490/381
f 352/489/380 455/490/381 445/537/383
f 285/538/416 388/447/342 289/539/417
f 257/540/368 296/541/418 289/539/417
f 413/425/322 417/542/419 255/434/330
f 354/508/392 255/507/330 417/543/419
f 326/544/420 401/481/372 439/545/421
f 304/546/422 387/472/363 292/547/423
f 438/548/424 470/445/340 314/444/339
f 261/437/333 295/439/335 293/474/365
f 327/549/425 398/475/366 403/550/426
f 295/551/335 339/552/334 269/470/361
f 295/439/335 327/549/425 403/550/426
f 296/541/418 285/538/416 289/539/417
f 414/530/412 390/553/427 297/531/413
f 297/554/413 296/541/418 257/540/368
f 296/541/418 297/554/413 300/555/428
f 298/515/398 369/390/289 279/513/396
f 294/369/272 372/556/273 240/368/269
f 421/557/329 299/558/429 433/559/430
f 408/519/402 421/432/329 305/431/328
f 300/555/428 285/538/416 296/541/418
f 412/560/431 390/553/427 414/530/412
f 270/561/355 266/562/354 301/476/367
f 266/562/354 412/560/431 301/476/367
f 302/529/411 434/563/432 393/564/433
f 392/485/376 399/484/375 316/483/374
f 265/461/294 254/405/303 364/403/295
f 364/403/295 254/405/303 404/404/302
f 269/565/361 304/546/422 292/547/423
f 373/566/362 325/567/434 269/470/361
f 367/413/311 270/561/355 301/476/367
f 348/429/326 270/561/355 367/413/311
f 306/512/395 282/520/403 457/509/393
f 307/521/404 280/568/397 282/569/403
f 306/512/395 366/511/351 307/570/404
f 306/512/395 307/570/404 282/520/403
f 419/496/307 271/412/310 308/500/387
f 271/412/310 256/414/308 308/500/387
f 309/421/318 422/571/435 382/422/319
f 268/572/436 386/573/437 246/574/438
f 451/491/382 378/575/439 352/492/380
f 322/525/408 378/575/439 451/491/382
f 359/576/440 311/468/359 268/572/436
f 438/548/424 311/577/359 359/578/440
f 304/546/422 312/473/364 387/472/363
f 353/579/441 304/546/422 269/565/361
f 247/366/270 372/370/273 462/402/301
f 247/366/270 395/381/282 286/367/271
f 334/446/341 426/388/287 311/468/359
f 311/468/359 438/580/424 333/581/442
f 263/582/443 425/456/350 315/494/384
f 428/504/390 360/495/385 460/452/346
f 316/583/374 350/584/373 302/529/411
f 302/529/411 393/564/433 316/583/374
f 467/585/444 258/586/445 318/587/446
f 406/588/447 380/589/448 320/590/449
f 419/409/307 336/415/312 253/436/332
f 253/591/332 271/412/310 419/496/307
f 329/592/450 320/590/449 318/593/446
f 362/376/279 365/443/285 470/445/340
f 367/413/311 257/477/368 321/594/451
f 321/595/451 257/540/368 289/539/417
f 283/522/405 322/535/408 274/523/406
f 283/596/405 378/575/439 322/525/408
f 471/418/315 264/455/349 394/419/316
f 394/597/316 264/457/349 425/456/350
f 252/479/370 433/559/430 379/417/314
f 433/559/430 310/598/399 379/417/314
f 325/599/434 373/471/362 312/473/364
f 312/473/364 304/546/422 353/579/441
f 326/544/420 249/600/452 401/481/372
f 269/470/361 327/601/425 295/551/335
f 327/549/425 269/565/361 398/475/366
f 444/406/304 265/461/294 328/465/356
f 330/467/358 430/389/288 371/602/453
f 329/592/450 318/593/446 258/603/445
f 331/604/454 418/605/455 329/592/450
f 330/467/358 371/602/453 265/395/294
f 363/397/296 330/467/358 265/395/294
f 258/603/445 331/604/454 329/592/450
f 467/585/444 370/606/456 258/586/445
f 427/607/457 432/608/357 332/609/458
f 430/389/288 335/391/290 332/609/458
f 334/446/341 311/468/359 333/581/442
f 438/548/424 443/610/459 447/611/460
f 365/443/285 334/612/341 314/444/339
f 443/610/459 334/612/341 447/611/460
f 344/423/320 246/613/438 309/421/318
f 309/614/318 246/574/438 386/573/437
f 249/600/452 335/391/290 401/481/372
f 332/609/458 335/391/290 249/600/452
f 386/573/437 268/572/436 336/415/312
f 268/572/436 311/468/359 336/415/312
f 287/533/414 276/407/305 337/615/461
f 287/533/414 340/616/462 303/408/306
f 276/407/305 338/617/415 337/615/461
f 446/618/463 402/497/386 463/499/309
f 336/415/312 269/470/361 448/619/464
f 336/415/312 389/505/323 290/424/321
f 340/616/462 287/533/414 337/615/461
f 461/620/465 337/621/461 446/618/463
f 343/375/278 242/377/275 243/622/277
f 243/374/277 345/380/281 365/386/285
f 344/423/320 382/422/319 348/429/326
f 385/442/338 420/441/337 348/429/326
f 244/379/280 362/376/279 345/623/281
f 244/378/280 345/380/281 245/373/276
f 448/624/464 261/437/333 346/427/324
f 398/475/366 348/429/326 261/437/333
f 345/380/281 347/387/286 365/386/285
f 380/589/448 345/623/281 362/376/279
f 346/427/324 261/437/333 348/429/326
f 346/427/324 348/429/326 355/428/325
f 331/625/454 370/606/456 418/626/455
f 370/606/456 331/625/454 258/586/445
f 357/627/466 401/481/372 456/480/371
f 395/381/282 358/392/291 272/628/283
f 318/593/446 320/590/449 351/629/467
f 351/629/467 467/630/444 318/593/446
f 253/436/332 352/489/380 271/631/310
f 378/575/439 271/412/310 352/492/380
f 353/579/441 325/599/434 312/473/364
f 325/567/434 353/632/441 269/470/361
f 415/633/468 278/634/391 354/508/392
f 389/426/323 355/428/325 278/634/391
f 354/508/392 355/428/325 429/430/327
f 354/508/392 278/634/391 355/428/325
f 345/380/281 431/635/469 347/387/286
f 347/387/286 396/636/470 377/637/471
f 302/529/411 350/584/373 409/638/472
f 409/639/472 350/482/373 407/640/473
f 407/640/473 357/627/466 424/641/474
f 424/642/474 357/643/466 272/628/283
f 359/578/440 465/440/336 385/442/338
f 246/574/438 359/576/440 268/572/436
f 391/449/344 360/644/385 277/450/345
f 466/501/388 360/644/385 423/502/389
f 361/460/352 453/400/299 280/568/397
f 307/521/404 361/460/352 280/568/397
f 320/590/449 362/376/279 470/445/340
f 380/589/448 362/376/279 320/590/449
f 400/645/475 303/646/306 256/414/308
f 400/645/475 256/414/308 369/390/289
f 364/396/295 303/646/306 400/645/475
f 419/409/307 303/408/306 364/403/295
f 343/375/278 365/443/285 362/376/279
f 243/622/277 365/443/285 343/375/278
f 425/456/350 453/400/299 366/459/351
f 366/511/351 394/419/316 425/647/350
f 383/478/369 305/431/328 367/413/311
f 368/648/331 348/429/326 367/413/311
f 368/648/331 367/413/311 305/431/328
f 305/431/328 259/433/313 368/648/331
f 369/390/289 294/369/272 335/391/290
f 298/515/398 294/369/272 369/390/289
f 397/398/297 437/649/476 381/399/298
f 437/650/476 349/651/477 440/652/478
f 328/653/356 265/395/294 371/602/453
f 328/653/356 371/602/453 267/654/479
f 294/369/272 453/655/299 372/556/273
f 372/370/273 453/400/299 462/402/301
f 347/387/286 381/399/298 260/469/360
f 260/469/360 381/399/298 336/415/312
f 440/652/478 442/656/480 374/657/481
f 397/398/297 376/658/482 437/649/476
f 335/391/290 375/371/274 401/481/372
f 294/369/272 375/371/274 335/391/290
f 376/658/482 349/659/477 437/649/476
f 376/660/482 374/657/481 442/656/480
f 397/661/297 374/657/481 376/660/482
f 374/657/481 406/588/447 440/652/478
f 379/417/314 310/598/399 383/662/369
f 305/431/328 383/478/369 310/516/399
f 379/417/314 283/522/405 253/436/332
f 379/663/314 383/478/369 283/596/405
f 377/664/471 464/665/483 380/589/448
f 345/623/281 380/589/448 405/666/484
f 373/566/362 269/470/361 381/399/298
f 373/471/362 467/630/444 387/472/363
f 348/429/326 382/422/319 270/561/355
f 382/422/319 262/667/485 270/561/355
f 378/575/439 283/596/405 383/478/369
f 383/478/369 271/412/310 378/575/439
f 262/668/485 384/462/353 270/464/355
f 422/571/435 262/667/485 382/422/319
f 292/547/423 470/445/340 385/442/338
f 348/429/326 398/475/366 385/442/338
f 386/573/437 336/415/312 384/462/353
f 422/669/435 384/462/353 262/668/485
f 387/472/363 470/445/340 292/547/423
f 351/629/467 387/472/363 467/630/444
f 266/463/354 336/415/312 388/447/342
f 285/538/416 266/463/354 388/447/342
f 448/619/464 389/505/323 336/415/312
f 346/427/324 389/426/323 448/624/464
f 297/531/413 390/553/427 300/670/428
f 390/553/427 412/560/431 300/670/428
f 388/447/342 391/451/344 289/539/417
f 416/448/343 289/671/417 391/449/344
f 436/672/486 468/486/377 392/485/376
f 393/564/433 434/563/432 273/528/410
f 392/485/376 393/673/433 436/672/486
f 316/483/374 393/673/433 392/485/376
f 394/419/316 366/511/351 323/510/394
f 394/419/316 323/510/394 457/509/393
f 358/392/291 395/381/282 462/402/301
f 247/366/270 462/402/301 395/381/282
f 431/635/469 396/636/470 347/387/286
f 464/665/483 405/666/484 380/589/448
f 347/387/286 377/637/471 397/398/297
f 380/589/448 406/588/447 377/664/471
f 269/565/361 292/547/423 398/475/366
f 292/547/423 385/442/338 398/475/366
f 291/487/378 399/484/375 392/485/376
f 469/674/487 439/545/421 401/481/372
f 363/397/296 364/396/295 400/645/475
f 363/397/296 400/645/475 369/390/289
f 469/674/487 401/481/372 399/484/375
f 401/481/372 357/627/466 407/640/473
f 402/497/386 308/500/387 463/499/309
f 419/496/307 308/500/387 402/497/386
f 403/550/426 398/475/366 293/474/365
f 403/550/426 293/474/365 295/439/335
f 319/401/300 404/404/302 458/393/292
f 313/675/488 404/404/302 444/406/304
f 405/676/484 431/635/469 345/380/281
f 449/677/489 405/666/484 464/665/483
f 374/657/481 397/661/297 406/588/447
f 406/588/447 397/661/297 377/664/471
f 350/482/373 399/484/375 407/640/473
f 407/640/473 399/484/375 401/481/372
f 408/519/402 310/516/399 411/518/401
f 408/519/402 410/678/490 421/432/329
f 358/392/291 302/529/411 409/638/472
f 407/640/473 358/679/291 409/639/472
f 410/680/490 299/558/429 421/557/329
f 411/518/401 459/681/491 408/519/402
f 411/518/401 324/517/400 299/682/429
f 459/681/491 411/518/401 299/682/429
f 266/463/354 285/538/416 412/683/431
f 300/555/428 412/683/431 285/538/416
f 368/648/331 259/433/313 413/684/322
f 336/415/312 413/425/322 259/416/313
f 414/530/412 257/477/368 301/476/367
f 301/476/367 412/560/431 414/530/412
f 415/633/468 354/508/392 417/543/419
f 290/424/321 278/506/391 415/685/468
f 289/671/417 416/448/343 321/594/451
f 321/594/451 471/418/315 367/413/311
f 290/424/321 417/542/419 413/425/322
f 290/424/321 415/685/468 417/542/419
f 418/605/455 320/590/449 329/592/450
f 320/590/449 440/652/478 406/588/447
f 336/415/312 419/409/307 319/401/300
f 319/401/300 419/409/307 364/403/295
f 344/423/320 420/441/337 246/613/438
f 344/423/320 348/429/326 420/441/337
f 433/559/430 252/479/370 421/557/329
f 252/479/370 259/416/313 421/557/329
f 422/669/435 386/573/437 384/462/353
f 309/614/318 386/573/437 422/669/435
f 423/502/389 275/454/348 454/453/347
f 275/454/348 423/502/389 428/686/390
f 424/642/474 358/392/291 407/687/473
f 272/628/283 358/392/291 424/642/474
f 425/456/350 248/420/317 453/400/299
f 263/582/443 248/420/317 425/456/350
f 311/468/359 426/388/287 260/469/360
f 347/387/286 260/469/360 426/388/287
f 427/688/457 341/689/492 251/690/493
f 313/675/488 444/406/304 251/690/493
f 315/494/384 275/458/348 428/504/390
f 428/504/390 460/452/346 315/494/384
f 429/430/327 368/648/331 255/507/330
f 429/430/327 348/429/326 368/648/331
f 371/602/453 430/389/288 267/654/479
f 332/609/458 267/654/479 430/389/288
f 431/635/469 356/691/494 396/636/470
f 356/691/494 431/635/469 450/692/495
f 267/654/479 332/609/458 432/608/357
f 432/466/357 328/465/356 267/693/479
f 433/559/430 324/694/400 310/598/399
f 324/694/400 433/559/430 299/558/429
f 302/529/411 284/394/293 434/563/432
f 284/394/293 273/528/410 434/563/432
f 375/371/274 435/385/284 401/481/372
f 375/371/274 395/383/282 435/385/284
f 273/528/410 468/527/377 436/695/486
f 273/528/410 436/695/486 393/564/433
f 381/399/298 437/649/476 370/606/456
f 437/650/476 440/652/478 370/696/456
f 470/445/340 438/548/424 385/442/338
f 359/578/440 385/442/338 438/548/424
f 317/697/496 326/544/420 439/545/421
f 320/590/449 418/605/455 440/652/478
f 418/605/455 370/696/456 440/652/478
f 469/698/487 441/488/379 439/699/421
f 317/700/496 439/699/421 441/488/379
f 440/652/478 349/651/477 442/656/480
f 376/660/482 442/656/480 349/651/477
f 443/610/459 438/548/424 314/444/339
f 314/444/339 334/612/341 443/610/459
f 427/688/457 251/690/493 444/406/304
f 432/608/357 427/607/457 444/701/304
f 288/536/407 445/537/383 455/490/381
f 288/524/407 281/526/409 445/493/383
f 446/618/463 338/534/415 402/497/386
f 338/534/415 446/618/463 337/621/461
f 447/702/460 333/581/442 438/580/424
f 447/702/460 334/446/341 333/581/442
f 448/624/464 339/438/334 261/437/333
f 448/619/464 269/470/361 339/552/334
f 356/691/494 449/703/489 396/636/470
f 452/704/497 449/677/489 356/705/494
f 450/706/495 452/704/497 356/705/494
f 405/676/484 450/692/495 431/635/469
f 281/526/409 322/525/408 451/491/382
f 281/526/409 451/491/382 445/493/383
f 452/707/497 450/692/495 405/676/484
f 452/704/497 405/666/484 449/677/489
f 298/515/398 453/655/299 294/369/272
f 453/400/299 298/708/398 280/568/397
f 416/448/343 277/450/345 454/453/347
f 321/594/451 416/448/343 471/418/315
f 322/535/408 455/490/381 274/523/406
f 274/523/406 455/490/381 253/436/332
f 435/385/284 272/384/283 456/480/371
f 357/627/466 456/480/371 272/384/283
f 457/509/393 279/513/396 369/390/289
f 282/520/403 279/513/396 457/509/393
f 458/393/292 404/404/302 313/675/488
f 313/675/488 472/709/498 441/488/379 458/393/292
f 299/682/429 410/678/490 459/681/491
f 408/519/402 459/681/491 410/678/490
f 263/582/443 460/452/346 248/420/317
f 460/452/346 263/582/443 315/494/384
f 446/618/463 463/499/309 461/620/465
f 461/620/465 340/710/462 337/621/461
f 319/401/300 458/393/292 462/402/301
f 462/402/301 458/393/292 358/392/291
f 303/408/306 340/616/462 463/411/309
f 461/620/465 463/499/309 340/710/462
f 464/665/483 396/711/470 449/677/489
f 396/711/470 464/665/483 377/664/471
f 465/712/336 359/576/440 246/574/438
f 465/440/336 246/613/438 420/441/337
f 466/501/388 277/450/345 360/644/385
f 466/501/388 454/453/347 277/450/345
f 370/606/456 467/585/444 381/399/298
f 467/585/444 373/566/362 381/399/298
f 284/394/293 441/488/379 468/527/377
f 468/486/377 441/713/379 469/674/487
f 469/674/487 399/484/375 291/487/378
f 291/487/378 468/486/377 469/674/487
f 351/629/467 320/590/449 470/445/340
f 387/472/363 351/629/467 470/445/340
f 454/453/347 471/418/315 416/448/343
f 264/455/349 471/418/315 454/453/347
s off
f 251/690/499 341/689/500 342/714/501 250/715/502
f 326/544/503 317/697/504 250/716/505 249/600/506
f 441/488/507 472/709/508 250/715/509 317/700/510
f 251/690/511 250/715/512 472/709/513 313/675/514
f 341/717/515 427/607/516 332/609/517 473/718/518
f 249/600/519 474/719/520 473/718/521 332/609/522
f 342/720/523 341/717/524 473/718/525 474/719/526
f 474/719/527 249/600/528 250/716/529 342/720/530
s 123
f 475/721/531 476/722/532 478/723/533
f 476/724/532 477/725/534 484/726/535
f 523/727/536 476/724/532 484/726/535
f 477/728/534 476/722/532 475/721/531
f 531/729/537 475/721/531 478/723/533
f 477/728/534 475/721/531 531/729/537
f 477/725/534 609/730/538 484/726/535
f 531/729/537 478/723/533 612/731/539
f 479/732/540 482/733/541 480/734/542
f 580/735/543 599/736/544 479/737/540
f 479/732/540 481/738/545 482/733/541
f 479/737/540 599/736/544 481/739/545
f 480/734/542 482/733/541 582/740/546
f 632/741/547 612/742/539 523/727/536
f 632/743/547 509/744/548 672/745/549
f 602/746/550 584/747/551 663/748/552
f 667/749/553 606/750/554 572/751/555
f 595/752/556 695/753/557 521/754/558
f 502/755/559 601/756/560 600/757/561
f 584/747/551 634/758/562 618/759/563
f 690/760/564 556/761/565 699/762/566
f 556/761/565 601/763/560 641/764/567
f 491/765/568 681/766/569 641/764/567
f 513/767/570 540/768/571 656/769/572
f 493/770/573 540/768/571 700/771/574
f 508/772/575 604/773/576 493/774/573
f 573/775/577 496/776/578 616/777/579
f 708/778/580 631/779/581 493/774/573
f 485/780/582 556/761/565 690/760/564
f 546/781/583 619/782/584 581/783/585
f 573/775/577 527/784/586 650/785/587
f 626/786/588 583/787/589 592/788/590
f 592/788/590 585/789/591 666/790/592
f 542/791/593 658/792/594 496/793/578
f 650/785/587 492/794/595 605/795/596
f 616/777/579 490/796/597 573/775/577
f 485/780/582 573/775/577 556/761/565
f 498/797/598 576/798/599 532/799/600
f 702/800/601 657/801/602 622/802/603
f 602/803/550 551/804/604 707/805/605
f 571/806/606 602/746/550 663/748/552
f 625/807/607 573/775/577 485/780/582
f 653/808/608 628/809/609 514/810/610
f 628/811/609 485/780/582 697/812/611
f 691/813/612 512/814/613 501/815/614
f 662/816/615 501/817/614 512/818/613
f 603/819/616 690/760/564 598/820/617
f 681/766/569 491/765/568 502/821/559
f 621/822/618 573/775/577 503/823/619
f 507/824/620 621/822/618 503/823/619
f 565/825/621 669/826/622 681/766/569
f 600/757/561 667/749/553 567/827/623
f 548/828/624 497/829/625 573/775/577
f 618/759/563 506/830/626 573/775/577
f 493/774/573 631/779/581 606/750/554
f 600/757/561 606/750/554 667/749/553
f 610/831/627 624/832/628 549/833/629
f 530/834/630 635/835/631 498/797/598
f 604/773/576 708/778/580 493/774/573
f 538/836/632 494/837/633 604/773/576
f 620/838/634 604/773/576 508/772/575
f 496/776/578 489/839/635 616/777/579
f 693/840/636 638/841/637 672/745/549
f 587/842/638 553/843/639 636/844/640
f 629/845/641 705/846/642 528/847/643
f 695/753/557 678/848/644 521/754/558
f 589/849/645 490/796/597 692/850/646
f 688/851/647 589/852/645 682/853/648
f 552/854/649 662/816/615 512/818/613
f 597/855/650 628/811/609 697/812/611
f 656/856/572 639/857/651 513/858/570
f 700/859/574 545/860/652 493/774/573
f 691/813/612 703/861/653 660/862/654
f 660/863/654 597/855/650 665/864/655
f 626/865/588 515/866/656 527/784/586
f 666/790/592 492/867/595 591/868/657
f 631/779/581 694/869/658 606/750/554
f 560/870/659 603/871/616 543/872/660
f 516/873/661 517/874/662 535/875/663
f 560/870/659 543/872/660 694/869/658
f 547/876/664 561/877/665 648/878/666
f 645/879/667 542/791/593 547/876/664
f 516/873/661 519/880/668 517/874/662
f 544/881/669 603/819/616 598/820/617
f 490/796/597 520/882/670 511/883/671
f 525/884/672 559/885/673 518/886/674
f 705/887/642 510/888/675 521/754/558
f 539/889/676 595/752/556 521/754/558
f 651/890/677 534/891/678 494/837/633
f 485/780/582 628/811/609 625/807/607
f 478/723/533 523/892/536 612/731/539
f 476/722/532 523/892/536 478/723/533
f 540/768/571 513/767/570 524/893/679
f 513/858/570 639/857/651 575/894/680
f 559/895/673 525/896/672 692/850/646
f 589/849/645 692/850/646 682/897/648
f 522/898/681 625/807/607 526/899/682
f 494/900/633 533/901/683 526/899/682
f 650/785/587 654/902/684 492/794/595
f 591/868/657 492/867/595 654/903/684
f 563/904/685 638/841/637 676/905/686
f 541/906/687 624/832/628 529/907/688
f 675/908/689 707/805/605 551/804/604
f 498/797/598 532/799/600 530/834/630
f 564/909/690 635/835/631 640/910/691
f 532/911/600 576/912/599 506/830/626
f 532/799/600 564/909/690 640/910/691
f 533/901/683 522/898/681 526/899/682
f 651/890/677 627/913/692 534/891/678
f 534/914/678 533/901/683 494/900/633
f 533/901/683 534/914/678 537/915/693
f 535/875/663 606/750/554 516/873/661
f 531/729/537 609/916/538 477/728/534
f 658/917/594 536/918/694 670/919/695
f 645/879/667 658/792/594 542/791/593
f 537/915/693 522/898/681 533/901/683
f 649/920/696 627/913/692 651/890/677
f 507/921/620 503/922/619 538/836/632
f 503/922/619 649/920/696 538/836/632
f 539/889/676 671/923/697 630/924/698
f 629/845/641 636/844/640 553/843/639
f 502/821/559 491/765/568 601/763/560
f 601/763/560 491/765/568 641/764/567
f 506/925/626 541/906/687 529/907/688
f 610/926/627 562/927/699 506/830/626
f 604/773/576 507/921/620 538/836/632
f 585/789/591 507/921/620 604/773/576
f 543/872/660 519/880/668 694/869/658
f 544/881/669 517/928/662 519/929/668
f 543/872/660 603/871/616 544/930/669
f 543/872/660 544/930/669 519/880/668
f 656/856/572 508/772/575 545/860/652
f 508/772/575 493/774/573 545/860/652
f 546/781/583 659/931/700 619/782/584
f 505/932/701 623/933/702 483/934/703
f 688/851/647 615/935/704 589/852/645
f 559/885/673 615/935/704 688/851/647
f 596/936/705 548/828/624 505/932/701
f 675/908/689 548/937/624 596/938/705
f 541/906/687 549/833/629 624/832/628
f 590/939/706 541/906/687 506/925/626
f 484/726/535 609/730/538 699/762/566
f 484/726/535 632/741/547 523/727/536
f 571/806/606 663/748/552 548/828/624
f 548/828/624 675/940/689 570/941/707
f 500/942/708 662/816/615 552/854/649
f 665/864/655 597/855/650 697/812/611
f 553/943/639 587/944/638 539/889/676
f 539/889/676 630/924/698 553/943/639
f 704/945/709 495/946/710 555/947/711
f 643/948/712 617/949/713 557/950/714
f 656/769/572 573/775/577 490/796/597
f 490/951/597 508/772/575 656/856/572
f 566/952/715 557/950/714 555/953/711
f 599/736/544 602/803/550 707/805/605
f 604/773/576 494/837/633 558/954/716
f 558/955/716 494/900/633 526/899/682
f 520/882/670 559/895/673 511/883/671
f 520/956/670 615/935/704 559/885/673
f 708/778/580 501/815/614 631/779/581
f 631/957/581 501/817/614 662/816/615
f 489/839/635 670/919/695 616/777/579
f 670/919/695 547/958/664 616/777/579
f 562/959/699 610/831/627 549/833/629
f 549/833/629 541/906/687 590/939/706
f 563/904/685 486/960/717 638/841/637
f 506/830/626 564/961/690 532/911/600
f 564/909/690 506/925/626 635/835/631
f 681/766/569 502/821/559 565/825/621
f 567/827/623 667/749/553 608/962/718
f 566/952/715 555/953/711 495/963/710
f 568/964/719 655/965/720 566/952/715
f 567/827/623 608/962/718 502/755/559
f 600/757/561 567/827/623 502/755/559
f 495/963/710 568/964/719 566/952/715
f 704/945/709 607/966/721 495/946/710
f 664/967/722 669/968/622 569/969/723
f 667/749/553 572/751/555 569/969/723
f 571/806/606 548/828/624 570/941/707
f 675/908/689 680/970/724 684/971/725
f 602/803/550 571/972/606 551/804/604
f 680/970/724 571/972/606 684/971/725
f 581/783/585 483/973/703 546/781/583
f 546/974/583 483/934/703 623/933/702
f 486/960/717 572/751/555 638/841/637
f 569/969/723 572/751/555 486/960/717
f 623/933/702 505/932/701 573/775/577
f 505/932/701 548/828/624 573/775/577
f 524/893/679 513/767/570 574/975/726
f 524/893/679 577/976/727 540/768/571
f 513/767/570 575/977/680 574/975/726
f 683/978/728 639/857/651 700/859/574
f 573/775/577 506/830/626 685/979/729
f 573/775/577 626/865/588 527/784/586
f 577/976/727 524/893/679 574/975/726
f 698/980/730 574/981/726 683/978/728
f 580/735/543 479/737/540 480/982/542
f 480/734/542 582/740/546 602/746/550
f 581/783/585 619/782/584 585/789/591
f 622/802/603 657/801/602 585/789/591
f 481/739/545 599/736/544 582/983/546
f 481/738/545 582/740/546 482/733/541
f 685/984/729 498/797/598 583/787/589
f 635/835/631 585/789/591 498/797/598
f 582/740/546 584/747/551 602/746/550
f 617/949/713 582/983/546 599/736/544
f 583/787/589 498/797/598 585/789/591
f 583/787/589 585/789/591 592/788/590
f 568/985/719 607/966/721 655/986/720
f 607/966/721 568/985/719 495/946/710
f 594/987/731 638/841/637 693/840/636
f 632/741/547 595/752/556 509/988/548
f 555/953/711 557/950/714 588/989/732
f 588/989/732 704/990/709 555/953/711
f 490/796/597 589/849/645 508/991/575
f 615/935/704 508/772/575 589/852/645
f 590/939/706 562/959/699 549/833/629
f 562/927/699 590/992/706 506/830/626
f 652/993/733 515/994/656 591/868/657
f 626/786/588 592/788/590 515/994/656
f 591/868/657 592/788/590 666/790/592
f 591/868/657 515/994/656 592/788/590
f 582/740/546 668/995/734 584/747/551
f 584/747/551 633/996/735 614/997/736
f 539/889/676 587/944/638 646/998/737
f 646/999/737 587/842/638 644/1000/738
f 644/1000/738 594/987/731 661/1001/739
f 661/1002/739 594/1003/731 509/988/548
f 596/938/705 702/800/601 622/802/603
f 483/934/703 596/936/705 505/932/701
f 628/809/609 597/1004/650 514/810/610
f 703/861/653 597/1004/650 660/862/654
f 598/820/617 690/760/564 517/928/662
f 544/881/669 598/820/617 517/928/662
f 557/950/714 599/736/544 707/805/605
f 617/949/713 599/736/544 557/950/714
f 637/1005/740 540/1006/571 493/774/573
f 637/1005/740 493/774/573 606/750/554
f 601/756/560 540/1006/571 637/1005/740
f 656/769/572 540/768/571 601/763/560
f 580/735/543 602/803/550 599/736/544
f 480/982/542 602/803/550 580/735/543
f 662/816/615 690/760/564 603/819/616
f 603/871/616 631/779/581 662/1007/615
f 620/838/634 542/791/593 604/773/576
f 605/1008/596 585/789/591 604/773/576
f 605/1008/596 604/773/576 542/791/593
f 542/791/593 496/793/578 605/1008/596
f 606/750/554 531/729/537 572/751/555
f 535/875/663 531/729/537 606/750/554
f 634/758/562 674/1009/741 618/759/563
f 674/1010/741 586/1011/742 677/1012/743
f 565/1013/621 502/755/559 608/962/718
f 565/1013/621 608/962/718 504/1014/744
f 531/729/537 690/1015/564 609/916/538
f 609/730/538 690/760/564 699/762/566
f 584/747/551 618/759/563 497/829/625
f 497/829/625 618/759/563 573/775/577
f 677/1012/743 679/1016/745 611/1017/746
f 634/758/562 613/1018/747 674/1009/741
f 572/751/555 612/731/539 638/841/637
f 531/729/537 612/731/539 572/751/555
f 613/1018/747 586/1019/742 674/1009/741
f 613/1020/747 611/1017/746 679/1016/745
f 634/1021/562 611/1017/746 613/1020/747
f 611/1017/746 643/948/712 677/1012/743
f 616/777/579 547/958/664 620/1022/634
f 542/791/593 620/838/634 547/876/664
f 616/777/579 520/882/670 490/796/597
f 616/1023/579 620/838/634 520/956/670
f 614/1024/736 701/1025/748 617/949/713
f 582/983/546 617/949/713 642/1026/749
f 610/926/627 506/830/626 618/759/563
f 610/831/627 704/990/709 624/832/628
f 585/789/591 619/782/584 507/921/620
f 619/782/584 499/1027/750 507/921/620
f 615/935/704 520/956/670 620/838/634
f 620/838/634 508/772/575 615/935/704
f 499/1028/750 621/822/618 507/824/620
f 659/931/700 499/1027/750 619/782/584
f 529/907/688 707/805/605 622/802/603
f 585/789/591 635/835/631 622/802/603
f 623/933/702 573/775/577 621/822/618
f 659/1029/700 621/822/618 499/1028/750
f 624/832/628 707/805/605 529/907/688
f 588/989/732 624/832/628 704/990/709
f 503/823/619 573/775/577 625/807/607
f 522/898/681 503/823/619 625/807/607
f 685/979/729 626/865/588 573/775/577
f 583/787/589 626/786/588 685/984/729
f 534/891/678 627/913/692 537/1030/693
f 627/913/692 649/920/696 537/1030/693
f 625/807/607 628/811/609 526/899/682
f 653/808/608 526/1031/682 628/809/609
f 673/1032/751 705/846/642 629/845/641
f 630/924/698 671/923/697 510/888/675
f 629/845/641 630/1033/698 673/1032/751
f 553/843/639 630/1033/698 629/845/641
f 631/779/581 603/871/616 560/870/659
f 631/779/581 560/870/659 694/869/658
f 595/752/556 632/741/547 699/762/566
f 484/726/535 699/762/566 632/741/547
f 668/995/734 633/996/735 584/747/551
f 701/1025/748 642/1026/749 617/949/713
f 584/747/551 614/997/736 634/758/562
f 617/949/713 643/948/712 614/1024/736
f 506/925/626 529/907/688 635/835/631
f 529/907/688 622/802/603 635/835/631
f 528/847/643 636/844/640 629/845/641
f 706/1034/752 676/905/686 638/841/637
f 600/757/561 601/756/560 637/1005/740
f 600/757/561 637/1005/740 606/750/554
f 706/1034/752 638/841/637 636/844/640
f 638/841/637 594/987/731 644/1000/738
f 639/857/651 545/860/652 700/859/574
f 656/856/572 545/860/652 639/857/651
f 640/910/691 635/835/631 530/834/630
f 640/910/691 530/834/630 532/799/600
f 556/761/565 641/764/567 695/753/557
f 550/1035/753 641/764/567 681/766/569
f 642/1036/749 668/995/734 582/740/546
f 686/1037/754 642/1026/749 701/1025/748
f 611/1017/746 634/1021/562 643/948/712
f 643/948/712 634/1021/562 614/1024/736
f 587/842/638 636/844/640 644/1000/738
f 644/1000/738 636/844/640 638/841/637
f 645/879/667 547/876/664 648/878/666
f 645/879/667 647/1038/755 658/792/594
f 595/752/556 539/889/676 646/998/737
f 644/1000/738 595/1039/556 646/999/737
f 647/1040/755 536/918/694 658/917/594
f 648/878/666 696/1041/756 645/879/667
f 648/878/666 561/877/665 536/1042/694
f 696/1041/756 648/878/666 536/1042/694
f 503/823/619 522/898/681 649/1043/696
f 537/915/693 649/1043/696 522/898/681
f 605/1008/596 496/793/578 650/1044/587
f 573/775/577 650/785/587 496/776/578
f 651/890/677 494/837/633 538/836/632
f 538/836/632 649/920/696 651/890/677
f 652/993/733 591/868/657 654/903/684
f 527/784/586 515/866/656 652/1045/733
f 526/1031/682 653/808/608 558/954/716
f 558/954/716 708/778/580 604/773/576
f 527/784/586 654/902/684 650/785/587
f 527/784/586 652/1045/733 654/902/684
f 655/965/720 557/950/714 566/952/715
f 557/950/714 677/1012/743 643/948/712
f 573/775/577 656/769/572 556/761/565
f 556/761/565 656/769/572 601/763/560
f 581/783/585 657/801/602 483/973/703
f 581/783/585 585/789/591 657/801/602
f 670/919/695 489/839/635 658/917/594
f 489/839/635 496/776/578 658/917/594
f 659/1029/700 623/933/702 621/822/618
f 546/974/583 623/933/702 659/1029/700
f 660/862/654 512/814/613 691/813/612
f 512/814/613 660/862/654 665/1046/655
f 661/1002/739 595/752/556 644/1047/738
f 509/988/548 595/752/556 661/1002/739
f 662/816/615 485/780/582 690/760/564
f 500/942/708 485/780/582 662/816/615
f 548/828/624 663/748/552 497/829/625
f 584/747/551 497/829/625 663/748/552
f 664/1048/722 578/1049/757 488/1050/758
f 550/1035/753 681/766/569 488/1050/758
f 552/854/649 512/818/613 665/864/655
f 665/864/655 697/812/611 552/854/649
f 666/790/592 605/1008/596 492/867/595
f 666/790/592 585/789/591 605/1008/596
f 608/962/718 667/749/553 504/1014/744
f 569/969/723 504/1014/744 667/749/553
f 668/995/734 593/1051/759 633/996/735
f 593/1051/759 668/995/734 687/1052/760
f 504/1014/744 569/969/723 669/968/622
f 669/826/622 565/825/621 504/1053/744
f 670/919/695 561/1054/665 547/958/664
f 561/1054/665 670/919/695 536/918/694
f 539/889/676 521/754/558 671/923/697
f 521/754/558 510/888/675 671/923/697
f 612/731/539 672/745/549 638/841/637
f 612/731/539 632/743/547 672/745/549
f 510/888/675 705/887/642 673/1055/751
f 510/888/675 673/1055/751 630/924/698
f 618/759/563 674/1009/741 607/966/721
f 674/1010/741 677/1012/743 607/1056/721
f 707/805/605 675/908/689 622/802/603
f 596/938/705 622/802/603 675/908/689
f 554/1057/761 563/904/685 676/905/686
f 557/950/714 655/965/720 677/1012/743
f 655/965/720 607/1056/721 677/1012/743
f 706/1058/752 678/848/644 676/1059/686
f 554/1060/761 676/1059/686 678/848/644
f 677/1012/743 586/1011/742 679/1016/745
f 613/1020/747 679/1016/745 586/1011/742
f 680/970/724 675/908/689 551/804/604
f 551/804/604 571/972/606 680/970/724
f 664/1048/722 488/1050/758 681/766/569
f 669/968/622 664/967/722 681/1061/569
f 525/896/672 682/897/648 692/850/646
f 525/884/672 518/886/674 682/853/648
f 683/978/728 575/894/680 639/857/651
f 575/894/680 683/978/728 574/981/726
f 684/1062/725 570/941/707 675/940/689
f 684/1062/725 571/806/606 570/941/707
f 685/984/729 576/798/599 498/797/598
f 685/979/729 506/830/626 576/912/599
f 593/1051/759 686/1063/754 633/996/735
f 689/1064/762 686/1037/754 593/1065/759
f 687/1066/760 689/1064/762 593/1065/759
f 642/1036/749 687/1052/760 668/995/734
f 518/886/674 559/885/673 688/851/647
f 518/886/674 688/851/647 682/853/648
f 689/1067/762 687/1052/760 642/1036/749
f 689/1064/762 642/1026/749 686/1037/754
f 535/875/663 690/1015/564 531/729/537
f 690/760/564 535/1068/663 517/928/662
f 653/808/608 514/810/610 691/813/612
f 558/954/716 653/808/608 708/778/580
f 559/895/673 692/850/646 511/883/671
f 511/883/671 692/850/646 490/796/597
f 672/745/549 509/744/548 693/840/636
f 594/987/731 693/840/636 509/744/548
f 694/869/658 516/873/661 606/750/554
f 519/880/668 516/873/661 694/869/658
f 695/753/557 641/764/567 550/1035/753
f 550/1035/753 709/1069/763 678/848/644 695/753/557
f 536/1042/694 647/1038/755 696/1041/756
f 645/879/667 696/1041/756 647/1038/755
f 500/942/708 697/812/611 485/780/582
f 697/812/611 500/942/708 552/854/649
f 683/978/728 700/859/574 698/980/730
f 698/980/730 577/1070/727 574/981/726
f 556/761/565 695/753/557 699/762/566
f 699/762/566 695/753/557 595/752/556
f 540/768/571 577/976/727 700/771/574
f 698/980/730 700/859/574 577/1070/727
f 701/1025/748 633/1071/735 686/1037/754
f 633/1071/735 701/1025/748 614/1024/736
f 702/1072/601 596/936/705 483/934/703
f 702/800/601 483/973/703 657/801/602
f 703/861/653 514/810/610 597/1004/650
f 703/861/653 691/813/612 514/810/610
f 607/966/721 704/945/709 618/759/563
f 704/945/709 610/926/627 618/759/563
f 521/754/558 678/848/644 705/887/642
f 705/846/642 678/1073/644 706/1034/752
f 706/1034/752 636/844/640 528/847/643
f 528/847/643 705/846/642 706/1034/752
f 588/989/732 557/950/714 707/805/605
f 624/832/628 588/989/732 707/805/605
f 691/813/612 708/778/580 653/808/608
f 501/815/614 708/778/580 691/813/612
s off
f 488/1050/764 578/1049/765 579/1074/766 487/1075/767
f 563/904/768 554/1057/769 487/1076/770 486/960/771
f 678/848/772 709/1069/773 487/1075/774 554/1060/775
f 488/1050/776 487/1075/777 709/1069/778 550/1035/779
f 578/1077/780 664/967/781 569/969/782 710/1078/783
f 486/960/784 711/1079/785 710/1078/786 569/969/787
f 579/1080/788 578/1077/789 710/1078/790 711/1079/791
f 711/1079/792 486/960/793 487/1076/794 579/1080/795
s 184
f 712/1081/796 713/1082/797 715/1083/798
f 713/1084/797 714/1085/799 721/1086/800
f 760/1087/801 713/1084/797 721/1086/800
f 714/1088/799 713/1082/797 712/1081/796
f 768/1089/802 712/1081/796 715/1083/798
f 714/1088/799 712/1081/796 768/1089/802
f 714/1085/799 846/1090/803 721/1086/800
f 768/1089/802 715/1083/798 849/1091/804
f 716/1092/805 719/1093/806 717/1094/807
f 817/1095/808 836/1096/809 716/1097/805
f 716/1092/805 718/1098/810 719/1093/806
f 716/1097/805 836/1096/809 718/1099/810
f 717/1094/807 719/1093/806 819/1100/811
f 869/1101/812 849/1102/804 760/1087/801
f 869/1103/812 746/1104/813 909/1105/814
f 839/1106/815 821/1107/816 900/1108/817
f 904/1109/818 843/1110/819 809/1111/820
f 832/1112/821 932/1113/822 758/1114/823
f 739/1115/824 838/1116/825 837/1117/826
f 821/1107/816 871/1118/827 855/1119/828
f 927/1120/829 793/1121/830 936/1122/831
f 793/1121/830 838/1123/825 878/1124/832
f 728/1125/833 918/1126/834 878/1124/832
f 750/1127/835 777/1128/836 893/1129/837
f 730/1130/838 777/1128/836 937/1131/839
f 745/1132/840 841/1133/841 730/1134/838
f 810/1135/842 733/1136/843 853/1137/844
f 945/1138/845 868/1139/846 730/1134/838
f 722/1140/847 793/1121/830 927/1120/829
f 783/1141/848 856/1142/849 818/1143/850
f 810/1135/842 764/1144/851 887/1145/852
f 863/1146/853 820/1147/854 829/1148/855
f 829/1148/855 822/1149/856 903/1150/857
f 779/1151/858 895/1152/859 733/1153/843
f 887/1145/852 729/1154/860 842/1155/861
f 853/1137/844 727/1156/862 810/1135/842
f 722/1140/847 810/1135/842 793/1121/830
f 735/1157/863 813/1158/864 769/1159/865
f 939/1160/866 894/1161/867 859/1162/868
f 839/1163/815 788/1164/869 944/1165/870
f 808/1166/871 839/1106/815 900/1108/817
f 862/1167/872 810/1135/842 722/1140/847
f 890/1168/873 865/1169/874 751/1170/875
f 865/1171/874 722/1140/847 934/1172/876
f 928/1173/877 749/1174/878 738/1175/879
f 899/1176/880 738/1177/879 749/1178/878
f 840/1179/881 927/1120/829 835/1180/882
f 918/1126/834 728/1125/833 739/1181/824
f 858/1182/883 810/1135/842 740/1183/884
f 744/1184/885 858/1182/883 740/1183/884
f 802/1185/886 906/1186/887 918/1126/834
f 837/1117/826 904/1109/818 804/1187/888
f 785/1188/889 734/1189/890 810/1135/842
f 855/1119/828 743/1190/891 810/1135/842
f 730/1134/838 868/1139/846 843/1110/819
f 837/1117/826 843/1110/819 904/1109/818
f 847/1191/892 861/1192/893 786/1193/894
f 767/1194/895 872/1195/896 735/1157/863
f 841/1133/841 945/1138/845 730/1134/838
f 775/1196/897 731/1197/898 841/1133/841
f 857/1198/899 841/1133/841 745/1132/840
f 733/1136/843 726/1199/900 853/1137/844
f 930/1200/901 875/1201/902 909/1105/814
f 824/1202/903 790/1203/904 873/1204/905
f 866/1205/906 942/1206/907 765/1207/908
f 932/1113/822 915/1208/909 758/1114/823
f 826/1209/910 727/1156/862 929/1210/911
f 925/1211/912 826/1212/910 919/1213/913
f 789/1214/914 899/1176/880 749/1178/878
f 834/1215/915 865/1171/874 934/1172/876
f 893/1216/837 876/1217/916 750/1218/835
f 937/1219/839 782/1220/917 730/1134/838
f 928/1173/877 940/1221/918 897/1222/919
f 897/1223/919 834/1215/915 902/1224/920
f 863/1225/853 752/1226/921 764/1144/851
f 903/1150/857 729/1227/860 828/1228/922
f 868/1139/846 931/1229/923 843/1110/819
f 797/1230/924 840/1231/881 780/1232/925
f 753/1233/926 754/1234/927 772/1235/928
f 797/1230/924 780/1232/925 931/1229/923
f 784/1236/929 798/1237/930 885/1238/931
f 882/1239/932 779/1151/858 784/1236/929
f 753/1233/926 756/1240/933 754/1234/927
f 781/1241/934 840/1179/881 835/1180/882
f 727/1156/862 757/1242/935 748/1243/936
f 762/1244/937 796/1245/938 755/1246/939
f 942/1247/907 747/1248/940 758/1114/823
f 776/1249/941 832/1112/821 758/1114/823
f 888/1250/942 771/1251/943 731/1197/898
f 722/1140/847 865/1171/874 862/1167/872
f 715/1083/798 760/1252/801 849/1091/804
f 713/1082/797 760/1252/801 715/1083/798
f 777/1128/836 750/1127/835 761/1253/944
f 750/1218/835 876/1217/916 812/1254/945
f 796/1255/938 762/1256/937 929/1210/911
f 826/1209/910 929/1210/911 919/1257/913
f 759/1258/946 862/1167/872 763/1259/947
f 731/1260/898 770/1261/948 763/1259/947
f 887/1145/852 891/1262/949 729/1154/860
f 828/1228/922 729/1227/860 891/1263/949
f 800/1264/950 875/1201/902 913/1265/951
f 778/1266/952 861/1192/893 766/1267/953
f 912/1268/954 944/1165/870 788/1164/869
f 735/1157/863 769/1159/865 767/1194/895
f 801/1269/955 872/1195/896 877/1270/956
f 769/1271/865 813/1272/864 743/1190/891
f 769/1159/865 801/1269/955 877/1270/956
f 770/1261/948 759/1258/946 763/1259/947
f 888/1250/942 864/1273/957 771/1251/943
f 771/1274/943 770/1261/948 731/1260/898
f 770/1261/948 771/1274/943 774/1275/958
f 772/1235/928 843/1110/819 753/1233/926
f 768/1089/802 846/1276/803 714/1088/799
f 895/1277/859 773/1278/959 907/1279/960
f 882/1239/932 895/1152/859 779/1151/858
f 774/1275/958 759/1258/946 770/1261/948
f 886/1280/961 864/1273/957 888/1250/942
f 744/1281/885 740/1282/884 775/1196/897
f 740/1282/884 886/1280/961 775/1196/897
f 776/1249/941 908/1283/962 867/1284/963
f 866/1205/906 873/1204/905 790/1203/904
f 739/1181/824 728/1125/833 838/1123/825
f 838/1123/825 728/1125/833 878/1124/832
f 743/1285/891 778/1266/952 766/1267/953
f 847/1286/892 799/1287/964 743/1190/891
f 841/1133/841 744/1281/885 775/1196/897
f 822/1149/856 744/1281/885 841/1133/841
f 780/1232/925 756/1240/933 931/1229/923
f 781/1241/934 754/1288/927 756/1289/933
f 780/1232/925 840/1231/881 781/1290/934
f 780/1232/925 781/1290/934 756/1240/933
f 893/1216/837 745/1132/840 782/1220/917
f 745/1132/840 730/1134/838 782/1220/917
f 783/1141/848 896/1291/965 856/1142/849
f 742/1292/966 860/1293/967 720/1294/968
f 925/1211/912 852/1295/969 826/1212/910
f 796/1245/938 852/1295/969 925/1211/912
f 833/1296/970 785/1188/889 742/1292/966
f 912/1268/954 785/1297/889 833/1298/970
f 778/1266/952 786/1193/894 861/1192/893
f 827/1299/971 778/1266/952 743/1285/891
f 721/1086/800 846/1090/803 936/1122/831
f 721/1086/800 869/1101/812 760/1087/801
f 808/1166/871 900/1108/817 785/1188/889
f 785/1188/889 912/1300/954 807/1301/972
f 737/1302/973 899/1176/880 789/1214/914
f 902/1224/920 834/1215/915 934/1172/876
f 790/1303/904 824/1304/903 776/1249/941
f 776/1249/941 867/1284/963 790/1303/904
f 941/1305/974 732/1306/975 792/1307/976
f 880/1308/977 854/1309/978 794/1310/979
f 893/1129/837 810/1135/842 727/1156/862
f 727/1311/862 745/1132/840 893/1216/837
f 803/1312/980 794/1310/979 792/1313/976
f 836/1096/809 839/1163/815 944/1165/870
f 841/1133/841 731/1197/898 795/1314/981
f 795/1315/981 731/1260/898 763/1259/947
f 757/1242/935 796/1255/938 748/1243/936
f 757/1316/935 852/1295/969 796/1245/938
f 945/1138/845 738/1175/879 868/1139/846
f 868/1317/846 738/1177/879 899/1176/880
f 726/1199/900 907/1279/960 853/1137/844
f 907/1279/960 784/1318/929 853/1137/844
f 799/1319/964 847/1191/892 786/1193/894
f 786/1193/894 778/1266/952 827/1299/971
f 800/1264/950 723/1320/982 875/1201/902
f 743/1190/891 801/1321/955 769/1271/865
f 801/1269/955 743/1285/891 872/1195/896
f 918/1126/834 739/1181/824 802/1185/886
f 804/1187/888 904/1109/818 845/1322/983
f 803/1312/980 792/1313/976 732/1323/975
f 805/1324/984 892/1325/985 803/1312/980
f 804/1187/888 845/1322/983 739/1115/824
f 837/1117/826 804/1187/888 739/1115/824
f 732/1323/975 805/1324/984 803/1312/980
f 941/1305/974 844/1326/986 732/1306/975
f 901/1327/987 906/1328/887 806/1329/988
f 904/1109/818 809/1111/820 806/1329/988
f 808/1166/871 785/1188/889 807/1301/972
f 912/1268/954 917/1330/989 921/1331/990
f 839/1163/815 808/1332/871 788/1164/869
f 917/1330/989 808/1332/871 921/1331/990
f 818/1143/850 720/1333/968 783/1141/848
f 783/1334/848 720/1294/968 860/1293/967
f 723/1320/982 809/1111/820 875/1201/902
f 806/1329/988 809/1111/820 723/1320/982
f 860/1293/967 742/1292/966 810/1135/842
f 742/1292/966 785/1188/889 810/1135/842
f 761/1253/944 750/1127/835 811/1335/991
f 761/1253/944 814/1336/992 777/1128/836
f 750/1127/835 812/1337/945 811/1335/991
f 920/1338/993 876/1217/916 937/1219/839
f 810/1135/842 743/1190/891 922/1339/994
f 810/1135/842 863/1225/853 764/1144/851
f 814/1336/992 761/1253/944 811/1335/991
f 935/1340/995 811/1341/991 920/1338/993
f 817/1095/808 716/1097/805 717/1342/807
f 717/1094/807 819/1100/811 839/1106/815
f 818/1143/850 856/1142/849 822/1149/856
f 859/1162/868 894/1161/867 822/1149/856
f 718/1099/810 836/1096/809 819/1343/811
f 718/1098/810 819/1100/811 719/1093/806
f 922/1344/994 735/1157/863 820/1147/854
f 872/1195/896 822/1149/856 735/1157/863
f 819/1100/811 821/1107/816 839/1106/815
f 854/1309/978 819/1343/811 836/1096/809
f 820/1147/854 735/1157/863 822/1149/856
f 820/1147/854 822/1149/856 829/1148/855
f 805/1345/984 844/1326/986 892/1346/985
f 844/1326/986 805/1345/984 732/1306/975
f 831/1347/996 875/1201/902 930/1200/901
f 869/1101/812 832/1112/821 746/1348/813
f 792/1313/976 794/1310/979 825/1349/997
f 825/1349/997 941/1350/974 792/1313/976
f 727/1156/862 826/1209/910 745/1351/840
f 852/1295/969 745/1132/840 826/1212/910
f 827/1299/971 799/1319/964 786/1193/894
f 799/1287/964 827/1352/971 743/1190/891
f 889/1353/998 752/1354/921 828/1228/922
f 863/1146/853 829/1148/855 752/1354/921
f 828/1228/922 829/1148/855 903/1150/857
f 828/1228/922 752/1354/921 829/1148/855
f 819/1100/811 905/1355/999 821/1107/816
f 821/1107/816 870/1356/1000 851/1357/1001
f 776/1249/941 824/1304/903 883/1358/1002
f 883/1359/1002 824/1202/903 881/1360/1003
f 881/1360/1003 831/1347/996 898/1361/1004
f 898/1362/1004 831/1363/996 746/1348/813
f 833/1298/970 939/1160/866 859/1162/868
f 720/1294/968 833/1296/970 742/1292/966
f 865/1169/874 834/1364/915 751/1170/875
f 940/1221/918 834/1364/915 897/1222/919
f 835/1180/882 927/1120/829 754/1288/927
f 781/1241/934 835/1180/882 754/1288/927
f 794/1310/979 836/1096/809 944/1165/870
f 854/1309/978 836/1096/809 794/1310/979
f 874/1365/1005 777/1366/836 730/1134/838
f 874/1365/1005 730/1134/838 843/1110/819
f 838/1116/825 777/1366/836 874/1365/1005
f 893/1129/837 777/1128/836 838/1123/825
f 817/1095/808 839/1163/815 836/1096/809
f 717/1342/807 839/1163/815 817/1095/808
f 899/1176/880 927/1120/829 840/1179/881
f 840/1231/881 868/1139/846 899/1367/880
f 857/1198/899 779/1151/858 841/1133/841
f 842/1368/861 822/1149/856 841/1133/841
f 842/1368/861 841/1133/841 779/1151/858
f 779/1151/858 733/1153/843 842/1368/861
f 843/1110/819 768/1089/802 809/1111/820
f 772/1235/928 768/1089/802 843/1110/819
f 871/1118/827 911/1369/1006 855/1119/828
f 911/1370/1006 823/1371/1007 914/1372/1008
f 802/1373/886 739/1115/824 845/1322/983
f 802/1373/886 845/1322/983 741/1374/1009
f 768/1089/802 927/1375/829 846/1276/803
f 846/1090/803 927/1120/829 936/1122/831
f 821/1107/816 855/1119/828 734/1189/890
f 734/1189/890 855/1119/828 810/1135/842
f 914/1372/1008 916/1376/1010 848/1377/1011
f 871/1118/827 850/1378/1012 911/1369/1006
f 809/1111/820 849/1091/804 875/1201/902
f 768/1089/802 849/1091/804 809/1111/820
f 850/1378/1012 823/1379/1007 911/1369/1006
f 850/1380/1012 848/1377/1011 916/1376/1010
f 871/1381/827 848/1377/1011 850/1380/1012
f 848/1377/1011 880/1308/977 914/1372/1008
f 853/1137/844 784/1318/929 857/1382/899
f 779/1151/858 857/1198/899 784/1236/929
f 853/1137/844 757/1242/935 727/1156/862
f 853/1383/844 857/1198/899 757/1316/935
f 851/1384/1001 938/1385/1013 854/1309/978
f 819/1343/811 854/1309/978 879/1386/1014
f 847/1286/892 743/1190/891 855/1119/828
f 847/1191/892 941/1350/974 861/1192/893
f 822/1149/856 856/1142/849 744/1281/885
f 856/1142/849 736/1387/1015 744/1281/885
f 852/1295/969 757/1316/935 857/1198/899
f 857/1198/899 745/1132/840 852/1295/969
f 736/1388/1015 858/1182/883 744/1184/885
f 896/1291/965 736/1387/1015 856/1142/849
f 766/1267/953 944/1165/870 859/1162/868
f 822/1149/856 872/1195/896 859/1162/868
f 860/1293/967 810/1135/842 858/1182/883
f 896/1389/965 858/1182/883 736/1388/1015
f 861/1192/893 944/1165/870 766/1267/953
f 825/1349/997 861/1192/893 941/1350/974
f 740/1183/884 810/1135/842 862/1167/872
f 759/1258/946 740/1183/884 862/1167/872
f 922/1339/994 863/1225/853 810/1135/842
f 820/1147/854 863/1146/853 922/1344/994
f 771/1251/943 864/1273/957 774/1390/958
f 864/1273/957 886/1280/961 774/1390/958
f 862/1167/872 865/1171/874 763/1259/947
f 890/1168/873 763/1391/947 865/1169/874
f 910/1392/1016 942/1206/907 866/1205/906
f 867/1284/963 908/1283/962 747/1248/940
f 866/1205/906 867/1393/963 910/1392/1016
f 790/1203/904 867/1393/963 866/1205/906
f 868/1139/846 840/1231/881 797/1230/924
f 868/1139/846 797/1230/924 931/1229/923
f 832/1112/821 869/1101/812 936/1122/831
f 721/1086/800 936/1122/831 869/1101/812
f 905/1355/999 870/1356/1000 821/1107/816
f 938/1385/1013 879/1386/1014 854/1309/978
f 821/1107/816 851/1357/1001 871/1118/827
f 854/1309/978 880/1308/977 851/1384/1001
f 743/1285/891 766/1267/953 872/1195/896
f 766/1267/953 859/1162/868 872/1195/896
f 765/1207/908 873/1204/905 866/1205/906
f 943/1394/1017 913/1265/951 875/1201/902
f 837/1117/826 838/1116/825 874/1365/1005
f 837/1117/826 874/1365/1005 843/1110/819
f 943/1394/1017 875/1201/902 873/1204/905
f 875/1201/902 831/1347/996 881/1360/1003
f 876/1217/916 782/1220/917 937/1219/839
f 893/1216/837 782/1220/917 876/1217/916
f 877/1270/956 872/1195/896 767/1194/895
f 877/1270/956 767/1194/895 769/1159/865
f 793/1121/830 878/1124/832 932/1113/822
f 787/1395/1018 878/1124/832 918/1126/834
f 879/1396/1014 905/1355/999 819/1100/811
f 923/1397/1019 879/1386/1014 938/1385/1013
f 848/1377/1011 871/1381/827 880/1308/977
f 880/1308/977 871/1381/827 851/1384/1001
f 824/1202/903 873/1204/905 881/1360/1003
f 881/1360/1003 873/1204/905 875/1201/902
f 882/1239/932 784/1236/929 885/1238/931
f 882/1239/932 884/1398/1020 895/1152/859
f 832/1112/821 776/1249/941 883/1358/1002
f 881/1360/1003 832/1399/821 883/1359/1002
f 884/1400/1020 773/1278/959 895/1277/859
f 885/1238/931 933/1401/1021 882/1239/932
f 885/1238/931 798/1237/930 773/1402/959
f 933/1401/1021 885/1238/931 773/1402/959
f 740/1183/884 759/1258/946 886/1403/961
f 774/1275/958 886/1403/961 759/1258/946
f 842/1368/861 733/1153/843 887/1404/852
f 810/1135/842 887/1145/852 733/1136/843
f 888/1250/942 731/1197/898 775/1196/897
f 775/1196/897 886/1280/961 888/1250/942
f 889/1353/998 828/1228/922 891/1263/949
f 764/1144/851 752/1226/921 889/1405/998
f 763/1391/947 890/1168/873 795/1314/981
f 795/1314/981 945/1138/845 841/1133/841
f 764/1144/851 891/1262/949 887/1145/852
f 764/1144/851 889/1405/998 891/1262/949
f 892/1325/985 794/1310/979 803/1312/980
f 794/1310/979 914/1372/1008 880/1308/977
f 810/1135/842 893/1129/837 793/1121/830
f 793/1121/830 893/1129/837 838/1123/825
f 818/1143/850 894/1161/867 720/1333/968
f 818/1143/850 822/1149/856 894/1161/867
f 907/1279/960 726/1199/900 895/1277/859
f 726/1199/900 733/1136/843 895/1277/859
f 896/1389/965 860/1293/967 858/1182/883
f 783/1334/848 860/1293/967 896/1389/965
f 897/1222/919 749/1174/878 928/1173/877
f 749/1174/878 897/1222/919 902/1406/920
f 898/1362/1004 832/1112/821 881/1407/1003
f 746/1348/813 832/1112/821 898/1362/1004
f 899/1176/880 722/1140/847 927/1120/829
f 737/1302/973 722/1140/847 899/1176/880
f 785/1188/889 900/1108/817 734/1189/890
f 821/1107/816 734/1189/890 900/1108/817
f 901/1408/987 815/1409/1022 725/1410/1023
f 787/1395/1018 918/1126/834 725/1410/1023
f 789/1214/914 749/1178/878 902/1224/920
f 902/1224/920 934/1172/876 789/1214/914
f 903/1150/857 842/1368/861 729/1227/860
f 903/1150/857 822/1149/856 842/1368/861
f 845/1322/983 904/1109/818 741/1374/1009
f 806/1329/988 741/1374/1009 904/1109/818
f 905/1355/999 830/1411/1024 870/1356/1000
f 830/1411/1024 905/1355/999 924/1412/1025
f 741/1374/1009 806/1329/988 906/1328/887
f 906/1186/887 802/1185/886 741/1413/1009
f 907/1279/960 798/1414/930 784/1318/929
f 798/1414/930 907/1279/960 773/1278/959
f 776/1249/941 758/1114/823 908/1283/962
f 758/1114/823 747/1248/940 908/1283/962
f 849/1091/804 909/1105/814 875/1201/902
f 849/1091/804 869/1103/812 909/1105/814
f 747/1248/940 942/1247/907 910/1415/1016
f 747/1248/940 910/1415/1016 867/1284/963
f 855/1119/828 911/1369/1006 844/1326/986
f 911/1370/1006 914/1372/1008 844/1416/986
f 944/1165/870 912/1268/954 859/1162/868
f 833/1298/970 859/1162/868 912/1268/954
f 791/1417/1026 800/1264/950 913/1265/951
f 794/1310/979 892/1325/985 914/1372/1008
f 892/1325/985 844/1416/986 914/1372/1008
f 943/1418/1017 915/1208/909 913/1419/951
f 791/1420/1026 913/1419/951 915/1208/909
f 914/1372/1008 823/1371/1007 916/1376/1010
f 850/1380/1012 916/1376/1010 823/1371/1007
f 917/1330/989 912/1268/954 788/1164/869
f 788/1164/869 808/1332/871 917/1330/989
f 901/1408/987 725/1410/1023 918/1126/834
f 906/1328/887 901/1327/987 918/1421/834
f 762/1256/937 919/1257/913 929/1210/911
f 762/1244/937 755/1246/939 919/1213/913
f 920/1338/993 812/1254/945 876/1217/916
f 812/1254/945 920/1338/993 811/1341/991
f 921/1422/990 807/1301/972 912/1300/954
f 921/1422/990 808/1166/871 807/1301/972
f 922/1344/994 813/1158/864 735/1157/863
f 922/1339/994 743/1190/891 813/1272/864
f 830/1411/1024 923/1423/1019 870/1356/1000
f 926/1424/1027 923/1397/1019 830/1425/1024
f 924/1426/1025 926/1424/1027 830/1425/1024
f 879/1396/1014 924/1412/1025 905/1355/999
f 755/1246/939 796/1245/938 925/1211/912
f 755/1246/939 925/1211/912 919/1213/913
f 926/1427/1027 924/1412/1025 879/1396/1014
f 926/1424/1027 879/1386/1014 923/1397/1019
f 772/1235/928 927/1375/829 768/1089/802
f 927/1120/829 772/1428/928 754/1288/927
f 890/1168/873 751/1170/875 928/1173/877
f 795/1314/981 890/1168/873 945/1138/845
f 796/1255/938 929/1210/911 748/1243/936
f 748/1243/936 929/1210/911 727/1156/862
f 909/1105/814 746/1104/813 930/1200/901
f 831/1347/996 930/1200/901 746/1104/813
f 931/1229/923 753/1233/926 843/1110/819
f 756/1240/933 753/1233/926 931/1229/923
f 932/1113/822 878/1124/832 787/1395/1018
f 787/1395/1018 946/1429/1028 915/1208/909 932/1113/822
f 773/1402/959 884/1398/1020 933/1401/1021
f 882/1239/932 933/1401/1021 884/1398/1020
f 737/1302/973 934/1172/876 722/1140/847
f 934/1172/876 737/1302/973 789/1214/914
f 920/1338/993 937/1219/839 935/1340/995
f 935/1340/995 814/1430/992 811/1341/991
f 793/1121/830 932/1113/822 936/1122/831
f 936/1122/831 932/1113/822 832/1112/821
f 777/1128/836 814/1336/992 937/1131/839
f 935/1340/995 937/1219/839 814/1430/992
f 938/1385/1013 870/1431/1000 923/1397/1019
f 870/1431/1000 938/1385/1013 851/1384/1001
f 939/1432/866 833/1296/970 720/1294/968
f 939/1160/866 720/1333/968 894/1161/867
f 940/1221/918 751/1170/875 834/1364/915
f 940/1221/918 928/1173/877 751/1170/875
f 844/1326/986 941/1305/974 855/1119/828
f 941/1305/974 847/1286/892 855/1119/828
f 758/1114/823 915/1208/909 942/1247/907
f 942/1206/907 915/1433/909 943/1394/1017
f 943/1394/1017 873/1204/905 765/1207/908
f 765/1207/908 942/1206/907 943/1394/1017
f 825/1349/997 794/1310/979 944/1165/870
f 861/1192/893 825/1349/997 944/1165/870
f 928/1173/877 945/1138/845 890/1168/873
f 738/1175/879 945/1138/845 928/1173/877
s off
f 725/1410/1029 815/1409/1030 816/1434/1031 724/1435/1032
f 800/1264/1033 791/1417/1034 724/1436/1035 723/1320/1036
f 915/1208/1037 946/1429/1038 724/1435/1039 791/1420/1040
f 725/1410/1041 724/1435/1042 946/1429/1043 787/1395/1044
f 815/1437/1045 901/1327/1046 806/1329/1047 947/1438/1048
f 723/1320/1049 948/1439/1050 947/1438/1051 806/1329/1052
f 816/1440/1053 815/1437/1054 947/1438/1055 948/1439/1056
f 948/1439/1057 723/1320/1058 724/1436/1059 816/1440/1060
s 245
f 949/1441/1061 950/1442/1062 952/1443/1063
f 950/1444/1062 951/1445/1064 958/1446/1065
f 997/1447/1066 950/1444/1062 958/1446/1065
f 951/1448/1064 950/1442/1062 949/1441/1061
f 1005/1449/1067 949/1441/1061 952/1443/1063
f 951/1448/1064 949/1441/1061 1005/1449/1067
f 951/1445/1064 1083/1450/1068 958/1446/1065
f 1005/1449/1067 952/1443/1063 1086/1451/1069
f 953/1452/1070 956/1453/1071 954/1454/1072
f 1054/1455/1073 1073/1456/1074 953/1457/1070
f 953/1452/1070 955/1458/1075 956/1453/1071
f 953/1457/1070 1073/1456/1074 955/1459/1075
f 954/1454/1072 956/1453/1071 1056/1460/1076
f 1106/1461/1077 1086/1462/1069 997/1447/1066
f 1106/1463/1077 983/1464/1078 1146/1465/1079
f 1076/1466/1080 1058/1467/1081 1137/1468/1082
f 1141/1469/1083 1080/1470/1084 1046/1471/1085
f 1069/1472/1086 1169/1473/1087 995/1474/1088
f 976/1475/1089 1075/1476/1090 1074/1477/1091
f 1058/1467/1081 1108/1478/1092 1092/1479/1093
f 1164/1480/1094 1030/1481/1095 1173/1482/1096
f 1030/1481/1095 1075/1483/1090 1115/1484/1097
f 965/1485/1098 1155/1486/1099 1115/1484/1097
f 987/1487/1100 1014/1488/1101 1130/1489/1102
f 967/1490/1103 1014/1488/1101 1174/1491/1104
f 982/1492/1105 1078/1493/1106 967/1494/1103
f 1047/1495/1107 970/1496/1108 1090/1497/1109
f 1182/1498/1110 1105/1499/1111 967/1494/1103
f 959/1500/1112 1030/1481/1095 1164/1480/1094
f 1020/1501/1113 1093/1502/1114 1055/1503/1115
f 1047/1495/1107 1001/1504/1116 1124/1505/1117
f 1100/1506/1118 1057/1507/1119 1066/1508/1120
f 1066/1508/1120 1059/1509/1121 1140/1510/1122
f 1016/1511/1123 1132/1512/1124 970/1513/1108
f 1124/1505/1117 966/1514/1125 1079/1515/1126
f 1090/1497/1109 964/1516/1127 1047/1495/1107
f 959/1500/1112 1047/1495/1107 1030/1481/1095
f 972/1517/1128 1050/1518/1129 1006/1519/1130
f 1176/1520/1131 1131/1521/1132 1096/1522/1133
f 1076/1523/1080 1025/1524/1134 1181/1525/1135
f 1045/1526/1136 1076/1466/1080 1137/1468/1082
f 1099/1527/1137 1047/1495/1107 959/1500/1112
f 1127/1528/1138 1102/1529/1139 988/1530/1140
f 1102/1531/1139 959/1500/1112 1171/1532/1141
f 1165/1533/1142 986/1534/1143 975/1535/1144
f 1136/1536/1145 975/1537/1144 986/1538/1143
f 1077/1539/1146 1164/1480/1094 1072/1540/1147
f 1155/1486/1099 965/1485/1098 976/1541/1089
f 1095/1542/1148 1047/1495/1107 977/1543/1149
f 981/1544/1150 1095/1542/1148 977/1543/1149
f 1039/1545/1151 1143/1546/1152 1155/1486/1099
f 1074/1477/1091 1141/1469/1083 1041/1547/1153
f 1022/1548/1154 971/1549/1155 1047/1495/1107
f 1092/1479/1093 980/1550/1156 1047/1495/1107
f 967/1494/1103 1105/1499/1111 1080/1470/1084
f 1074/1477/1091 1080/1470/1084 1141/1469/1083
f 1084/1551/1157 1098/1552/1158 1023/1553/1159
f 1004/1554/1160 1109/1555/1161 972/1517/1128
f 1078/1493/1106 1182/1498/1110 967/1494/1103
f 1012/1556/1162 968/1557/1163 1078/1493/1106
f 1094/1558/1164 1078/1493/1106 982/1492/1105
f 970/1496/1108 963/1559/1165 1090/1497/1109
f 1167/1560/1166 1112/1561/1167 1146/1465/1079
f 1061/1562/1168 1027/1563/1169 1110/1564/1170
f 1103/1565/1171 1179/1566/1172 1002/1567/1173
f 1169/1473/1087 1152/1568/1174 995/1474/1088
f 1063/1569/1175 964/1516/1127 1166/1570/1176
f 1162/1571/1177 1063/1572/1175 1156/1573/1178
f 1026/1574/1179 1136/1536/1145 986/1538/1143
f 1071/1575/1180 1102/1531/1139 1171/1532/1141
f 1130/1576/1102 1113/1577/1181 987/1578/1100
f 1174/1579/1104 1019/1580/1182 967/1494/1103
f 1165/1533/1142 1177/1581/1183 1134/1582/1184
f 1134/1583/1184 1071/1575/1180 1139/1584/1185
f 1100/1585/1118 989/1586/1186 1001/1504/1116
f 1140/1510/1122 966/1587/1125 1065/1588/1187
f 1105/1499/1111 1168/1589/1188 1080/1470/1084
f 1034/1590/1189 1077/1591/1146 1017/1592/1190
f 990/1593/1191 991/1594/1192 1009/1595/1193
f 1034/1590/1189 1017/1592/1190 1168/1589/1188
f 1021/1596/1194 1035/1597/1195 1122/1598/1196
f 1119/1599/1197 1016/1511/1123 1021/1596/1194
f 990/1593/1191 993/1600/1198 991/1594/1192
f 1018/1601/1199 1077/1539/1146 1072/1540/1147
f 964/1516/1127 994/1602/1200 985/1603/1201
f 999/1604/1202 1033/1605/1203 992/1606/1204
f 1179/1607/1172 984/1608/1205 995/1474/1088
f 1013/1609/1206 1069/1472/1086 995/1474/1088
f 1125/1610/1207 1008/1611/1208 968/1557/1163
f 959/1500/1112 1102/1531/1139 1099/1527/1137
f 952/1443/1063 997/1612/1066 1086/1451/1069
f 950/1442/1062 997/1612/1066 952/1443/1063
f 1014/1488/1101 987/1487/1100 998/1613/1209
f 987/1578/1100 1113/1577/1181 1049/1614/1210
f 1033/1615/1203 999/1616/1202 1166/1570/1176
f 1063/1569/1175 1166/1570/1176 1156/1617/1178
f 996/1618/1211 1099/1527/1137 1000/1619/1212
f 968/1620/1163 1007/1621/1213 1000/1619/1212
f 1124/1505/1117 1128/1622/1214 966/1514/1125
f 1065/1588/1187 966/1587/1125 1128/1623/1214
f 1037/1624/1215 1112/1561/1167 1150/1625/1216
f 1015/1626/1217 1098/1552/1158 1003/1627/1218
f 1149/1628/1219 1181/1525/1135 1025/1524/1134
f 972/1517/1128 1006/1519/1130 1004/1554/1160
f 1038/1629/1220 1109/1555/1161 1114/1630/1221
f 1006/1631/1130 1050/1632/1129 980/1550/1156
f 1006/1519/1130 1038/1629/1220 1114/1630/1221
f 1007/1621/1213 996/1618/1211 1000/1619/1212
f 1125/1610/1207 1101/1633/1222 1008/1611/1208
f 1008/1634/1208 1007/1621/1213 968/1620/1163
f 1007/1621/1213 1008/1634/1208 1011/1635/1223
f 1009/1595/1193 1080/1470/1084 990/1593/1191
f 1005/1449/1067 1083/1636/1068 951/1448/1064
f 1132/1637/1124 1010/1638/1224 1144/1639/1225
f 1119/1599/1197 1132/1512/1124 1016/1511/1123
f 1011/1635/1223 996/1618/1211 1007/1621/1213
f 1123/1640/1226 1101/1633/1222 1125/1610/1207
f 981/1641/1150 977/1642/1149 1012/1556/1162
f 977/1642/1149 1123/1640/1226 1012/1556/1162
f 1013/1609/1206 1145/1643/1227 1104/1644/1228
f 1103/1565/1171 1110/1564/1170 1027/1563/1169
f 976/1541/1089 965/1485/1098 1075/1483/1090
f 1075/1483/1090 965/1485/1098 1115/1484/1097
f 980/1645/1156 1015/1626/1217 1003/1627/1218
f 1084/1646/1157 1036/1647/1229 980/1550/1156
f 1078/1493/1106 981/1641/1150 1012/1556/1162
f 1059/1509/1121 981/1641/1150 1078/1493/1106
f 1017/1592/1190 993/1600/1198 1168/1589/1188
f 1018/1601/1199 991/1648/1192 993/1649/1198
f 1017/1592/1190 1077/1591/1146 1018/1650/1199
f 1017/1592/1190 1018/1650/1199 993/1600/1198
f 1130/1576/1102 982/1492/1105 1019/1580/1182
f 982/1492/1105 967/1494/1103 1019/1580/1182
f 1020/1501/1113 1133/1651/1230 1093/1502/1114
f 979/1652/1231 1097/1653/1232 957/1654/1233
f 1162/1571/1177 1089/1655/1234 1063/1572/1175
f 1033/1605/1203 1089/1655/1234 1162/1571/1177
f 1070/1656/1235 1022/1548/1154 979/1652/1231
f 1149/1628/1219 1022/1657/1154 1070/1658/1235
f 1015/1626/1217 1023/1553/1159 1098/1552/1158
f 1064/1659/1236 1015/1626/1217 980/1645/1156
f 958/1446/1065 1083/1450/1068 1173/1482/1096
f 958/1446/1065 1106/1461/1077 997/1447/1066
f 1045/1526/1136 1137/1468/1082 1022/1548/1154
f 1022/1548/1154 1149/1660/1219 1044/1661/1237
f 974/1662/1238 1136/1536/1145 1026/1574/1179
f 1139/1584/1185 1071/1575/1180 1171/1532/1141
f 1027/1663/1169 1061/1664/1168 1013/1609/1206
f 1013/1609/1206 1104/1644/1228 1027/1663/1169
f 1178/1665/1239 969/1666/1240 1029/1667/1241
f 1117/1668/1242 1091/1669/1243 1031/1670/1244
f 1130/1489/1102 1047/1495/1107 964/1516/1127
f 964/1671/1127 982/1492/1105 1130/1576/1102
f 1040/1672/1245 1031/1670/1244 1029/1673/1241
f 1073/1456/1074 1076/1523/1080 1181/1525/1135
f 1078/1493/1106 968/1557/1163 1032/1674/1246
f 1032/1675/1246 968/1620/1163 1000/1619/1212
f 994/1602/1200 1033/1615/1203 985/1603/1201
f 994/1676/1200 1089/1655/1234 1033/1605/1203
f 1182/1498/1110 975/1535/1144 1105/1499/1111
f 1105/1677/1111 975/1537/1144 1136/1536/1145
f 963/1559/1165 1144/1639/1225 1090/1497/1109
f 1144/1639/1225 1021/1678/1194 1090/1497/1109
f 1036/1679/1229 1084/1551/1157 1023/1553/1159
f 1023/1553/1159 1015/1626/1217 1064/1659/1236
f 1037/1624/1215 960/1680/1247 1112/1561/1167
f 980/1550/1156 1038/1681/1220 1006/1631/1130
f 1038/1629/1220 980/1645/1156 1109/1555/1161
f 1155/1486/1099 976/1541/1089 1039/1545/1151
f 1041/1547/1153 1141/1469/1083 1082/1682/1248
f 1040/1672/1245 1029/1673/1241 969/1683/1240
f 1042/1684/1249 1129/1685/1250 1040/1672/1245
f 1041/1547/1153 1082/1682/1248 976/1475/1089
f 1074/1477/1091 1041/1547/1153 976/1475/1089
f 969/1683/1240 1042/1684/1249 1040/1672/1245
f 1178/1665/1239 1081/1686/1251 969/1666/1240
f 1138/1687/1252 1143/1688/1152 1043/1689/1253
f 1141/1469/1083 1046/1471/1085 1043/1689/1253
f 1045/1526/1136 1022/1548/1154 1044/1661/1237
f 1149/1628/1219 1154/1690/1254 1158/1691/1255
f 1076/1523/1080 1045/1692/1136 1025/1524/1134
f 1154/1690/1254 1045/1692/1136 1158/1691/1255
f 1055/1503/1115 957/1693/1233 1020/1501/1113
f 1020/1694/1113 957/1654/1233 1097/1653/1232
f 960/1680/1247 1046/1471/1085 1112/1561/1167
f 1043/1689/1253 1046/1471/1085 960/1680/1247
f 1097/1653/1232 979/1652/1231 1047/1495/1107
f 979/1652/1231 1022/1548/1154 1047/1495/1107
f 998/1613/1209 987/1487/1100 1048/1695/1256
f 998/1613/1209 1051/1696/1257 1014/1488/1101
f 987/1487/1100 1049/1697/1210 1048/1695/1256
f 1157/1698/1258 1113/1577/1181 1174/1579/1104
f 1047/1495/1107 980/1550/1156 1159/1699/1259
f 1047/1495/1107 1100/1585/1118 1001/1504/1116
f 1051/1696/1257 998/1613/1209 1048/1695/1256
f 1172/1700/1260 1048/1701/1256 1157/1698/1258
f 1054/1455/1073 953/1457/1070 954/1702/1072
f 954/1454/1072 1056/1460/1076 1076/1466/1080
f 1055/1503/1115 1093/1502/1114 1059/1509/1121
f 1096/1522/1133 1131/1521/1132 1059/1509/1121
f 955/1459/1075 1073/1456/1074 1056/1703/1076
f 955/1458/1075 1056/1460/1076 956/1453/1071
f 1159/1704/1259 972/1517/1128 1057/1507/1119
f 1109/1555/1161 1059/1509/1121 972/1517/1128
f 1056/1460/1076 1058/1467/1081 1076/1466/1080
f 1091/1669/1243 1056/1703/1076 1073/1456/1074
f 1057/1507/1119 972/1517/1128 1059/1509/1121
f 1057/1507/1119 1059/1509/1121 1066/1508/1120
f 1042/1705/1249 1081/1686/1251 1129/1706/1250
f 1081/1686/1251 1042/1705/1249 969/1666/1240
f 1068/1707/1261 1112/1561/1167 1167/1560/1166
f 1106/1461/1077 1069/1472/1086 983/1708/1078
f 1029/1673/1241 1031/1670/1244 1062/1709/1262
f 1062/1709/1262 1178/1710/1239 1029/1673/1241
f 964/1516/1127 1063/1569/1175 982/1711/1105
f 1089/1655/1234 982/1492/1105 1063/1572/1175
f 1064/1659/1236 1036/1679/1229 1023/1553/1159
f 1036/1647/1229 1064/1712/1236 980/1550/1156
f 1126/1713/1263 989/1714/1186 1065/1588/1187
f 1100/1506/1118 1066/1508/1120 989/1714/1186
f 1065/1588/1187 1066/1508/1120 1140/1510/1122
f 1065/1588/1187 989/1714/1186 1066/1508/1120
f 1056/1460/1076 1142/1715/1264 1058/1467/1081
f 1058/1467/1081 1107/1716/1265 1088/1717/1266
f 1013/1609/1206 1061/1664/1168 1120/1718/1267
f 1120/1719/1267 1061/1562/1168 1118/1720/1268
f 1118/1720/1268 1068/1707/1261 1135/1721/1269
f 1135/1722/1269 1068/1723/1261 983/1708/1078
f 1070/1658/1235 1176/1520/1131 1096/1522/1133
f 957/1654/1233 1070/1656/1235 979/1652/1231
f 1102/1529/1139 1071/1724/1180 988/1530/1140
f 1177/1581/1183 1071/1724/1180 1134/1582/1184
f 1072/1540/1147 1164/1480/1094 991/1648/1192
f 1018/1601/1199 1072/1540/1147 991/1648/1192
f 1031/1670/1244 1073/1456/1074 1181/1525/1135
f 1091/1669/1243 1073/1456/1074 1031/1670/1244
f 1111/1725/1270 1014/1726/1101 967/1494/1103
f 1111/1725/1270 967/1494/1103 1080/1470/1084
f 1075/1476/1090 1014/1726/1101 1111/1725/1270
f 1130/1489/1102 1014/1488/1101 1075/1483/1090
f 1054/1455/1073 1076/1523/1080 1073/1456/1074
f 954/1702/1072 1076/1523/1080 1054/1455/1073
f 1136/1536/1145 1164/1480/1094 1077/1539/1146
f 1077/1591/1146 1105/1499/1111 1136/1727/1145
f 1094/1558/1164 1016/1511/1123 1078/1493/1106
f 1079/1728/1126 1059/1509/1121 1078/1493/1106
f 1079/1728/1126 1078/1493/1106 1016/1511/1123
f 1016/1511/1123 970/1513/1108 1079/1728/1126
f 1080/1470/1084 1005/1449/1067 1046/1471/1085
f 1009/1595/1193 1005/1449/1067 1080/1470/1084
f 1108/1478/1092 1148/1729/1271 1092/1479/1093
f 1148/1730/1271 1060/1731/1272 1151/1732/1273
f 1039/1733/1151 976/1475/1089 1082/1682/1248
f 1039/1733/1151 1082/1682/1248 978/1734/1274
f 1005/1449/1067 1164/1735/1094 1083/1636/1068
f 1083/1450/1068 1164/1480/1094 1173/1482/1096
f 1058/1467/1081 1092/1479/1093 971/1549/1155
f 971/1549/1155 1092/1479/1093 1047/1495/1107
f 1151/1732/1273 1153/1736/1275 1085/1737/1276
f 1108/1478/1092 1087/1738/1277 1148/1729/1271
f 1046/1471/1085 1086/1451/1069 1112/1561/1167
f 1005/1449/1067 1086/1451/1069 1046/1471/1085
f 1087/1738/1277 1060/1739/1272 1148/1729/1271
f 1087/1740/1277 1085/1737/1276 1153/1736/1275
f 1108/1741/1092 1085/1737/1276 1087/1740/1277
f 1085/1737/1276 1117/1668/1242 1151/1732/1273
f 1090/1497/1109 1021/1678/1194 1094/1742/1164
f 1016/1511/1123 1094/1558/1164 1021/1596/1194
f 1090/1497/1109 994/1602/1200 964/1516/1127
f 1090/1743/1109 1094/1558/1164 994/1676/1200
f 1088/1744/1266 1175/1745/1278 1091/1669/1243
f 1056/1703/1076 1091/1669/1243 1116/1746/1279
f 1084/1646/1157 980/1550/1156 1092/1479/1093
f 1084/1551/1157 1178/1710/1239 1098/1552/1158
f 1059/1509/1121 1093/1502/1114 981/1641/1150
f 1093/1502/1114 973/1747/1280 981/1641/1150
f 1089/1655/1234 994/1676/1200 1094/1558/1164
f 1094/1558/1164 982/1492/1105 1089/1655/1234
f 973/1748/1280 1095/1542/1148 981/1544/1150
f 1133/1651/1230 973/1747/1280 1093/1502/1114
f 1003/1627/1218 1181/1525/1135 1096/1522/1133
f 1059/1509/1121 1109/1555/1161 1096/1522/1133
f 1097/1653/1232 1047/1495/1107 1095/1542/1148
f 1133/1749/1230 1095/1542/1148 973/1748/1280
f 1098/1552/1158 1181/1525/1135 1003/1627/1218
f 1062/1709/1262 1098/1552/1158 1178/1710/1239
f 977/1543/1149 1047/1495/1107 1099/1527/1137
f 996/1618/1211 977/1543/1149 1099/1527/1137
f 1159/1699/1259 1100/1585/1118 1047/1495/1107
f 1057/1507/1119 1100/1506/1118 1159/1704/1259
f 1008/1611/1208 1101/1633/1222 1011/1750/1223
f 1101/1633/1222 1123/1640/1226 1011/1750/1223
f 1099/1527/1137 1102/1531/1139 1000/1619/1212
f 1127/1528/1138 1000/1751/1212 1102/1529/1139
f 1147/1752/1281 1179/1566/1172 1103/1565/1171
f 1104/1644/1228 1145/1643/1227 984/1608/1205
f 1103/1565/1171 1104/1753/1228 1147/1752/1281
f 1027/1563/1169 1104/1753/1228 1103/1565/1171
f 1105/1499/1111 1077/1591/1146 1034/1590/1189
f 1105/1499/1111 1034/1590/1189 1168/1589/1188
f 1069/1472/1086 1106/1461/1077 1173/1482/1096
f 958/1446/1065 1173/1482/1096 1106/1461/1077
f 1142/1715/1264 1107/1716/1265 1058/1467/1081
f 1175/1745/1278 1116/1746/1279 1091/1669/1243
f 1058/1467/1081 1088/1717/1266 1108/1478/1092
f 1091/1669/1243 1117/1668/1242 1088/1744/1266
f 980/1645/1156 1003/1627/1218 1109/1555/1161
f 1003/1627/1218 1096/1522/1133 1109/1555/1161
f 1002/1567/1173 1110/1564/1170 1103/1565/1171
f 1180/1754/1282 1150/1625/1216 1112/1561/1167
f 1074/1477/1091 1075/1476/1090 1111/1725/1270
f 1074/1477/1091 1111/1725/1270 1080/1470/1084
f 1180/1754/1282 1112/1561/1167 1110/1564/1170
f 1112/1561/1167 1068/1707/1261 1118/1720/1268
f 1113/1577/1181 1019/1580/1182 1174/1579/1104
f 1130/1576/1102 1019/1580/1182 1113/1577/1181
f 1114/1630/1221 1109/1555/1161 1004/1554/1160
f 1114/1630/1221 1004/1554/1160 1006/1519/1130
f 1030/1481/1095 1115/1484/1097 1169/1473/1087
f 1024/1755/1283 1115/1484/1097 1155/1486/1099
f 1116/1756/1279 1142/1715/1264 1056/1460/1076
f 1160/1757/1284 1116/1746/1279 1175/1745/1278
f 1085/1737/1276 1108/1741/1092 1117/1668/1242
f 1117/1668/1242 1108/1741/1092 1088/1744/1266
f 1061/1562/1168 1110/1564/1170 1118/1720/1268
f 1118/1720/1268 1110/1564/1170 1112/1561/1167
f 1119/1599/1197 1021/1596/1194 1122/1598/1196
f 1119/1599/1197 1121/1758/1285 1132/1512/1124
f 1069/1472/1086 1013/1609/1206 1120/1718/1267
f 1118/1720/1268 1069/1759/1086 1120/1719/1267
f 1121/1760/1285 1010/1638/1224 1132/1637/1124
f 1122/1598/1196 1170/1761/1286 1119/1599/1197
f 1122/1598/1196 1035/1597/1195 1010/1762/1224
f 1170/1761/1286 1122/1598/1196 1010/1762/1224
f 977/1543/1149 996/1618/1211 1123/1763/1226
f 1011/1635/1223 1123/1763/1226 996/1618/1211
f 1079/1728/1126 970/1513/1108 1124/1764/1117
f 1047/1495/1107 1124/1505/1117 970/1496/1108
f 1125/1610/1207 968/1557/1163 1012/1556/1162
f 1012/1556/1162 1123/1640/1226 1125/1610/1207
f 1126/1713/1263 1065/1588/1187 1128/1623/1214
f 1001/1504/1116 989/1586/1186 1126/1765/1263
f 1000/1751/1212 1127/1528/1138 1032/1674/1246
f 1032/1674/1246 1182/1498/1110 1078/1493/1106
f 1001/1504/1116 1128/1622/1214 1124/1505/1117
f 1001/1504/1116 1126/1765/1263 1128/1622/1214
f 1129/1685/1250 1031/1670/1244 1040/1672/1245
f 1031/1670/1244 1151/1732/1273 1117/1668/1242
f 1047/1495/1107 1130/1489/1102 1030/1481/1095
f 1030/1481/1095 1130/1489/1102 1075/1483/1090
f 1055/1503/1115 1131/1521/1132 957/1693/1233
f 1055/1503/1115 1059/1509/1121 1131/1521/1132
f 1144/1639/1225 963/1559/1165 1132/1637/1124
f 963/1559/1165 970/1496/1108 1132/1637/1124
f 1133/1749/1230 1097/1653/1232 1095/1542/1148
f 1020/1694/1113 1097/1653/1232 1133/1749/1230
f 1134/1582/1184 986/1534/1143 1165/1533/1142
f 986/1534/1143 1134/1582/1184 1139/1766/1185
f 1135/1722/1269 1069/1472/1086 1118/1767/1268
f 983/1708/1078 1069/1472/1086 1135/1722/1269
f 1136/1536/1145 959/1500/1112 1164/1480/1094
f 974/1662/1238 959/1500/1112 1136/1536/1145
f 1022/1548/1154 1137/1468/1082 971/1549/1155
f 1058/1467/1081 971/1549/1155 1137/1468/1082
f 1138/1768/1252 1052/1769/1287 962/1770/1288
f 1024/1755/1283 1155/1486/1099 962/1770/1288
f 1026/1574/1179 986/1538/1143 1139/1584/1185
f 1139/1584/1185 1171/1532/1141 1026/1574/1179
f 1140/1510/1122 1079/1728/1126 966/1587/1125
f 1140/1510/1122 1059/1509/1121 1079/1728/1126
f 1082/1682/1248 1141/1469/1083 978/1734/1274
f 1043/1689/1253 978/1734/1274 1141/1469/1083
f 1142/1715/1264 1067/1771/1289 1107/1716/1265
f 1067/1771/1289 1142/1715/1264 1161/1772/1290
f 978/1734/1274 1043/1689/1253 1143/1688/1152
f 1143/1546/1152 1039/1545/1151 978/1773/1274
f 1144/1639/1225 1035/1774/1195 1021/1678/1194
f 1035/1774/1195 1144/1639/1225 1010/1638/1224
f 1013/1609/1206 995/1474/1088 1145/1643/1227
f 995/1474/1088 984/1608/1205 1145/1643/1227
f 1086/1451/1069 1146/1465/1079 1112/1561/1167
f 1086/1451/1069 1106/1463/1077 1146/1465/1079
f 984/1608/1205 1179/1607/1172 1147/1775/1281
f 984/1608/1205 1147/1775/1281 1104/1644/1228
f 1092/1479/1093 1148/1729/1271 1081/1686/1251
f 1148/1730/1271 1151/1732/1273 1081/1776/1251
f 1181/1525/1135 1149/1628/1219 1096/1522/1133
f 1070/1658/1235 1096/1522/1133 1149/1628/1219
f 1028/1777/1291 1037/1624/1215 1150/1625/1216
f 1031/1670/1244 1129/1685/1250 1151/1732/1273
f 1129/1685/1250 1081/1776/1251 1151/1732/1273
f 1180/1778/1282 1152/1568/1174 1150/1779/1216
f 1028/1780/1291 1150/1779/1216 1152/1568/1174
f 1151/1732/1273 1060/1731/1272 1153/1736/1275
f 1087/1740/1277 1153/1736/1275 1060/1731/1272
f 1154/1690/1254 1149/1628/1219 1025/1524/1134
f 1025/1524/1134 1045/1692/1136 1154/1690/1254
f 1138/1768/1252 962/1770/1288 1155/1486/1099
f 1143/1688/1152 1138/1687/1252 1155/1781/1099
f 999/1616/1202 1156/1617/1178 1166/1570/1176
f 999/1604/1202 992/1606/1204 1156/1573/1178
f 1157/1698/1258 1049/1614/1210 1113/1577/1181
f 1049/1614/1210 1157/1698/1258 1048/1701/1256
f 1158/1782/1255 1044/1661/1237 1149/1660/1219
f 1158/1782/1255 1045/1526/1136 1044/1661/1237
f 1159/1704/1259 1050/1518/1129 972/1517/1128
f 1159/1699/1259 980/1550/1156 1050/1632/1129
f 1067/1771/1289 1160/1783/1284 1107/1716/1265
f 1163/1784/1292 1160/1757/1284 1067/1785/1289
f 1161/1786/1290 1163/1784/1292 1067/1785/1289
f 1116/1756/1279 1161/1772/1290 1142/1715/1264
f 992/1606/1204 1033/1605/1203 1162/1571/1177
f 992/1606/1204 1162/1571/1177 1156/1573/1178
f 1163/1787/1292 1161/1772/1290 1116/1756/1279
f 1163/1784/1292 1116/1746/1279 1160/1757/1284
f 1009/1595/1193 1164/1735/1094 1005/1449/1067
f 1164/1480/1094 1009/1788/1193 991/1648/1192
f 1127/1528/1138 988/1530/1140 1165/1533/1142
f 1032/1674/1246 1127/1528/1138 1182/1498/1110
f 1033/1615/1203 1166/1570/1176 985/1603/1201
f 985/1603/1201 1166/1570/1176 964/1516/1127
f 1146/1465/1079 983/1464/1078 1167/1560/1166
f 1068/1707/1261 1167/1560/1166 983/1464/1078
f 1168/1589/1188 990/1593/1191 1080/1470/1084
f 993/1600/1198 990/1593/1191 1168/1589/1188
f 1169/1473/1087 1115/1484/1097 1024/1755/1283
f 1024/1755/1283 1183/1789/1293 1152/1568/1174 1169/1473/1087
f 1010/1762/1224 1121/1758/1285 1170/1761/1286
f 1119/1599/1197 1170/1761/1286 1121/1758/1285
f 974/1662/1238 1171/1532/1141 959/1500/1112
f 1171/1532/1141 974/1662/1238 1026/1574/1179
f 1157/1698/1258 1174/1579/1104 1172/1700/1260
f 1172/1700/1260 1051/1790/1257 1048/1701/1256
f 1030/1481/1095 1169/1473/1087 1173/1482/1096
f 1173/1482/1096 1169/1473/1087 1069/1472/1086
f 1014/1488/1101 1051/1696/1257 1174/1491/1104
f 1172/1700/1260 1174/1579/1104 1051/1790/1257
f 1175/1745/1278 1107/1791/1265 1160/1757/1284
f 1107/1791/1265 1175/1745/1278 1088/1744/1266
f 1176/1792/1131 1070/1656/1235 957/1654/1233
f 1176/1520/1131 957/1693/1233 1131/1521/1132
f 1177/1581/1183 988/1530/1140 1071/1724/1180
f 1177/1581/1183 1165/1533/1142 988/1530/1140
f 1081/1686/1251 1178/1665/1239 1092/1479/1093
f 1178/1665/1239 1084/1646/1157 1092/1479/1093
f 995/1474/1088 1152/1568/1174 1179/1607/1172
f 1179/1566/1172 1152/1793/1174 1180/1754/1282
f 1180/1754/1282 1110/1564/1170 1002/1567/1173
f 1002/1567/1173 1179/1566/1172 1180/1754/1282
f 1062/1709/1262 1031/1670/1244 1181/1525/1135
f 1098/1552/1158 1062/1709/1262 1181/1525/1135
f 1165/1533/1142 1182/1498/1110 1127/1528/1138
f 975/1535/1144 1182/1498/1110 1165/1533/1142
s off
f 962/1770/1294 1052/1769/1295 1053/1794/1296 961/1795/1297
f 1037/1624/1298 1028/1777/1299 961/1796/1300 960/1680/1301
f 1152/1568/1302 1183/1789/1303 961/1795/1304 1028/1780/1305
f 962/1770/1306 961/1795/1307 1183/1789/1308 1024/1755/1309
f 1052/1797/1310 1138/1687/1311 1043/1689/1312 1184/1798/1313
f 960/1680/1314 1185/1799/1315 1184/1798/1316 1043/1689/1317
f 1053/1800/1318 1052/1797/1319 1184/1798/1320 1185/1799/1321
f 1185/1799/1322 960/1680/1323 961/1796/1324 1053/1800/1325
s 306
f 1186/1801/1326 1187/1802/1327 1189/1803/1328
f 1187/1804/1327 1188/1805/1329 1195/1806/1330
f 1234/1807/1331 1187/1804/1327 1195/1806/1330
f 1188/1808/1329 1187/1802/1327 1186/1801/1326
f 1242/1809/1332 1186/1801/1326 1189/1803/1328
f 1188/1808/1329 1186/1801/1326 1242/1809/1332
f 1188/1805/1329 1320/1810/1333 1195/1806/1330
f 1242/1809/1332 1189/1803/1328 1323/1811/1334
f 1190/1812/1335 1193/1813/1336 1191/1814/1337
f 1291/1815/1338 1310/1816/1339 1190/1817/1335
f 1190/1812/1335 1192/1818/1340 1193/1813/1336
f 1190/1817/1335 1310/1816/1339 1192/1819/1340
f 1191/1814/1337 1193/1813/1336 1293/1820/1341
f 1343/1821/1342 1323/1822/1334 1234/1807/1331
f 1343/1823/1342 1220/1824/1343 1383/1825/1344
f 1313/1826/1345 1295/1827/1346 1374/1828/1347
f 1378/1829/1348 1317/1830/1349 1283/1831/1350
f 1306/1832/1351 1406/1833/1352 1232/1834/1353
f 1213/1835/1354 1312/1836/1355 1311/1837/1356
f 1295/1827/1346 1345/1838/1357 1329/1839/1358
f 1401/1840/1359 1267/1841/1360 1410/1842/1361
f 1267/1841/1360 1312/1843/1355 1352/1844/1362
f 1202/1845/1363 1392/1846/1364 1352/1844/1362
f 1224/1847/1365 1251/1848/1366 1367/1849/1367
f 1204/1850/1368 1251/1848/1366 1411/1851/1369
f 1219/1852/1370 1315/1853/1371 1204/1854/1368
f 1284/1855/1372 1207/1856/1373 1327/1857/1374
f 1419/1858/1375 1342/1859/1376 1204/1854/1368
f 1196/1860/1377 1267/1841/1360 1401/1840/1359
f 1257/1861/1378 1330/1862/1379 1292/1863/1380
f 1284/1855/1372 1238/1864/1381 1361/1865/1382
f 1337/1866/1383 1294/1867/1384 1303/1868/1385
f 1303/1868/1385 1296/1869/1386 1377/1870/1387
f 1253/1871/1388 1369/1872/1389 1207/1873/1373
f 1361/1865/1382 1203/1874/1390 1316/1875/1391
f 1327/1857/1374 1201/1876/1392 1284/1855/1372
f 1196/1860/1377 1284/1855/1372 1267/1841/1360
f 1209/1877/1393 1287/1878/1394 1243/1879/1395
f 1413/1880/1396 1368/1881/1397 1333/1882/1398
f 1313/1883/1345 1262/1884/1399 1418/1885/1400
f 1282/1886/1401 1313/1826/1345 1374/1828/1347
f 1336/1887/1402 1284/1855/1372 1196/1860/1377
f 1364/1888/1403 1339/1889/1404 1225/1890/1405
f 1339/1891/1404 1196/1860/1377 1408/1892/1406
f 1402/1893/1407 1223/1894/1408 1212/1895/1409
f 1373/1896/1410 1212/1897/1409 1223/1898/1408
f 1314/1899/1411 1401/1840/1359 1309/1900/1412
f 1392/1846/1364 1202/1845/1363 1213/1901/1354
f 1332/1902/1413 1284/1855/1372 1214/1903/1414
f 1218/1904/1415 1332/1902/1413 1214/1903/1414
f 1276/1905/1416 1380/1906/1417 1392/1846/1364
f 1311/1837/1356 1378/1829/1348 1278/1907/1418
f 1259/1908/1419 1208/1909/1420 1284/1855/1372
f 1329/1839/1358 1217/1910/1421 1284/1855/1372
f 1204/1854/1368 1342/1859/1376 1317/1830/1349
f 1311/1837/1356 1317/1830/1349 1378/1829/1348
f 1321/1911/1422 1335/1912/1423 1260/1913/1424
f 1241/1914/1425 1346/1915/1426 1209/1877/1393
f 1315/1853/1371 1419/1858/1375 1204/1854/1368
f 1249/1916/1427 1205/1917/1428 1315/1853/1371
f 1331/1918/1429 1315/1853/1371 1219/1852/1370
f 1207/1856/1373 1200/1919/1430 1327/1857/1374
f 1404/1920/1431 1349/1921/1432 1383/1825/1344
f 1298/1922/1433 1264/1923/1434 1347/1924/1435
f 1340/1925/1436 1416/1926/1437 1239/1927/1438
f 1406/1833/1352 1389/1928/1439 1232/1834/1353
f 1300/1929/1440 1201/1876/1392 1403/1930/1441
f 1399/1931/1442 1300/1932/1440 1393/1933/1443
f 1263/1934/1444 1373/1896/1410 1223/1898/1408
f 1308/1935/1445 1339/1891/1404 1408/1892/1406
f 1367/1936/1367 1350/1937/1446 1224/1938/1365
f 1411/1939/1369 1256/1940/1447 1204/1854/1368
f 1402/1893/1407 1414/1941/1448 1371/1942/1449
f 1371/1943/1449 1308/1935/1445 1376/1944/1450
f 1337/1945/1383 1226/1946/1451 1238/1864/1381
f 1377/1870/1387 1203/1947/1390 1302/1948/1452
f 1342/1859/1376 1405/1949/1453 1317/1830/1349
f 1271/1950/1454 1314/1951/1411 1254/1952/1455
f 1227/1953/1456 1228/1954/1457 1246/1955/1458
f 1271/1950/1454 1254/1952/1455 1405/1949/1453
f 1258/1956/1459 1272/1957/1460 1359/1958/1461
f 1356/1959/1462 1253/1871/1388 1258/1956/1459
f 1227/1953/1456 1230/1960/1463 1228/1954/1457
f 1255/1961/1464 1314/1899/1411 1309/1900/1412
f 1201/1876/1392 1231/1962/1465 1222/1963/1466
f 1236/1964/1467 1270/1965/1468 1229/1966/1469
f 1416/1967/1437 1221/1968/1470 1232/1834/1353
f 1250/1969/1471 1306/1832/1351 1232/1834/1353
f 1362/1970/1472 1245/1971/1473 1205/1917/1428
f 1196/1860/1377 1339/1891/1404 1336/1887/1402
f 1189/1803/1328 1234/1972/1331 1323/1811/1334
f 1187/1802/1327 1234/1972/1331 1189/1803/1328
f 1251/1848/1366 1224/1847/1365 1235/1973/1474
f 1224/1938/1365 1350/1937/1446 1286/1974/1475
f 1270/1975/1468 1236/1976/1467 1403/1930/1441
f 1300/1929/1440 1403/1930/1441 1393/1977/1443
f 1233/1978/1476 1336/1887/1402 1237/1979/1477
f 1205/1980/1428 1244/1981/1478 1237/1979/1477
f 1361/1865/1382 1365/1982/1479 1203/1874/1390
f 1302/1948/1452 1203/1947/1390 1365/1983/1479
f 1274/1984/1480 1349/1921/1432 1387/1985/1481
f 1252/1986/1482 1335/1912/1423 1240/1987/1483
f 1386/1988/1484 1418/1885/1400 1262/1884/1399
f 1209/1877/1393 1243/1879/1395 1241/1914/1425
f 1275/1989/1485 1346/1915/1426 1351/1990/1486
f 1243/1991/1395 1287/1992/1394 1217/1910/1421
f 1243/1879/1395 1275/1989/1485 1351/1990/1486
f 1244/1981/1478 1233/1978/1476 1237/1979/1477
f 1362/1970/1472 1338/1993/1487 1245/1971/1473
f 1245/1994/1473 1244/1981/1478 1205/1980/1428
f 1244/1981/1478 1245/1994/1473 1248/1995/1488
f 1246/1955/1458 1317/1830/1349 1227/1953/1456
f 1242/1809/1332 1320/1996/1333 1188/1808/1329
f 1369/1997/1389 1247/1998/1489 1381/1999/1490
f 1356/1959/1462 1369/1872/1389 1253/1871/1388
f 1248/1995/1488 1233/1978/1476 1244/1981/1478
f 1360/2000/1491 1338/1993/1487 1362/1970/1472
f 1218/2001/1415 1214/2002/1414 1249/1916/1427
f 1214/2002/1414 1360/2000/1491 1249/1916/1427
f 1250/1969/1471 1382/2003/1492 1341/2004/1493
f 1340/1925/1436 1347/1924/1435 1264/1923/1434
f 1213/1901/1354 1202/1845/1363 1312/1843/1355
f 1312/1843/1355 1202/1845/1363 1352/1844/1362
f 1217/2005/1421 1252/1986/1482 1240/1987/1483
f 1321/2006/1422 1273/2007/1494 1217/1910/1421
f 1315/1853/1371 1218/2001/1415 1249/1916/1427
f 1296/1869/1386 1218/2001/1415 1315/1853/1371
f 1254/1952/1455 1230/1960/1463 1405/1949/1453
f 1255/1961/1464 1228/2008/1457 1230/2009/1463
f 1254/1952/1455 1314/1951/1411 1255/2010/1464
f 1254/1952/1455 1255/2010/1464 1230/1960/1463
f 1367/1936/1367 1219/1852/1370 1256/1940/1447
f 1219/1852/1370 1204/1854/1368 1256/1940/1447
f 1257/1861/1378 1370/2011/1495 1330/1862/1379
f 1216/2012/1496 1334/2013/1497 1194/2014/1498
f 1399/1931/1442 1326/2015/1499 1300/1932/1440
f 1270/1965/1468 1326/2015/1499 1399/1931/1442
f 1307/2016/1500 1259/1908/1419 1216/2012/1496
f 1386/1988/1484 1259/2017/1419 1307/2018/1500
f 1252/1986/1482 1260/1913/1424 1335/1912/1423
f 1301/2019/1501 1252/1986/1482 1217/2005/1421
f 1195/1806/1330 1320/1810/1333 1410/1842/1361
f 1195/1806/1330 1343/1821/1342 1234/1807/1331
f 1282/1886/1401 1374/1828/1347 1259/1908/1419
f 1259/1908/1419 1386/2020/1484 1281/2021/1502
f 1211/2022/1503 1373/1896/1410 1263/1934/1444
f 1376/1944/1450 1308/1935/1445 1408/1892/1406
f 1264/2023/1434 1298/2024/1433 1250/1969/1471
f 1250/1969/1471 1341/2004/1493 1264/2023/1434
f 1415/2025/1504 1206/2026/1505 1266/2027/1506
f 1354/2028/1507 1328/2029/1508 1268/2030/1509
f 1367/1849/1367 1284/1855/1372 1201/1876/1392
f 1201/2031/1392 1219/1852/1370 1367/1936/1367
f 1277/2032/1510 1268/2030/1509 1266/2033/1506
f 1310/1816/1339 1313/1883/1345 1418/1885/1400
f 1315/1853/1371 1205/1917/1428 1269/2034/1511
f 1269/2035/1511 1205/1980/1428 1237/1979/1477
f 1231/1962/1465 1270/1975/1468 1222/1963/1466
f 1231/2036/1465 1326/2015/1499 1270/1965/1468
f 1419/1858/1375 1212/1895/1409 1342/1859/1376
f 1342/2037/1376 1212/1897/1409 1373/1896/1410
f 1200/1919/1430 1381/1999/1490 1327/1857/1374
f 1381/1999/1490 1258/2038/1459 1327/1857/1374
f 1273/2039/1494 1321/1911/1422 1260/1913/1424
f 1260/1913/1424 1252/1986/1482 1301/2019/1501
f 1274/1984/1480 1197/2040/1512 1349/1921/1432
f 1217/1910/1421 1275/2041/1485 1243/1991/1395
f 1275/1989/1485 1217/2005/1421 1346/1915/1426
f 1392/1846/1364 1213/1901/1354 1276/1905/1416
f 1278/1907/1418 1378/1829/1348 1319/2042/1513
f 1277/2032/1510 1266/2033/1506 1206/2043/1505
f 1279/2044/1514 1366/2045/1515 1277/2032/1510
f 1278/1907/1418 1319/2042/1513 1213/1835/1354
f 1311/1837/1356 1278/1907/1418 1213/1835/1354
f 1206/2043/1505 1279/2044/1514 1277/2032/1510
f 1415/2025/1504 1318/2046/1516 1206/2026/1505
f 1375/2047/1517 1380/2048/1417 1280/2049/1518
f 1378/1829/1348 1283/1831/1350 1280/2049/1518
f 1282/1886/1401 1259/1908/1419 1281/2021/1502
f 1386/1988/1484 1391/2050/1519 1395/2051/1520
f 1313/1883/1345 1282/2052/1401 1262/1884/1399
f 1391/2050/1519 1282/2052/1401 1395/2051/1520
f 1292/1863/1380 1194/2053/1498 1257/1861/1378
f 1257/2054/1378 1194/2014/1498 1334/2013/1497
f 1197/2040/1512 1283/1831/1350 1349/1921/1432
f 1280/2049/1518 1283/1831/1350 1197/2040/1512
f 1334/2013/1497 1216/2012/1496 1284/1855/1372
f 1216/2012/1496 1259/1908/1419 1284/1855/1372
f 1235/1973/1474 1224/1847/1365 1285/2055/1521
f 1235/1973/1474 1288/2056/1522 1251/1848/1366
f 1224/1847/1365 1286/2057/1475 1285/2055/1521
f 1394/2058/1523 1350/1937/1446 1411/1939/1369
f 1284/1855/1372 1217/1910/1421 1396/2059/1524
f 1284/1855/1372 1337/1945/1383 1238/1864/1381
f 1288/2056/1522 1235/1973/1474 1285/2055/1521
f 1409/2060/1525 1285/2061/1521 1394/2058/1523
f 1291/1815/1338 1190/1817/1335 1191/2062/1337
f 1191/1814/1337 1293/1820/1341 1313/1826/1345
f 1292/1863/1380 1330/1862/1379 1296/1869/1386
f 1333/1882/1398 1368/1881/1397 1296/1869/1386
f 1192/1819/1340 1310/1816/1339 1293/2063/1341
f 1192/1818/1340 1293/1820/1341 1193/1813/1336
f 1396/2064/1524 1209/1877/1393 1294/1867/1384
f 1346/1915/1426 1296/1869/1386 1209/1877/1393
f 1293/1820/1341 1295/1827/1346 1313/1826/1345
f 1328/2029/1508 1293/2063/1341 1310/1816/1339
f 1294/1867/1384 1209/1877/1393 1296/1869/1386
f 1294/1867/1384 1296/1869/1386 1303/1868/1385
f 1279/2065/1514 1318/2046/1516 1366/2066/1515
f 1318/2046/1516 1279/2065/1514 1206/2026/1505
f 1305/2067/1526 1349/1921/1432 1404/1920/1431
f 1343/1821/1342 1306/1832/1351 1220/2068/1343
f 1266/2033/1506 1268/2030/1509 1299/2069/1527
f 1299/2069/1527 1415/2070/1504 1266/2033/1506
f 1201/1876/1392 1300/1929/1440 1219/2071/1370
f 1326/2015/1499 1219/1852/1370 1300/1932/1440
f 1301/2019/1501 1273/2039/1494 1260/1913/1424
f 1273/2007/1494 1301/2072/1501 1217/1910/1421
f 1363/2073/1528 1226/2074/1451 1302/1948/1452
f 1337/1866/1383 1303/1868/1385 1226/2074/1451
f 1302/1948/1452 1303/1868/1385 1377/1870/1387
f 1302/1948/1452 1226/2074/1451 1303/1868/1385
f 1293/1820/1341 1379/2075/1529 1295/1827/1346
f 1295/1827/1346 1344/2076/1530 1325/2077/1531
f 1250/1969/1471 1298/2024/1433 1357/2078/1532
f 1357/2079/1532 1298/1922/1433 1355/2080/1533
f 1355/2080/1533 1305/2067/1526 1372/2081/1534
f 1372/2082/1534 1305/2083/1526 1220/2068/1343
f 1307/2018/1500 1413/1880/1396 1333/1882/1398
f 1194/2014/1498 1307/2016/1500 1216/2012/1496
f 1339/1889/1404 1308/2084/1445 1225/1890/1405
f 1414/1941/1448 1308/2084/1445 1371/1942/1449
f 1309/1900/1412 1401/1840/1359 1228/2008/1457
f 1255/1961/1464 1309/1900/1412 1228/2008/1457
f 1268/2030/1509 1310/1816/1339 1418/1885/1400
f 1328/2029/1508 1310/1816/1339 1268/2030/1509
f 1348/2085/1535 1251/2086/1366 1204/1854/1368
f 1348/2085/1535 1204/1854/1368 1317/1830/1349
f 1312/1836/1355 1251/2086/1366 1348/2085/1535
f 1367/1849/1367 1251/1848/1366 1312/1843/1355
f 1291/1815/1338 1313/1883/1345 1310/1816/1339
f 1191/2062/1337 1313/1883/1345 1291/1815/1338
f 1373/1896/1410 1401/1840/1359 1314/1899/1411
f 1314/1951/1411 1342/1859/1376 1373/2087/1410
f 1331/1918/1429 1253/1871/1388 1315/1853/1371
f 1316/2088/1391 1296/1869/1386 1315/1853/1371
f 1316/2088/1391 1315/1853/1371 1253/1871/1388
f 1253/1871/1388 1207/1873/1373 1316/2088/1391
f 1317/1830/1349 1242/1809/1332 1283/1831/1350
f 1246/1955/1458 1242/1809/1332 1317/1830/1349
f 1345/1838/1357 1385/2089/1536 1329/1839/1358
f 1385/2090/1536 1297/2091/1537 1388/2092/1538
f 1276/2093/1416 1213/1835/1354 1319/2042/1513
f 1276/2093/1416 1319/2042/1513 1215/2094/1539
f 1242/1809/1332 1401/2095/1359 1320/1996/1333
f 1320/1810/1333 1401/1840/1359 1410/1842/1361
f 1295/1827/1346 1329/1839/1358 1208/1909/1420
f 1208/1909/1420 1329/1839/1358 1284/1855/1372
f 1388/2092/1538 1390/2096/1540 1322/2097/1541
f 1345/1838/1357 1324/2098/1542 1385/2089/1536
f 1283/1831/1350 1323/1811/1334 1349/1921/1432
f 1242/1809/1332 1323/1811/1334 1283/1831/1350
f 1324/2098/1542 1297/2099/1537 1385/2089/1536
f 1324/2100/1542 1322/2097/1541 1390/2096/1540
f 1345/2101/1357 1322/2097/1541 1324/2100/1542
f 1322/2097/1541 1354/2028/1507 1388/2092/1538
f 1327/1857/1374 1258/2038/1459 1331/2102/1429
f 1253/1871/1388 1331/1918/1429 1258/1956/1459
f 1327/1857/1374 1231/1962/1465 1201/1876/1392
f 1327/2103/1374 1331/1918/1429 1231/2036/1465
f 1325/2104/1531 1412/2105/1543 1328/2029/1508
f 1293/2063/1341 1328/2029/1508 1353/2106/1544
f 1321/2006/1422 1217/1910/1421 1329/1839/1358
f 1321/1911/1422 1415/2070/1504 1335/1912/1423
f 1296/1869/1386 1330/1862/1379 1218/2001/1415
f 1330/1862/1379 1210/2107/1545 1218/2001/1415
f 1326/2015/1499 1231/2036/1465 1331/1918/1429
f 1331/1918/1429 1219/1852/1370 1326/2015/1499
f 1210/2108/1545 1332/1902/1413 1218/1904/1415
f 1370/2011/1495 1210/2107/1545 1330/1862/1379
f 1240/1987/1483 1418/1885/1400 1333/1882/1398
f 1296/1869/1386 1346/1915/1426 1333/1882/1398
f 1334/2013/1497 1284/1855/1372 1332/1902/1413
f 1370/2109/1495 1332/1902/1413 1210/2108/1545
f 1335/1912/1423 1418/1885/1400 1240/1987/1483
f 1299/2069/1527 1335/1912/1423 1415/2070/1504
f 1214/1903/1414 1284/1855/1372 1336/1887/1402
f 1233/1978/1476 1214/1903/1414 1336/1887/1402
f 1396/2059/1524 1337/1945/1383 1284/1855/1372
f 1294/1867/1384 1337/1866/1383 1396/2064/1524
f 1245/1971/1473 1338/1993/1487 1248/2110/1488
f 1338/1993/1487 1360/2000/1491 1248/2110/1488
f 1336/1887/1402 1339/1891/1404 1237/1979/1477
f 1364/1888/1403 1237/2111/1477 1339/1889/1404
f 1384/2112/1546 1416/1926/1437 1340/1925/1436
f 1341/2004/1493 1382/2003/1492 1221/1968/1470
f 1340/1925/1436 1341/2113/1493 1384/2112/1546
f 1264/1923/1434 1341/2113/1493 1340/1925/1436
f 1342/1859/1376 1314/1951/1411 1271/1950/1454
f 1342/1859/1376 1271/1950/1454 1405/1949/1453
f 1306/1832/1351 1343/1821/1342 1410/1842/1361
f 1195/1806/1330 1410/1842/1361 1343/1821/1342
f 1379/2075/1529 1344/2076/1530 1295/1827/1346
f 1412/2105/1543 1353/2106/1544 1328/2029/1508
f 1295/1827/1346 1325/2077/1531 1345/1838/1357
f 1328/2029/1508 1354/2028/1507 1325/2104/1531
f 1217/2005/1421 1240/1987/1483 1346/1915/1426
f 1240/1987/1483 1333/1882/1398 1346/1915/1426
f 1239/1927/1438 1347/1924/1435 1340/1925/1436
f 1417/2114/1547 1387/1985/1481 1349/1921/1432
f 1311/1837/1356 1312/1836/1355 1348/2085/1535
f 1311/1837/1356 1348/2085/1535 1317/1830/1349
f 1417/2114/1547 1349/1921/1432 1347/1924/1435
f 1349/1921/1432 1305/2067/1526 1355/2080/1533
f 1350/1937/1446 1256/1940/1447 1411/1939/1369
f 1367/1936/1367 1256/1940/1447 1350/1937/1446
f 1351/1990/1486 1346/1915/1426 1241/1914/1425
f 1351/1990/1486 1241/1914/1425 1243/1879/1395
f 1267/1841/1360 1352/1844/1362 1406/1833/1352
f 1261/2115/1548 1352/1844/1362 1392/1846/1364
f 1353/2116/1544 1379/2075/1529 1293/1820/1341
f 1397/2117/1549 1353/2106/1544 1412/2105/1543
f 1322/2097/1541 1345/2101/1357 1354/2028/1507
f 1354/2028/1507 1345/2101/1357 1325/2104/1531
f 1298/1922/1433 1347/1924/1435 1355/2080/1533
f 1355/2080/1533 1347/1924/1435 1349/1921/1432
f 1356/1959/1462 1258/1956/1459 1359/1958/1461
f 1356/1959/1462 1358/2118/1550 1369/1872/1389
f 1306/1832/1351 1250/1969/1471 1357/2078/1532
f 1355/2080/1533 1306/2119/1351 1357/2079/1532
f 1358/2120/1550 1247/1998/1489 1369/1997/1389
f 1359/1958/1461 1407/2121/1551 1356/1959/1462
f 1359/1958/1461 1272/1957/1460 1247/2122/1489
f 1407/2121/1551 1359/1958/1461 1247/2122/1489
f 1214/1903/1414 1233/1978/1476 1360/2123/1491
f 1248/1995/1488 1360/2123/1491 1233/1978/1476
f 1316/2088/1391 1207/1873/1373 1361/2124/1382
f 1284/1855/1372 1361/1865/1382 1207/1856/1373
f 1362/1970/1472 1205/1917/1428 1249/1916/1427
f 1249/1916/1427 1360/2000/1491 1362/1970/1472
f 1363/2073/1528 1302/1948/1452 1365/1983/1479
f 1238/1864/1381 1226/1946/1451 1363/2125/1528
f 1237/2111/1477 1364/1888/1403 1269/2034/1511
f 1269/2034/1511 1419/1858/1375 1315/1853/1371
f 1238/1864/1381 1365/1982/1479 1361/1865/1382
f 1238/1864/1381 1363/2125/1528 1365/1982/1479
f 1366/2045/1515 1268/2030/1509 1277/2032/1510
f 1268/2030/1509 1388/2092/1538 1354/2028/1507
f 1284/1855/1372 1367/1849/1367 1267/1841/1360
f 1267/1841/1360 1367/1849/1367 1312/1843/1355
f 1292/1863/1380 1368/1881/1397 1194/2053/1498
f 1292/1863/1380 1296/1869/1386 1368/1881/1397
f 1381/1999/1490 1200/1919/1430 1369/1997/1389
f 1200/1919/1430 1207/1856/1373 1369/1997/1389
f 1370/2109/1495 1334/2013/1497 1332/1902/1413
f 1257/2054/1378 1334/2013/1497 1370/2109/1495
f 1371/1942/1449 1223/1894/1408 1402/1893/1407
f 1223/1894/1408 1371/1942/1449 1376/2126/1450
f 1372/2082/1534 1306/1832/1351 1355/2127/1533
f 1220/2068/1343 1306/1832/1351 1372/2082/1534
f 1373/1896/1410 1196/1860/1377 1401/1840/1359
f 1211/2022/1503 1196/1860/1377 1373/1896/1410
f 1259/1908/1419 1374/1828/1347 1208/1909/1420
f 1295/1827/1346 1208/1909/1420 1374/1828/1347
f 1375/2128/1517 1289/2129/1552 1199/2130/1553
f 1261/2115/1548 1392/1846/1364 1199/2130/1553
f 1263/1934/1444 1223/1898/1408 1376/1944/1450
f 1376/1944/1450 1408/1892/1406 1263/1934/1444
f 1377/1870/1387 1316/2088/1391 1203/1947/1390
f 1377/1870/1387 1296/1869/1386 1316/2088/1391
f 1319/2042/1513 1378/1829/1348 1215/2094/1539
f 1280/2049/1518 1215/2094/1539 1378/1829/1348
f 1379/2075/1529 1304/2131/1554 1344/2076/1530
f 1304/2131/1554 1379/2075/1529 1398/2132/1555
f 1215/2094/1539 1280/2049/1518 1380/2048/1417
f 1380/1906/1417 1276/1905/1416 1215/2133/1539
f 1381/1999/1490 1272/2134/1460 1258/2038/1459
f 1272/2134/1460 1381/1999/1490 1247/1998/1489
f 1250/1969/1471 1232/1834/1353 1382/2003/1492
f 1232/1834/1353 1221/1968/1470 1382/2003/1492
f 1323/1811/1334 1383/1825/1344 1349/1921/1432
f 1323/1811/1334 1343/1823/1342 1383/1825/1344
f 1221/1968/1470 1416/1967/1437 1384/2135/1546
f 1221/1968/1470 1384/2135/1546 1341/2004/1493
f 1329/1839/1358 1385/2089/1536 1318/2046/1516
f 1385/2090/1536 1388/2092/1538 1318/2136/1516
f 1418/1885/1400 1386/1988/1484 1333/1882/1398
f 1307/2018/1500 1333/1882/1398 1386/1988/1484
f 1265/2137/1556 1274/1984/1480 1387/1985/1481
f 1268/2030/1509 1366/2045/1515 1388/2092/1538
f 1366/2045/1515 1318/2136/1516 1388/2092/1538
f 1417/2138/1547 1389/1928/1439 1387/2139/1481
f 1265/2140/1556 1387/2139/1481 1389/1928/1439
f 1388/2092/1538 1297/2091/1537 1390/2096/1540
f 1324/2100/1542 1390/2096/1540 1297/2091/1537
f 1391/2050/1519 1386/1988/1484 1262/1884/1399
f 1262/1884/1399 1282/2052/1401 1391/2050/1519
f 1375/2128/1517 1199/2130/1553 1392/1846/1364
f 1380/2048/1417 1375/2047/1517 1392/2141/1364
f 1236/1976/1467 1393/1977/1443 1403/1930/1441
f 1236/1964/1467 1229/1966/1469 1393/1933/1443
f 1394/2058/1523 1286/1974/1475 1350/1937/1446
f 1286/1974/1475 1394/2058/1523 1285/2061/1521
f 1395/2142/1520 1281/2021/1502 1386/2020/1484
f 1395/2142/1520 1282/1886/1401 1281/2021/1502
f 1396/2064/1524 1287/1878/1394 1209/1877/1393
f 1396/2059/1524 1217/1910/1421 1287/1992/1394
f 1304/2131/1554 1397/2143/1549 1344/2076/1530
f 1400/2144/1557 1397/2117/1549 1304/2145/1554
f 1398/2146/1555 1400/2144/1557 1304/2145/1554
f 1353/2116/1544 1398/2132/1555 1379/2075/1529
f 1229/1966/1469 1270/1965/1468 1399/1931/1442
f 1229/1966/1469 1399/1931/1442 1393/1933/1443
f 1400/2147/1557 1398/2132/1555 1353/2116/1544
f 1400/2144/1557 1353/2106/1544 1397/2117/1549
f 1246/1955/1458 1401/2095/1359 1242/1809/1332
f 1401/1840/1359 1246/2148/1458 1228/2008/1457
f 1364/1888/1403 1225/1890/1405 1402/1893/1407
f 1269/2034/1511 1364/1888/1403 1419/1858/1375
f 1270/1975/1468 1403/1930/1441 1222/1963/1466
f 1222/1963/1466 1403/1930/1441 1201/1876/1392
f 1383/1825/1344 1220/1824/1343 1404/1920/1431
f 1305/2067/1526 1404/1920/1431 1220/1824/1343
f 1405/1949/1453 1227/1953/1456 1317/1830/1349
f 1230/1960/1463 1227/1953/1456 1405/1949/1453
f 1406/1833/1352 1352/1844/1362 1261/2115/1548
f 1261/2115/1548 1420/2149/1558 1389/1928/1439 1406/1833/1352
f 1247/2122/1489 1358/2118/1550 1407/2121/1551
f 1356/1959/1462 1407/2121/1551 1358/2118/1550
f 1211/2022/1503 1408/1892/1406 1196/1860/1377
f 1408/1892/1406 1211/2022/1503 1263/1934/1444
f 1394/2058/1523 1411/1939/1369 1409/2060/1525
f 1409/2060/1525 1288/2150/1522 1285/2061/1521
f 1267/1841/1360 1406/1833/1352 1410/1842/1361
f 1410/1842/1361 1406/1833/1352 1306/1832/1351
f 1251/1848/1366 1288/2056/1522 1411/1851/1369
f 1409/2060/1525 1411/1939/1369 1288/2150/1522
f 1412/2105/1543 1344/2151/1530 1397/2117/1549
f 1344/2151/1530 1412/2105/1543 1325/2104/1531
f 1413/2152/1396 1307/2016/1500 1194/2014/1498
f 1413/1880/1396 1194/2053/1498 1368/1881/1397
f 1414/1941/1448 1225/1890/1405 1308/2084/1445
f 1414/1941/1448 1402/1893/1407 1225/1890/1405
f 1318/2046/1516 1415/2025/1504 1329/1839/1358
f 1415/2025/1504 1321/2006/1422 1329/1839/1358
f 1232/1834/1353 1389/1928/1439 1416/1967/1437
f 1416/1926/1437 1389/2153/1439 1417/2114/1547
f 1417/2114/1547 1347/1924/1435 1239/1927/1438
f 1239/1927/1438 1416/1926/1437 1417/2114/1547
f 1299/2069/1527 1268/2030/1509 1418/1885/1400
f 1335/1912/1423 1299/2069/1527 1418/1885/1400
f 1402/1893/1407 1419/1858/1375 1364/1888/1403
f 1212/1895/1409 1419/1858/1375 1402/1893/1407
s off
f 1199/2130/1559 1289/2129/1560 1290/2154/1561 1198/2155/1562
f 1274/1984/1563 1265/2137/1564 1198/2156/1565 1197/2040/1566
f 1389/1928/1567 1420/2149/1568 1198/2155/1569 1265/2140/1570
f 1199/2130/1571 1198/2155/1572 1420/2149/1573 1261/2115/1574
f 1289/2157/1575 1375/2047/1576 1280/2049/1577 1421/2158/1578
f 1197/2040/1579 1422/2159/1580 1421/2158/1581 1280/2049/1582
f 1290/2160/1583 1289/2157/1584 1421/2158/1585 1422/2159/1586
f 1422/2159/1587 1197/2040/1588 1198/2156/1589 1290/2160/1590
s 367
f 1423/2161/1591 1424/2162/1592 1426/2163/1593
f 1424/2164/1592 1425/2165/1594 1432/2166/1595
f 1471/2167/1596 1424/2164/1592 1432/2166/1595
f 1425/2168/1594 1424/2162/1592 1423/2161/1591
f 1479/2169/1597 1423/2161/1591 1426/2163/1593
f 1425/2168/1594 1423/2161/1591 1479/2169/1597
f 1425/2165/1594 1557/2170/1598 1432/2166/1595
f 1479/2169/1597 1426/2163/1593 1560/2171/1599
f 1427/2172/1600 1430/2173/1601 1428/2174/1602
f 1528/2175/1603 1547/2176/1604 1427/2177/1600
f 1427/2172/1600 1429/2178/1605 1430/2173/1601
f 1427/2177/1600 1547/2176/1604 1429/2179/1605
f 1428/2174/1602 1430/2173/1601 1530/2180/1606
f 1580/2181/1607 1560/2182/1599 1471/2167/1596
f 1580/2183/1607 1457/2184/1608 1620/2185/1609
f 1550/2186/1610 1532/2187/1611 1611/2188/1612
f 1615/2189/1613 1554/2190/1614 1520/2191/1615
f 1543/2192/1616 1643/2193/1617 1469/2194/1618
f 1450/2195/1619 1549/2196/1620 1548/2197/1621
f 1532/2187/1611 1582/2198/1622 1566/2199/1623
f 1638/2200/1624 1504/2201/1625 1647/2202/1626
f 1504/2201/1625 1549/2203/1620 1589/2204/1627
f 1439/2205/1628 1629/2206/1629 1589/2204/1627
f 1461/2207/1630 1488/2208/1631 1604/2209/1632
f 1441/2210/1633 1488/2208/1631 1648/2211/1634
f 1456/2212/1635 1552/2213/1636 1441/2214/1633
f 1521/2215/1637 1444/2216/1638 1564/2217/1639
f 1656/2218/1640 1579/2219/1641 1441/2214/1633
f 1433/2220/1642 1504/2201/1625 1638/2200/1624
f 1494/2221/1643 1567/2222/1644 1529/2223/1645
f 1521/2215/1637 1475/2224/1646 1598/2225/1647
f 1574/2226/1648 1531/2227/1649 1540/2228/1650
f 1540/2228/1650 1533/2229/1651 1614/2230/1652
f 1490/2231/1653 1606/2232/1654 1444/2233/1638
f 1598/2225/1647 1440/2234/1655 1553/2235/1656
f 1564/2217/1639 1438/2236/1657 1521/2215/1637
f 1433/2220/1642 1521/2215/1637 1504/2201/1625
f 1446/2237/1658 1524/2238/1659 1480/2239/1660
f 1650/2240/1661 1605/2241/1662 1570/2242/1663
f 1550/2243/1610 1499/2244/1664 1655/2245/1665
f 1519/2246/1666 1550/2186/1610 1611/2188/1612
f 1573/2247/1667 1521/2215/1637 1433/2220/1642
f 1601/2248/1668 1576/2249/1669 1462/2250/1670
f 1576/2251/1669 1433/2220/1642 1645/2252/1671
f 1639/2253/1672 1460/2254/1673 1449/2255/1674
f 1610/2256/1675 1449/2257/1674 1460/2258/1673
f 1551/2259/1676 1638/2200/1624 1546/2260/1677
f 1629/2206/1629 1439/2205/1628 1450/2261/1619
f 1569/2262/1678 1521/2215/1637 1451/2263/1679
f 1455/2264/1680 1569/2262/1678 1451/2263/1679
f 1513/2265/1681 1617/2266/1682 1629/2206/1629
f 1548/2197/1621 1615/2189/1613 1515/2267/1683
f 1496/2268/1684 1445/2269/1685 1521/2215/1637
f 1566/2199/1623 1454/2270/1686 1521/2215/1637
f 1441/2214/1633 1579/2219/1641 1554/2190/1614
f 1548/2197/1621 1554/2190/1614 1615/2189/1613
f 1558/2271/1687 1572/2272/1688 1497/2273/1689
f 1478/2274/1690 1583/2275/1691 1446/2237/1658
f 1552/2213/1636 1656/2218/1640 1441/2214/1633
f 1486/2276/1692 1442/2277/1693 1552/2213/1636
f 1568/2278/1694 1552/2213/1636 1456/2212/1635
f 1444/2216/1638 1437/2279/1695 1564/2217/1639
f 1641/2280/1696 1586/2281/1697 1620/2185/1609
f 1535/2282/1698 1501/2283/1699 1584/2284/1700
f 1577/2285/1701 1653/2286/1702 1476/2287/1703
f 1643/2193/1617 1626/2288/1704 1469/2194/1618
f 1537/2289/1705 1438/2236/1657 1640/2290/1706
f 1636/2291/1707 1537/2292/1705 1630/2293/1708
f 1500/2294/1709 1610/2256/1675 1460/2258/1673
f 1545/2295/1710 1576/2251/1669 1645/2252/1671
f 1604/2296/1632 1587/2297/1711 1461/2298/1630
f 1648/2299/1634 1493/2300/1712 1441/2214/1633
f 1639/2253/1672 1651/2301/1713 1608/2302/1714
f 1608/2303/1714 1545/2295/1710 1613/2304/1715
f 1574/2305/1648 1463/2306/1716 1475/2224/1646
f 1614/2230/1652 1440/2307/1655 1539/2308/1717
f 1579/2219/1641 1642/2309/1718 1554/2190/1614
f 1508/2310/1719 1551/2311/1676 1491/2312/1720
f 1464/2313/1721 1465/2314/1722 1483/2315/1723
f 1508/2310/1719 1491/2312/1720 1642/2309/1718
f 1495/2316/1724 1509/2317/1725 1596/2318/1726
f 1593/2319/1727 1490/2231/1653 1495/2316/1724
f 1464/2313/1721 1467/2320/1728 1465/2314/1722
f 1492/2321/1729 1551/2259/1676 1546/2260/1677
f 1438/2236/1657 1468/2322/1730 1459/2323/1731
f 1473/2324/1732 1507/2325/1733 1466/2326/1734
f 1653/2327/1702 1458/2328/1735 1469/2194/1618
f 1487/2329/1736 1543/2192/1616 1469/2194/1618
f 1599/2330/1737 1482/2331/1738 1442/2277/1693
f 1433/2220/1642 1576/2251/1669 1573/2247/1667
f 1426/2163/1593 1471/2332/1596 1560/2171/1599
f 1424/2162/1592 1471/2332/1596 1426/2163/1593
f 1488/2208/1631 1461/2207/1630 1472/2333/1739
f 1461/2298/1630 1587/2297/1711 1523/2334/1740
f 1507/2335/1733 1473/2336/1732 1640/2290/1706
f 1537/2289/1705 1640/2290/1706 1630/2337/1708
f 1470/2338/1741 1573/2247/1667 1474/2339/1742
f 1442/2340/1693 1481/2341/1743 1474/2339/1742
f 1598/2225/1647 1602/2342/1744 1440/2234/1655
f 1539/2308/1717 1440/2307/1655 1602/2343/1744
f 1511/2344/1745 1586/2281/1697 1624/2345/1746
f 1489/2346/1747 1572/2272/1688 1477/2347/1748
f 1623/2348/1749 1655/2245/1665 1499/2244/1664
f 1446/2237/1658 1480/2239/1660 1478/2274/1690
f 1512/2349/1750 1583/2275/1691 1588/2350/1751
f 1480/2351/1660 1524/2352/1659 1454/2270/1686
f 1480/2239/1660 1512/2349/1750 1588/2350/1751
f 1481/2341/1743 1470/2338/1741 1474/2339/1742
f 1599/2330/1737 1575/2353/1752 1482/2331/1738
f 1482/2354/1738 1481/2341/1743 1442/2340/1693
f 1481/2341/1743 1482/2354/1738 1485/2355/1753
f 1483/2315/1723 1554/2190/1614 1464/2313/1721
f 1479/2169/1597 1557/2356/1598 1425/2168/1594
f 1606/2357/1654 1484/2358/1754 1618/2359/1755
f 1593/2319/1727 1606/2232/1654 1490/2231/1653
f 1485/2355/1753 1470/2338/1741 1481/2341/1743
f 1597/2360/1756 1575/2353/1752 1599/2330/1737
f 1455/2361/1680 1451/2362/1679 1486/2276/1692
f 1451/2362/1679 1597/2360/1756 1486/2276/1692
f 1487/2329/1736 1619/2363/1757 1578/2364/1758
f 1577/2285/1701 1584/2284/1700 1501/2283/1699
f 1450/2261/1619 1439/2205/1628 1549/2203/1620
f 1549/2203/1620 1439/2205/1628 1589/2204/1627
f 1454/2365/1686 1489/2346/1747 1477/2347/1748
f 1558/2366/1687 1510/2367/1759 1454/2270/1686
f 1552/2213/1636 1455/2361/1680 1486/2276/1692
f 1533/2229/1651 1455/2361/1680 1552/2213/1636
f 1491/2312/1720 1467/2320/1728 1642/2309/1718
f 1492/2321/1729 1465/2368/1722 1467/2369/1728
f 1491/2312/1720 1551/2311/1676 1492/2370/1729
f 1491/2312/1720 1492/2370/1729 1467/2320/1728
f 1604/2296/1632 1456/2212/1635 1493/2300/1712
f 1456/2212/1635 1441/2214/1633 1493/2300/1712
f 1494/2221/1643 1607/2371/1760 1567/2222/1644
f 1453/2372/1761 1571/2373/1762 1431/2374/1763
f 1636/2291/1707 1563/2375/1764 1537/2292/1705
f 1507/2325/1733 1563/2375/1764 1636/2291/1707
f 1544/2376/1765 1496/2268/1684 1453/2372/1761
f 1623/2348/1749 1496/2377/1684 1544/2378/1765
f 1489/2346/1747 1497/2273/1689 1572/2272/1688
f 1538/2379/1766 1489/2346/1747 1454/2365/1686
f 1432/2166/1595 1557/2170/1598 1647/2202/1626
f 1432/2166/1595 1580/2181/1607 1471/2167/1596
f 1519/2246/1666 1611/2188/1612 1496/2268/1684
f 1496/2268/1684 1623/2380/1749 1518/2381/1767
f 1448/2382/1768 1610/2256/1675 1500/2294/1709
f 1613/2304/1715 1545/2295/1710 1645/2252/1671
f 1501/2383/1699 1535/2384/1698 1487/2329/1736
f 1487/2329/1736 1578/2364/1758 1501/2383/1699
f 1652/2385/1769 1443/2386/1770 1503/2387/1771
f 1591/2388/1772 1565/2389/1773 1505/2390/1774
f 1604/2209/1632 1521/2215/1637 1438/2236/1657
f 1438/2391/1657 1456/2212/1635 1604/2296/1632
f 1514/2392/1775 1505/2390/1774 1503/2393/1771
f 1547/2176/1604 1550/2243/1610 1655/2245/1665
f 1552/2213/1636 1442/2277/1693 1506/2394/1776
f 1506/2395/1776 1442/2340/1693 1474/2339/1742
f 1468/2322/1730 1507/2335/1733 1459/2323/1731
f 1468/2396/1730 1563/2375/1764 1507/2325/1733
f 1656/2218/1640 1449/2255/1674 1579/2219/1641
f 1579/2397/1641 1449/2257/1674 1610/2256/1675
f 1437/2279/1695 1618/2359/1755 1564/2217/1639
f 1618/2359/1755 1495/2398/1724 1564/2217/1639
f 1510/2399/1759 1558/2271/1687 1497/2273/1689
f 1497/2273/1689 1489/2346/1747 1538/2379/1766
f 1511/2344/1745 1434/2400/1777 1586/2281/1697
f 1454/2270/1686 1512/2401/1750 1480/2351/1660
f 1512/2349/1750 1454/2365/1686 1583/2275/1691
f 1629/2206/1629 1450/2261/1619 1513/2265/1681
f 1515/2267/1683 1615/2189/1613 1556/2402/1778
f 1514/2392/1775 1503/2393/1771 1443/2403/1770
f 1516/2404/1779 1603/2405/1780 1514/2392/1775
f 1515/2267/1683 1556/2402/1778 1450/2195/1619
f 1548/2197/1621 1515/2267/1683 1450/2195/1619
f 1443/2403/1770 1516/2404/1779 1514/2392/1775
f 1652/2385/1769 1555/2406/1781 1443/2386/1770
f 1612/2407/1782 1617/2408/1682 1517/2409/1783
f 1615/2189/1613 1520/2191/1615 1517/2409/1783
f 1519/2246/1666 1496/2268/1684 1518/2381/1767
f 1623/2348/1749 1628/2410/1784 1632/2411/1785
f 1550/2243/1610 1519/2412/1666 1499/2244/1664
f 1628/2410/1784 1519/2412/1666 1632/2411/1785
f 1529/2223/1645 1431/2413/1763 1494/2221/1643
f 1494/2414/1643 1431/2374/1763 1571/2373/1762
f 1434/2400/1777 1520/2191/1615 1586/2281/1697
f 1517/2409/1783 1520/2191/1615 1434/2400/1777
f 1571/2373/1762 1453/2372/1761 1521/2215/1637
f 1453/2372/1761 1496/2268/1684 1521/2215/1637
f 1472/2333/1739 1461/2207/1630 1522/2415/1786
f 1472/2333/1739 1525/2416/1787 1488/2208/1631
f 1461/2207/1630 1523/2417/1740 1522/2415/1786
f 1631/2418/1788 1587/2297/1711 1648/2299/1634
f 1521/2215/1637 1454/2270/1686 1633/2419/1789
f 1521/2215/1637 1574/2305/1648 1475/2224/1646
f 1525/2416/1787 1472/2333/1739 1522/2415/1786
f 1646/2420/1790 1522/2421/1786 1631/2418/1788
f 1528/2175/1603 1427/2177/1600 1428/2422/1602
f 1428/2174/1602 1530/2180/1606 1550/2186/1610
f 1529/2223/1645 1567/2222/1644 1533/2229/1651
f 1570/2242/1663 1605/2241/1662 1533/2229/1651
f 1429/2179/1605 1547/2176/1604 1530/2423/1606
f 1429/2178/1605 1530/2180/1606 1430/2173/1601
f 1633/2424/1789 1446/2237/1658 1531/2227/1649
f 1583/2275/1691 1533/2229/1651 1446/2237/1658
f 1530/2180/1606 1532/2187/1611 1550/2186/1610
f 1565/2389/1773 1530/2423/1606 1547/2176/1604
f 1531/2227/1649 1446/2237/1658 1533/2229/1651
f 1531/2227/1649 1533/2229/1651 1540/2228/1650
f 1516/2425/1779 1555/2406/1781 1603/2426/1780
f 1555/2406/1781 1516/2425/1779 1443/2386/1770
f 1542/2427/1791 1586/2281/1697 1641/2280/1696
f 1580/2181/1607 1543/2192/1616 1457/2428/1608
f 1503/2393/1771 1505/2390/1774 1536/2429/1792
f 1536/2429/1792 1652/2430/1769 1503/2393/1771
f 1438/2236/1657 1537/2289/1705 1456/2431/1635
f 1563/2375/1764 1456/2212/1635 1537/2292/1705
f 1538/2379/1766 1510/2399/1759 1497/2273/1689
f 1510/2367/1759 1538/2432/1766 1454/2270/1686
f 1600/2433/1793 1463/2434/1716 1539/2308/1717
f 1574/2226/1648 1540/2228/1650 1463/2434/1716
f 1539/2308/1717 1540/2228/1650 1614/2230/1652
f 1539/2308/1717 1463/2434/1716 1540/2228/1650
f 1530/2180/1606 1616/2435/1794 1532/2187/1611
f 1532/2187/1611 1581/2436/1795 1562/2437/1796
f 1487/2329/1736 1535/2384/1698 1594/2438/1797
f 1594/2439/1797 1535/2282/1698 1592/2440/1798
f 1592/2440/1798 1542/2427/1791 1609/2441/1799
f 1609/2442/1799 1542/2443/1791 1457/2428/1608
f 1544/2378/1765 1650/2240/1661 1570/2242/1663
f 1431/2374/1763 1544/2376/1765 1453/2372/1761
f 1576/2249/1669 1545/2444/1710 1462/2250/1670
f 1651/2301/1713 1545/2444/1710 1608/2302/1714
f 1546/2260/1677 1638/2200/1624 1465/2368/1722
f 1492/2321/1729 1546/2260/1677 1465/2368/1722
f 1505/2390/1774 1547/2176/1604 1655/2245/1665
f 1565/2389/1773 1547/2176/1604 1505/2390/1774
f 1585/2445/1800 1488/2446/1631 1441/2214/1633
f 1585/2445/1800 1441/2214/1633 1554/2190/1614
f 1549/2196/1620 1488/2446/1631 1585/2445/1800
f 1604/2209/1632 1488/2208/1631 1549/2203/1620
f 1528/2175/1603 1550/2243/1610 1547/2176/1604
f 1428/2422/1602 1550/2243/1610 1528/2175/1603
f 1610/2256/1675 1638/2200/1624 1551/2259/1676
f 1551/2311/1676 1579/2219/1641 1610/2447/1675
f 1568/2278/1694 1490/2231/1653 1552/2213/1636
f 1553/2448/1656 1533/2229/1651 1552/2213/1636
f 1553/2448/1656 1552/2213/1636 1490/2231/1653
f 1490/2231/1653 1444/2233/1638 1553/2448/1656
f 1554/2190/1614 1479/2169/1597 1520/2191/1615
f 1483/2315/1723 1479/2169/1597 1554/2190/1614
f 1582/2198/1622 1622/2449/1801 1566/2199/1623
f 1622/2450/1801 1534/2451/1802 1625/2452/1803
f 1513/2453/1681 1450/2195/1619 1556/2402/1778
f 1513/2453/1681 1556/2402/1778 1452/2454/1804
f 1479/2169/1597 1638/2455/1624 1557/2356/1598
f 1557/2170/1598 1638/2200/1624 1647/2202/1626
f 1532/2187/1611 1566/2199/1623 1445/2269/1685
f 1445/2269/1685 1566/2199/1623 1521/2215/1637
f 1625/2452/1803 1627/2456/1805 1559/2457/1806
f 1582/2198/1622 1561/2458/1807 1622/2449/1801
f 1520/2191/1615 1560/2171/1599 1586/2281/1697
f 1479/2169/1597 1560/2171/1599 1520/2191/1615
f 1561/2458/1807 1534/2459/1802 1622/2449/1801
f 1561/2460/1807 1559/2457/1806 1627/2456/1805
f 1582/2461/1622 1559/2457/1806 1561/2460/1807
f 1559/2457/1806 1591/2388/1772 1625/2452/1803
f 1564/2217/1639 1495/2398/1724 1568/2462/1694
f 1490/2231/1653 1568/2278/1694 1495/2316/1724
f 1564/2217/1639 1468/2322/1730 1438/2236/1657
f 1564/2463/1639 1568/2278/1694 1468/2396/1730
f 1562/2464/1796 1649/2465/1808 1565/2389/1773
f 1530/2423/1606 1565/2389/1773 1590/2466/1809
f 1558/2366/1687 1454/2270/1686 1566/2199/1623
f 1558/2271/1687 1652/2430/1769 1572/2272/1688
f 1533/2229/1651 1567/2222/1644 1455/2361/1680
f 1567/2222/1644 1447/2467/1810 1455/2361/1680
f 1563/2375/1764 1468/2396/1730 1568/2278/1694
f 1568/2278/1694 1456/2212/1635 1563/2375/1764
f 1447/2468/1810 1569/2262/1678 1455/2264/1680
f 1607/2371/1760 1447/2467/1810 1567/2222/1644
f 1477/2347/1748 1655/2245/1665 1570/2242/1663
f 1533/2229/1651 1583/2275/1691 1570/2242/1663
f 1571/2373/1762 1521/2215/1637 1569/2262/1678
f 1607/2469/1760 1569/2262/1678 1447/2468/1810
f 1572/2272/1688 1655/2245/1665 1477/2347/1748
f 1536/2429/1792 1572/2272/1688 1652/2430/1769
f 1451/2263/1679 1521/2215/1637 1573/2247/1667
f 1470/2338/1741 1451/2263/1679 1573/2247/1667
f 1633/2419/1789 1574/2305/1648 1521/2215/1637
f 1531/2227/1649 1574/2226/1648 1633/2424/1789
f 1482/2331/1738 1575/2353/1752 1485/2470/1753
f 1575/2353/1752 1597/2360/1756 1485/2470/1753
f 1573/2247/1667 1576/2251/1669 1474/2339/1742
f 1601/2248/1668 1474/2471/1742 1576/2249/1669
f 1621/2472/1811 1653/2286/1702 1577/2285/1701
f 1578/2364/1758 1619/2363/1757 1458/2328/1735
f 1577/2285/1701 1578/2473/1758 1621/2472/1811
f 1501/2283/1699 1578/2473/1758 1577/2285/1701
f 1579/2219/1641 1551/2311/1676 1508/2310/1719
f 1579/2219/1641 1508/2310/1719 1642/2309/1718
f 1543/2192/1616 1580/2181/1607 1647/2202/1626
f 1432/2166/1595 1647/2202/1626 1580/2181/1607
f 1616/2435/1794 1581/2436/1795 1532/2187/1611
f 1649/2465/1808 1590/2466/1809 1565/2389/1773
f 1532/2187/1611 1562/2437/1796 1582/2198/1622
f 1565/2389/1773 1591/2388/1772 1562/2464/1796
f 1454/2365/1686 1477/2347/1748 1583/2275/1691
f 1477/2347/1748 1570/2242/1663 1583/2275/1691
f 1476/2287/1703 1584/2284/1700 1577/2285/1701
f 1654/2474/1812 1624/2345/1746 1586/2281/1697
f 1548/2197/1621 1549/2196/1620 1585/2445/1800
f 1548/2197/1621 1585/2445/1800 1554/2190/1614
f 1654/2474/1812 1586/2281/1697 1584/2284/1700
f 1586/2281/1697 1542/2427/1791 1592/2440/1798
f 1587/2297/1711 1493/2300/1712 1648/2299/1634
f 1604/2296/1632 1493/2300/1712 1587/2297/1711
f 1588/2350/1751 1583/2275/1691 1478/2274/1690
f 1588/2350/1751 1478/2274/1690 1480/2239/1660
f 1504/2201/1625 1589/2204/1627 1643/2193/1617
f 1498/2475/1813 1589/2204/1627 1629/2206/1629
f 1590/2476/1809 1616/2435/1794 1530/2180/1606
f 1634/2477/1814 1590/2466/1809 1649/2465/1808
f 1559/2457/1806 1582/2461/1622 1591/2388/1772
f 1591/2388/1772 1582/2461/1622 1562/2464/1796
f 1535/2282/1698 1584/2284/1700 1592/2440/1798
f 1592/2440/1798 1584/2284/1700 1586/2281/1697
f 1593/2319/1727 1495/2316/1724 1596/2318/1726
f 1593/2319/1727 1595/2478/1815 1606/2232/1654
f 1543/2192/1616 1487/2329/1736 1594/2438/1797
f 1592/2440/1798 1543/2479/1616 1594/2439/1797
f 1595/2480/1815 1484/2358/1754 1606/2357/1654
f 1596/2318/1726 1644/2481/1816 1593/2319/1727
f 1596/2318/1726 1509/2317/1725 1484/2482/1754
f 1644/2481/1816 1596/2318/1726 1484/2482/1754
f 1451/2263/1679 1470/2338/1741 1597/2483/1756
f 1485/2355/1753 1597/2483/1756 1470/2338/1741
f 1553/2448/1656 1444/2233/1638 1598/2484/1647
f 1521/2215/1637 1598/2225/1647 1444/2216/1638
f 1599/2330/1737 1442/2277/1693 1486/2276/1692
f 1486/2276/1692 1597/2360/1756 1599/2330/1737
f 1600/2433/1793 1539/2308/1717 1602/2343/1744
f 1475/2224/1646 1463/2306/1716 1600/2485/1793
f 1474/2471/1742 1601/2248/1668 1506/2394/1776
f 1506/2394/1776 1656/2218/1640 1552/2213/1636
f 1475/2224/1646 1602/2342/1744 1598/2225/1647
f 1475/2224/1646 1600/2485/1793 1602/2342/1744
f 1603/2405/1780 1505/2390/1774 1514/2392/1775
f 1505/2390/1774 1625/2452/1803 1591/2388/1772
f 1521/2215/1637 1604/2209/1632 1504/2201/1625
f 1504/2201/1625 1604/2209/1632 1549/2203/1620
f 1529/2223/1645 1605/2241/1662 1431/2413/1763
f 1529/2223/1645 1533/2229/1651 1605/2241/1662
f 1618/2359/1755 1437/2279/1695 1606/2357/1654
f 1437/2279/1695 1444/2216/1638 1606/2357/1654
f 1607/2469/1760 1571/2373/1762 1569/2262/1678
f 1494/2414/1643 1571/2373/1762 1607/2469/1760
f 1608/2302/1714 1460/2254/1673 1639/2253/1672
f 1460/2254/1673 1608/2302/1714 1613/2486/1715
f 1609/2442/1799 1543/2192/1616 1592/2487/1798
f 1457/2428/1608 1543/2192/1616 1609/2442/1799
f 1610/2256/1675 1433/2220/1642 1638/2200/1624
f 1448/2382/1768 1433/2220/1642 1610/2256/1675
f 1496/2268/1684 1611/2188/1612 1445/2269/1685
f 1532/2187/1611 1445/2269/1685 1611/2188/1612
f 1612/2488/1782 1526/2489/1817 1436/2490/1818
f 1498/2475/1813 1629/2206/1629 1436/2490/1818
f 1500/2294/1709 1460/2258/1673 1613/2304/1715
f 1613/2304/1715 1645/2252/1671 1500/2294/1709
f 1614/2230/1652 1553/2448/1656 1440/2307/1655
f 1614/2230/1652 1533/2229/1651 1553/2448/1656
f 1556/2402/1778 1615/2189/1613 1452/2454/1804
f 1517/2409/1783 1452/2454/1804 1615/2189/1613
f 1616/2435/1794 1541/2491/1819 1581/2436/1795
f 1541/2491/1819 1616/2435/1794 1635/2492/1820
f 1452/2454/1804 1517/2409/1783 1617/2408/1682
f 1617/2266/1682 1513/2265/1681 1452/2493/1804
f 1618/2359/1755 1509/2494/1725 1495/2398/1724
f 1509/2494/1725 1618/2359/1755 1484/2358/1754
f 1487/2329/1736 1469/2194/1618 1619/2363/1757
f 1469/2194/1618 1458/2328/1735 1619/2363/1757
f 1560/2171/1599 1620/2185/1609 1586/2281/1697
f 1560/2171/1599 1580/2183/1607 1620/2185/1609
f 1458/2328/1735 1653/2327/1702 1621/2495/1811
f 1458/2328/1735 1621/2495/1811 1578/2364/1758
f 1566/2199/1623 1622/2449/1801 1555/2406/1781
f 1622/2450/1801 1625/2452/1803 1555/2496/1781
f 1655/2245/1665 1623/2348/1749 1570/2242/1663
f 1544/2378/1765 1570/2242/1663 1623/2348/1749
f 1502/2497/1821 1511/2344/1745 1624/2345/1746
f 1505/2390/1774 1603/2405/1780 1625/2452/1803
f 1603/2405/1780 1555/2496/1781 1625/2452/1803
f 1654/2498/1812 1626/2288/1704 1624/2499/1746
f 1502/2500/1821 1624/2499/1746 1626/2288/1704
f 1625/2452/1803 1534/2451/1802 1627/2456/1805
f 1561/2460/1807 1627/2456/1805 1534/2451/1802
f 1628/2410/1784 1623/2348/1749 1499/2244/1664
f 1499/2244/1664 1519/2412/1666 1628/2410/1784
f 1612/2488/1782 1436/2490/1818 1629/2206/1629
f 1617/2408/1682 1612/2407/1782 1629/2501/1629
f 1473/2336/1732 1630/2337/1708 1640/2290/1706
f 1473/2324/1732 1466/2326/1734 1630/2293/1708
f 1631/2418/1788 1523/2334/1740 1587/2297/1711
f 1523/2334/1740 1631/2418/1788 1522/2421/1786
f 1632/2502/1785 1518/2381/1767 1623/2380/1749
f 1632/2502/1785 1519/2246/1666 1518/2381/1767
f 1633/2424/1789 1524/2238/1659 1446/2237/1658
f 1633/2419/1789 1454/2270/1686 1524/2352/1659
f 1541/2491/1819 1634/2503/1814 1581/2436/1795
f 1637/2504/1822 1634/2477/1814 1541/2505/1819
f 1635/2506/1820 1637/2504/1822 1541/2505/1819
f 1590/2476/1809 1635/2492/1820 1616/2435/1794
f 1466/2326/1734 1507/2325/1733 1636/2291/1707
f 1466/2326/1734 1636/2291/1707 1630/2293/1708
f 1637/2507/1822 1635/2492/1820 1590/2476/1809
f 1637/2504/1822 1590/2466/1809 1634/2477/1814
f 1483/2315/1723 1638/2455/1624 1479/2169/1597
f 1638/2200/1624 1483/2508/1723 1465/2368/1722
f 1601/2248/1668 1462/2250/1670 1639/2253/1672
f 1506/2394/1776 1601/2248/1668 1656/2218/1640
f 1507/2335/1733 1640/2290/1706 1459/2323/1731
f 1459/2323/1731 1640/2290/1706 1438/2236/1657
f 1620/2185/1609 1457/2184/1608 1641/2280/1696
f 1542/2427/1791 1641/2280/1696 1457/2184/1608
f 1642/2309/1718 1464/2313/1721 1554/2190/1614
f 1467/2320/1728 1464/2313/1721 1642/2309/1718
f 1643/2193/1617 1589/2204/1627 1498/2475/1813
f 1498/2475/1813 1657/2509/1823 1626/2288/1704 1643/2193/1617
f 1484/2482/1754 1595/2478/1815 1644/2481/1816
f 1593/2319/1727 1644/2481/1816 1595/2478/1815
f 1448/2382/1768 1645/2252/1671 1433/2220/1642
f 1645/2252/1671 1448/2382/1768 1500/2294/1709
f 1631/2418/1788 1648/2299/1634 1646/2420/1790
f 1646/2420/1790 1525/2510/1787 1522/2421/1786
f 1504/2201/1625 1643/2193/1617 1647/2202/1626
f 1647/2202/1626 1643/2193/1617 1543/2192/1616
f 1488/2208/1631 1525/2416/1787 1648/2211/1634
f 1646/2420/1790 1648/2299/1634 1525/2510/1787
f 1649/2465/1808 1581/2511/1795 1634/2477/1814
f 1581/2511/1795 1649/2465/1808 1562/2464/1796
f 1650/2512/1661 1544/2376/1765 1431/2374/1763
f 1650/2240/1661 1431/2413/1763 1605/2241/1662
f 1651/2301/1713 1462/2250/1670 1545/2444/1710
f 1651/2301/1713 1639/2253/1672 1462/2250/1670
f 1555/2406/1781 1652/2385/1769 1566/2199/1623
f 1652/2385/1769 1558/2366/1687 1566/2199/1623
f 1469/2194/1618 1626/2288/1704 1653/2327/1702
f 1653/2286/1702 1626/2513/1704 1654/2474/1812
f 1654/2474/1812 1584/2284/1700 1476/2287/1703
f 1476/2287/1703 1653/2286/1702 1654/2474/1812
f 1536/2429/1792 1505/2390/1774 1655/2245/1665
f 1572/2272/1688 1536/2429/1792 1655/2245/1665
f 1639/2253/1672 1656/2218/1640 1601/2248/1668
f 1449/2255/1674 1656/2218/1640 1639/2253/1672
s off
f 1436/2490/1824 1526/2489/1825 1527/2514/1826 1435/2515/1827
f 1511/2344/1828 1502/2497/1829 1435/2516/1830 1434/2400/1831
f 1626/2288/1832 1657/2509/1833 1435/2515/1834 1502/2500/1835
f 1436/2490/1836 1435/2515/1837 1657/2509/1838 1498/2475/1839
f 1526/2517/1840 1612/2407/1841 1517/2409/1842 1658/2518/1843
f 1434/2400/1844 1659/2519/1845 1658/2518/1846 1517/2409/1847
f 1527/2520/1848 1526/2517/1849 1658/2518/1850 1659/2519/1851
f 1659/2519/1852 1434/2400/1853 1435/2516/1854 1527/2520/1855
s 428
f 1660/2521/1856 1661/2522/1857 1663/2523/1858
f 1661/2524/1857 1662/2525/1859 1669/2526/1860
f 1708/2527/1861 1661/2524/1857 1669/2526/1860
f 1662/2528/1859 1661/2522/1857 1660/2521/1856
f 1716/2529/1862 1660/2521/1856 1663/2523/1858
f 1662/2528/1859 1660/2521/1856 1716/2529/1862
f 1662/2525/1859 1794/2530/1863 1669/2526/1860
f 1716/2529/1862 1663/2523/1858 1797/2531/1864
f 1664/2532/1865 1667/2533/1866 1665/2534/1867
f 1765/2535/1868 1784/2536/1869 1664/2537/1865
f 1664/2532/1865 1666/2538/1870 1667/2533/1866
f 1664/2537/1865 1784/2536/1869 1666/2539/1870
f 1665/2534/1867 1667/2533/1866 1767/2540/1871
f 1817/2541/1872 1797/2542/1864 1708/2527/1861
f 1817/2543/1872 1694/2544/1873 1857/2545/1874
f 1787/2546/1875 1769/2547/1876 1848/2548/1877
f 1852/2549/1878 1791/2550/1879 1757/2551/1880
f 1780/2552/1881 1880/2553/1882 1706/2554/1883
f 1687/2555/1884 1786/2556/1885 1785/2557/1886
f 1769/2547/1876 1819/2558/1887 1803/2559/1888
f 1875/2560/1889 1741/2561/1890 1884/2562/1891
f 1741/2561/1890 1786/2563/1885 1826/2564/1892
f 1676/2565/1893 1866/2566/1894 1826/2564/1892
f 1698/2567/1895 1725/2568/1896 1841/2569/1897
f 1678/2570/1898 1725/2568/1896 1885/2571/1899
f 1693/2572/1900 1789/2573/1901 1678/2574/1898
f 1758/2575/1902 1681/2576/1903 1801/2577/1904
f 1893/2578/1905 1816/2579/1906 1678/2574/1898
f 1670/2580/1907 1741/2561/1890 1875/2560/1889
f 1731/2581/1908 1804/2582/1909 1766/2583/1910
f 1758/2575/1902 1712/2584/1911 1835/2585/1912
f 1811/2586/1913 1768/2587/1914 1777/2588/1915
f 1777/2588/1915 1770/2589/1916 1851/2590/1917
f 1727/2591/1918 1843/2592/1919 1681/2593/1903
f 1835/2585/1912 1677/2594/1920 1790/2595/1921
f 1801/2577/1904 1675/2596/1922 1758/2575/1902
f 1670/2580/1907 1758/2575/1902 1741/2561/1890
f 1683/2597/1923 1761/2598/1924 1717/2599/1925
f 1887/2600/1926 1842/2601/1927 1807/2602/1928
f 1787/2603/1875 1736/2604/1929 1892/2605/1930
f 1756/2606/1931 1787/2546/1875 1848/2548/1877
f 1810/2607/1932 1758/2575/1902 1670/2580/1907
f 1838/2608/1933 1813/2609/1934 1699/2610/1935
f 1813/2611/1934 1670/2580/1907 1882/2612/1936
f 1876/2613/1937 1697/2614/1938 1686/2615/1939
f 1847/2616/1940 1686/2617/1939 1697/2618/1938
f 1788/2619/1941 1875/2560/1889 1783/2620/1942
f 1866/2566/1894 1676/2565/1893 1687/2621/1884
f 1806/2622/1943 1758/2575/1902 1688/2623/1944
f 1692/2624/1945 1806/2622/1943 1688/2623/1944
f 1750/2625/1946 1854/2626/1947 1866/2566/1894
f 1785/2557/1886 1852/2549/1878 1752/2627/1948
f 1733/2628/1949 1682/2629/1950 1758/2575/1902
f 1803/2559/1888 1691/2630/1951 1758/2575/1902
f 1678/2574/1898 1816/2579/1906 1791/2550/1879
f 1785/2557/1886 1791/2550/1879 1852/2549/1878
f 1795/2631/1952 1809/2632/1953 1734/2633/1954
f 1715/2634/1955 1820/2635/1956 1683/2597/1923
f 1789/2573/1901 1893/2578/1905 1678/2574/1898
f 1723/2636/1957 1679/2637/1958 1789/2573/1901
f 1805/2638/1959 1789/2573/1901 1693/2572/1900
f 1681/2576/1903 1674/2639/1960 1801/2577/1904
f 1878/2640/1961 1823/2641/1962 1857/2545/1874
f 1772/2642/1963 1738/2643/1964 1821/2644/1965
f 1814/2645/1966 1890/2646/1967 1713/2647/1968
f 1880/2553/1882 1863/2648/1969 1706/2554/1883
f 1774/2649/1970 1675/2596/1922 1877/2650/1971
f 1873/2651/1972 1774/2652/1970 1867/2653/1973
f 1737/2654/1974 1847/2616/1940 1697/2618/1938
f 1782/2655/1975 1813/2611/1934 1882/2612/1936
f 1841/2656/1897 1824/2657/1976 1698/2658/1895
f 1885/2659/1899 1730/2660/1977 1678/2574/1898
f 1876/2613/1937 1888/2661/1978 1845/2662/1979
f 1845/2663/1979 1782/2655/1975 1850/2664/1980
f 1811/2665/1913 1700/2666/1981 1712/2584/1911
f 1851/2590/1917 1677/2667/1920 1776/2668/1982
f 1816/2579/1906 1879/2669/1983 1791/2550/1879
f 1745/2670/1984 1788/2671/1941 1728/2672/1985
f 1701/2673/1986 1702/2674/1987 1720/2675/1988
f 1745/2670/1984 1728/2672/1985 1879/2669/1983
f 1732/2676/1989 1746/2677/1990 1833/2678/1991
f 1830/2679/1992 1727/2591/1918 1732/2676/1989
f 1701/2673/1986 1704/2680/1993 1702/2674/1987
f 1729/2681/1994 1788/2619/1941 1783/2620/1942
f 1675/2596/1922 1705/2682/1995 1696/2683/1996
f 1710/2684/1997 1744/2685/1998 1703/2686/1999
f 1890/2687/1967 1695/2688/2000 1706/2554/1883
f 1724/2689/2001 1780/2552/1881 1706/2554/1883
f 1836/2690/2002 1719/2691/2003 1679/2637/1958
f 1670/2580/1907 1813/2611/1934 1810/2607/1932
f 1663/2523/1858 1708/2692/1861 1797/2531/1864
f 1661/2522/1857 1708/2692/1861 1663/2523/1858
f 1725/2568/1896 1698/2567/1895 1709/2693/2004
f 1698/2658/1895 1824/2657/1976 1760/2694/2005
f 1744/2695/1998 1710/2696/1997 1877/2650/1971
f 1774/2649/1970 1877/2650/1971 1867/2697/1973
f 1707/2698/2006 1810/2607/1932 1711/2699/2007
f 1679/2700/1958 1718/2701/2008 1711/2699/2007
f 1835/2585/1912 1839/2702/2009 1677/2594/1920
f 1776/2668/1982 1677/2667/1920 1839/2703/2009
f 1748/2704/2010 1823/2641/1962 1861/2705/2011
f 1726/2706/2012 1809/2632/1953 1714/2707/2013
f 1860/2708/2014 1892/2605/1930 1736/2604/1929
f 1683/2597/1923 1717/2599/1925 1715/2634/1955
f 1749/2709/2015 1820/2635/1956 1825/2710/2016
f 1717/2711/1925 1761/2712/1924 1691/2630/1951
f 1717/2599/1925 1749/2709/2015 1825/2710/2016
f 1718/2701/2008 1707/2698/2006 1711/2699/2007
f 1836/2690/2002 1812/2713/2017 1719/2691/2003
f 1719/2714/2003 1718/2701/2008 1679/2700/1958
f 1718/2701/2008 1719/2714/2003 1722/2715/2018
f 1720/2675/1988 1791/2550/1879 1701/2673/1986
f 1716/2529/1862 1794/2716/1863 1662/2528/1859
f 1843/2717/1919 1721/2718/2019 1855/2719/2020
f 1830/2679/1992 1843/2592/1919 1727/2591/1918
f 1722/2715/2018 1707/2698/2006 1718/2701/2008
f 1834/2720/2021 1812/2713/2017 1836/2690/2002
f 1692/2721/1945 1688/2722/1944 1723/2636/1957
f 1688/2722/1944 1834/2720/2021 1723/2636/1957
f 1724/2689/2001 1856/2723/2022 1815/2724/2023
f 1814/2645/1966 1821/2644/1965 1738/2643/1964
f 1687/2621/1884 1676/2565/1893 1786/2563/1885
f 1786/2563/1885 1676/2565/1893 1826/2564/1892
f 1691/2725/1951 1726/2706/2012 1714/2707/2013
f 1795/2726/1952 1747/2727/2024 1691/2630/1951
f 1789/2573/1901 1692/2721/1945 1723/2636/1957
f 1770/2589/1916 1692/2721/1945 1789/2573/1901
f 1728/2672/1985 1704/2680/1993 1879/2669/1983
f 1729/2681/1994 1702/2728/1987 1704/2729/1993
f 1728/2672/1985 1788/2671/1941 1729/2730/1994
f 1728/2672/1985 1729/2730/1994 1704/2680/1993
f 1841/2656/1897 1693/2572/1900 1730/2660/1977
f 1693/2572/1900 1678/2574/1898 1730/2660/1977
f 1731/2581/1908 1844/2731/2025 1804/2582/1909
f 1690/2732/2026 1808/2733/2027 1668/2734/2028
f 1873/2651/1972 1800/2735/2029 1774/2652/1970
f 1744/2685/1998 1800/2735/2029 1873/2651/1972
f 1781/2736/2030 1733/2628/1949 1690/2732/2026
f 1860/2708/2014 1733/2737/1949 1781/2738/2030
f 1726/2706/2012 1734/2633/1954 1809/2632/1953
f 1775/2739/2031 1726/2706/2012 1691/2725/1951
f 1669/2526/1860 1794/2530/1863 1884/2562/1891
f 1669/2526/1860 1817/2541/1872 1708/2527/1861
f 1756/2606/1931 1848/2548/1877 1733/2628/1949
f 1733/2628/1949 1860/2740/2014 1755/2741/2032
f 1685/2742/2033 1847/2616/1940 1737/2654/1974
f 1850/2664/1980 1782/2655/1975 1882/2612/1936
f 1738/2743/1964 1772/2744/1963 1724/2689/2001
f 1724/2689/2001 1815/2724/2023 1738/2743/1964
f 1889/2745/2034 1680/2746/2035 1740/2747/2036
f 1828/2748/2037 1802/2749/2038 1742/2750/2039
f 1841/2569/1897 1758/2575/1902 1675/2596/1922
f 1675/2751/1922 1693/2572/1900 1841/2656/1897
f 1751/2752/2040 1742/2750/2039 1740/2753/2036
f 1784/2536/1869 1787/2603/1875 1892/2605/1930
f 1789/2573/1901 1679/2637/1958 1743/2754/2041
f 1743/2755/2041 1679/2700/1958 1711/2699/2007
f 1705/2682/1995 1744/2695/1998 1696/2683/1996
f 1705/2756/1995 1800/2735/2029 1744/2685/1998
f 1893/2578/1905 1686/2615/1939 1816/2579/1906
f 1816/2757/1906 1686/2617/1939 1847/2616/1940
f 1674/2639/1960 1855/2719/2020 1801/2577/1904
f 1855/2719/2020 1732/2758/1989 1801/2577/1904
f 1747/2759/2024 1795/2631/1952 1734/2633/1954
f 1734/2633/1954 1726/2706/2012 1775/2739/2031
f 1748/2704/2010 1671/2760/2042 1823/2641/1962
f 1691/2630/1951 1749/2761/2015 1717/2711/1925
f 1749/2709/2015 1691/2725/1951 1820/2635/1956
f 1866/2566/1894 1687/2621/1884 1750/2625/1946
f 1752/2627/1948 1852/2549/1878 1793/2762/2043
f 1751/2752/2040 1740/2753/2036 1680/2763/2035
f 1753/2764/2044 1840/2765/2045 1751/2752/2040
f 1752/2627/1948 1793/2762/2043 1687/2555/1884
f 1785/2557/1886 1752/2627/1948 1687/2555/1884
f 1680/2763/2035 1753/2764/2044 1751/2752/2040
f 1889/2745/2034 1792/2766/2046 1680/2746/2035
f 1849/2767/2047 1854/2768/1947 1754/2769/2048
f 1852/2549/1878 1757/2551/1880 1754/2769/2048
f 1756/2606/1931 1733/2628/1949 1755/2741/2032
f 1860/2708/2014 1865/2770/2049 1869/2771/2050
f 1787/2603/1875 1756/2772/1931 1736/2604/1929
f 1865/2770/2049 1756/2772/1931 1869/2771/2050
f 1766/2583/1910 1668/2773/2028 1731/2581/1908
f 1731/2774/1908 1668/2734/2028 1808/2733/2027
f 1671/2760/2042 1757/2551/1880 1823/2641/1962
f 1754/2769/2048 1757/2551/1880 1671/2760/2042
f 1808/2733/2027 1690/2732/2026 1758/2575/1902
f 1690/2732/2026 1733/2628/1949 1758/2575/1902
f 1709/2693/2004 1698/2567/1895 1759/2775/2051
f 1709/2693/2004 1762/2776/2052 1725/2568/1896
f 1698/2567/1895 1760/2777/2005 1759/2775/2051
f 1868/2778/2053 1824/2657/1976 1885/2659/1899
f 1758/2575/1902 1691/2630/1951 1870/2779/2054
f 1758/2575/1902 1811/2665/1913 1712/2584/1911
f 1762/2776/2052 1709/2693/2004 1759/2775/2051
f 1883/2780/2055 1759/2781/2051 1868/2778/2053
f 1765/2535/1868 1664/2537/1865 1665/2782/1867
f 1665/2534/1867 1767/2540/1871 1787/2546/1875
f 1766/2583/1910 1804/2582/1909 1770/2589/1916
f 1807/2602/1928 1842/2601/1927 1770/2589/1916
f 1666/2539/1870 1784/2536/1869 1767/2783/1871
f 1666/2538/1870 1767/2540/1871 1667/2533/1866
f 1870/2784/2054 1683/2597/1923 1768/2587/1914
f 1820/2635/1956 1770/2589/1916 1683/2597/1923
f 1767/2540/1871 1769/2547/1876 1787/2546/1875
f 1802/2749/2038 1767/2783/1871 1784/2536/1869
f 1768/2587/1914 1683/2597/1923 1770/2589/1916
f 1768/2587/1914 1770/2589/1916 1777/2588/1915
f 1753/2785/2044 1792/2766/2046 1840/2786/2045
f 1792/2766/2046 1753/2785/2044 1680/2746/2035
f 1779/2787/2056 1823/2641/1962 1878/2640/1961
f 1817/2541/1872 1780/2552/1881 1694/2788/1873
f 1740/2753/2036 1742/2750/2039 1773/2789/2057
f 1773/2789/2057 1889/2790/2034 1740/2753/2036
f 1675/2596/1922 1774/2649/1970 1693/2791/1900
f 1800/2735/2029 1693/2572/1900 1774/2652/1970
f 1775/2739/2031 1747/2759/2024 1734/2633/1954
f 1747/2727/2024 1775/2792/2031 1691/2630/1951
f 1837/2793/2058 1700/2794/1981 1776/2668/1982
f 1811/2586/1913 1777/2588/1915 1700/2794/1981
f 1776/2668/1982 1777/2588/1915 1851/2590/1917
f 1776/2668/1982 1700/2794/1981 1777/2588/1915
f 1767/2540/1871 1853/2795/2059 1769/2547/1876
f 1769/2547/1876 1818/2796/2060 1799/2797/2061
f 1724/2689/2001 1772/2744/1963 1831/2798/2062
f 1831/2799/2062 1772/2642/1963 1829/2800/2063
f 1829/2800/2063 1779/2787/2056 1846/2801/2064
f 1846/2802/2064 1779/2803/2056 1694/2788/1873
f 1781/2738/2030 1887/2600/1926 1807/2602/1928
f 1668/2734/2028 1781/2736/2030 1690/2732/2026
f 1813/2609/1934 1782/2804/1975 1699/2610/1935
f 1888/2661/1978 1782/2804/1975 1845/2662/1979
f 1783/2620/1942 1875/2560/1889 1702/2728/1987
f 1729/2681/1994 1783/2620/1942 1702/2728/1987
f 1742/2750/2039 1784/2536/1869 1892/2605/1930
f 1802/2749/2038 1784/2536/1869 1742/2750/2039
f 1822/2805/2065 1725/2806/1896 1678/2574/1898
f 1822/2805/2065 1678/2574/1898 1791/2550/1879
f 1786/2556/1885 1725/2806/1896 1822/2805/2065
f 1841/2569/1897 1725/2568/1896 1786/2563/1885
f 1765/2535/1868 1787/2603/1875 1784/2536/1869
f 1665/2782/1867 1787/2603/1875 1765/2535/1868
f 1847/2616/1940 1875/2560/1889 1788/2619/1941
f 1788/2671/1941 1816/2579/1906 1847/2807/1940
f 1805/2638/1959 1727/2591/1918 1789/2573/1901
f 1790/2808/1921 1770/2589/1916 1789/2573/1901
f 1790/2808/1921 1789/2573/1901 1727/2591/1918
f 1727/2591/1918 1681/2593/1903 1790/2808/1921
f 1791/2550/1879 1716/2529/1862 1757/2551/1880
f 1720/2675/1988 1716/2529/1862 1791/2550/1879
f 1819/2558/1887 1859/2809/2066 1803/2559/1888
f 1859/2810/2066 1771/2811/2067 1862/2812/2068
f 1750/2813/1946 1687/2555/1884 1793/2762/2043
f 1750/2813/1946 1793/2762/2043 1689/2814/2069
f 1716/2529/1862 1875/2815/1889 1794/2716/1863
f 1794/2530/1863 1875/2560/1889 1884/2562/1891
f 1769/2547/1876 1803/2559/1888 1682/2629/1950
f 1682/2629/1950 1803/2559/1888 1758/2575/1902
f 1862/2812/2068 1864/2816/2070 1796/2817/2071
f 1819/2558/1887 1798/2818/2072 1859/2809/2066
f 1757/2551/1880 1797/2531/1864 1823/2641/1962
f 1716/2529/1862 1797/2531/1864 1757/2551/1880
f 1798/2818/2072 1771/2819/2067 1859/2809/2066
f 1798/2820/2072 1796/2817/2071 1864/2816/2070
f 1819/2821/1887 1796/2817/2071 1798/2820/2072
f 1796/2817/2071 1828/2748/2037 1862/2812/2068
f 1801/2577/1904 1732/2758/1989 1805/2822/1959
f 1727/2591/1918 1805/2638/1959 1732/2676/1989
f 1801/2577/1904 1705/2682/1995 1675/2596/1922
f 1801/2823/1904 1805/2638/1959 1705/2756/1995
f 1799/2824/2061 1886/2825/2073 1802/2749/2038
f 1767/2783/1871 1802/2749/2038 1827/2826/2074
f 1795/2726/1952 1691/2630/1951 1803/2559/1888
f 1795/2631/1952 1889/2790/2034 1809/2632/1953
f 1770/2589/1916 1804/2582/1909 1692/2721/1945
f 1804/2582/1909 1684/2827/2075 1692/2721/1945
f 1800/2735/2029 1705/2756/1995 1805/2638/1959
f 1805/2638/1959 1693/2572/1900 1800/2735/2029
f 1684/2828/2075 1806/2622/1943 1692/2624/1945
f 1844/2731/2025 1684/2827/2075 1804/2582/1909
f 1714/2707/2013 1892/2605/1930 1807/2602/1928
f 1770/2589/1916 1820/2635/1956 1807/2602/1928
f 1808/2733/2027 1758/2575/1902 1806/2622/1943
f 1844/2829/2025 1806/2622/1943 1684/2828/2075
f 1809/2632/1953 1892/2605/1930 1714/2707/2013
f 1773/2789/2057 1809/2632/1953 1889/2790/2034
f 1688/2623/1944 1758/2575/1902 1810/2607/1932
f 1707/2698/2006 1688/2623/1944 1810/2607/1932
f 1870/2779/2054 1811/2665/1913 1758/2575/1902
f 1768/2587/1914 1811/2586/1913 1870/2784/2054
f 1719/2691/2003 1812/2713/2017 1722/2830/2018
f 1812/2713/2017 1834/2720/2021 1722/2830/2018
f 1810/2607/1932 1813/2611/1934 1711/2699/2007
f 1838/2608/1933 1711/2831/2007 1813/2609/1934
f 1858/2832/2076 1890/2646/1967 1814/2645/1966
f 1815/2724/2023 1856/2723/2022 1695/2688/2000
f 1814/2645/1966 1815/2833/2023 1858/2832/2076
f 1738/2643/1964 1815/2833/2023 1814/2645/1966
f 1816/2579/1906 1788/2671/1941 1745/2670/1984
f 1816/2579/1906 1745/2670/1984 1879/2669/1983
f 1780/2552/1881 1817/2541/1872 1884/2562/1891
f 1669/2526/1860 1884/2562/1891 1817/2541/1872
f 1853/2795/2059 1818/2796/2060 1769/2547/1876
f 1886/2825/2073 1827/2826/2074 1802/2749/2038
f 1769/2547/1876 1799/2797/2061 1819/2558/1887
f 1802/2749/2038 1828/2748/2037 1799/2824/2061
f 1691/2725/1951 1714/2707/2013 1820/2635/1956
f 1714/2707/2013 1807/2602/1928 1820/2635/1956
f 1713/2647/1968 1821/2644/1965 1814/2645/1966
f 1891/2834/2077 1861/2705/2011 1823/2641/1962
f 1785/2557/1886 1786/2556/1885 1822/2805/2065
f 1785/2557/1886 1822/2805/2065 1791/2550/1879
f 1891/2834/2077 1823/2641/1962 1821/2644/1965
f 1823/2641/1962 1779/2787/2056 1829/2800/2063
f 1824/2657/1976 1730/2660/1977 1885/2659/1899
f 1841/2656/1897 1730/2660/1977 1824/2657/1976
f 1825/2710/2016 1820/2635/1956 1715/2634/1955
f 1825/2710/2016 1715/2634/1955 1717/2599/1925
f 1741/2561/1890 1826/2564/1892 1880/2553/1882
f 1735/2835/2078 1826/2564/1892 1866/2566/1894
f 1827/2836/2074 1853/2795/2059 1767/2540/1871
f 1871/2837/2079 1827/2826/2074 1886/2825/2073
f 1796/2817/2071 1819/2821/1887 1828/2748/2037
f 1828/2748/2037 1819/2821/1887 1799/2824/2061
f 1772/2642/1963 1821/2644/1965 1829/2800/2063
f 1829/2800/2063 1821/2644/1965 1823/2641/1962
f 1830/2679/1992 1732/2676/1989 1833/2678/1991
f 1830/2679/1992 1832/2838/2080 1843/2592/1919
f 1780/2552/1881 1724/2689/2001 1831/2798/2062
f 1829/2800/2063 1780/2839/1881 1831/2799/2062
f 1832/2840/2080 1721/2718/2019 1843/2717/1919
f 1833/2678/1991 1881/2841/2081 1830/2679/1992
f 1833/2678/1991 1746/2677/1990 1721/2842/2019
f 1881/2841/2081 1833/2678/1991 1721/2842/2019
f 1688/2623/1944 1707/2698/2006 1834/2843/2021
f 1722/2715/2018 1834/2843/2021 1707/2698/2006
f 1790/2808/1921 1681/2593/1903 1835/2844/1912
f 1758/2575/1902 1835/2585/1912 1681/2576/1903
f 1836/2690/2002 1679/2637/1958 1723/2636/1957
f 1723/2636/1957 1834/2720/2021 1836/2690/2002
f 1837/2793/2058 1776/2668/1982 1839/2703/2009
f 1712/2584/1911 1700/2666/1981 1837/2845/2058
f 1711/2831/2007 1838/2608/1933 1743/2754/2041
f 1743/2754/2041 1893/2578/1905 1789/2573/1901
f 1712/2584/1911 1839/2702/2009 1835/2585/1912
f 1712/2584/1911 1837/2845/2058 1839/2702/2009
f 1840/2765/2045 1742/2750/2039 1751/2752/2040
f 1742/2750/2039 1862/2812/2068 1828/2748/2037
f 1758/2575/1902 1841/2569/1897 1741/2561/1890
f 1741/2561/1890 1841/2569/1897 1786/2563/1885
f 1766/2583/1910 1842/2601/1927 1668/2773/2028
f 1766/2583/1910 1770/2589/1916 1842/2601/1927
f 1855/2719/2020 1674/2639/1960 1843/2717/1919
f 1674/2639/1960 1681/2576/1903 1843/2717/1919
f 1844/2829/2025 1808/2733/2027 1806/2622/1943
f 1731/2774/1908 1808/2733/2027 1844/2829/2025
f 1845/2662/1979 1697/2614/1938 1876/2613/1937
f 1697/2614/1938 1845/2662/1979 1850/2846/1980
f 1846/2802/2064 1780/2552/1881 1829/2847/2063
f 1694/2788/1873 1780/2552/1881 1846/2802/2064
f 1847/2616/1940 1670/2580/1907 1875/2560/1889
f 1685/2742/2033 1670/2580/1907 1847/2616/1940
f 1733/2628/1949 1848/2548/1877 1682/2629/1950
f 1769/2547/1876 1682/2629/1950 1848/2548/1877
f 1849/2848/2047 1763/2849/2082 1673/2850/2083
f 1735/2835/2078 1866/2566/1894 1673/2850/2083
f 1737/2654/1974 1697/2618/1938 1850/2664/1980
f 1850/2664/1980 1882/2612/1936 1737/2654/1974
f 1851/2590/1917 1790/2808/1921 1677/2667/1920
f 1851/2590/1917 1770/2589/1916 1790/2808/1921
f 1793/2762/2043 1852/2549/1878 1689/2814/2069
f 1754/2769/2048 1689/2814/2069 1852/2549/1878
f 1853/2795/2059 1778/2851/2084 1818/2796/2060
f 1778/2851/2084 1853/2795/2059 1872/2852/2085
f 1689/2814/2069 1754/2769/2048 1854/2768/1947
f 1854/2626/1947 1750/2625/1946 1689/2853/2069
f 1855/2719/2020 1746/2854/1990 1732/2758/1989
f 1746/2854/1990 1855/2719/2020 1721/2718/2019
f 1724/2689/2001 1706/2554/1883 1856/2723/2022
f 1706/2554/1883 1695/2688/2000 1856/2723/2022
f 1797/2531/1864 1857/2545/1874 1823/2641/1962
f 1797/2531/1864 1817/2543/1872 1857/2545/1874
f 1695/2688/2000 1890/2687/1967 1858/2855/2076
f 1695/2688/2000 1858/2855/2076 1815/2724/2023
f 1803/2559/1888 1859/2809/2066 1792/2766/2046
f 1859/2810/2066 1862/2812/2068 1792/2856/2046
f 1892/2605/1930 1860/2708/2014 1807/2602/1928
f 1781/2738/2030 1807/2602/1928 1860/2708/2014
f 1739/2857/2086 1748/2704/2010 1861/2705/2011
f 1742/2750/2039 1840/2765/2045 1862/2812/2068
f 1840/2765/2045 1792/2856/2046 1862/2812/2068
f 1891/2858/2077 1863/2648/1969 1861/2859/2011
f 1739/2860/2086 1861/2859/2011 1863/2648/1969
f 1862/2812/2068 1771/2811/2067 1864/2816/2070
f 1798/2820/2072 1864/2816/2070 1771/2811/2067
f 1865/2770/2049 1860/2708/2014 1736/2604/1929
f 1736/2604/1929 1756/2772/1931 1865/2770/2049
f 1849/2848/2047 1673/2850/2083 1866/2566/1894
f 1854/2768/1947 1849/2767/2047 1866/2861/1894
f 1710/2696/1997 1867/2697/1973 1877/2650/1971
f 1710/2684/1997 1703/2686/1999 1867/2653/1973
f 1868/2778/2053 1760/2694/2005 1824/2657/1976
f 1760/2694/2005 1868/2778/2053 1759/2781/2051
f 1869/2862/2050 1755/2741/2032 1860/2740/2014
f 1869/2862/2050 1756/2606/1931 1755/2741/2032
f 1870/2784/2054 1761/2598/1924 1683/2597/1923
f 1870/2779/2054 1691/2630/1951 1761/2712/1924
f 1778/2851/2084 1871/2863/2079 1818/2796/2060
f 1874/2864/2087 1871/2837/2079 1778/2865/2084
f 1872/2866/2085 1874/2864/2087 1778/2865/2084
f 1827/2836/2074 1872/2852/2085 1853/2795/2059
f 1703/2686/1999 1744/2685/1998 1873/2651/1972
f 1703/2686/1999 1873/2651/1972 1867/2653/1973
f 1874/2867/2087 1872/2852/2085 1827/2836/2074
f 1874/2864/2087 1827/2826/2074 1871/2837/2079
f 1720/2675/1988 1875/2815/1889 1716/2529/1862
f 1875/2560/1889 1720/2868/1988 1702/2728/1987
f 1838/2608/1933 1699/2610/1935 1876/2613/1937
f 1743/2754/2041 1838/2608/1933 1893/2578/1905
f 1744/2695/1998 1877/2650/1971 1696/2683/1996
f 1696/2683/1996 1877/2650/1971 1675/2596/1922
f 1857/2545/1874 1694/2544/1873 1878/2640/1961
f 1779/2787/2056 1878/2640/1961 1694/2544/1873
f 1879/2669/1983 1701/2673/1986 1791/2550/1879
f 1704/2680/1993 1701/2673/1986 1879/2669/1983
f 1880/2553/1882 1826/2564/1892 1735/2835/2078
f 1735/2835/2078 1894/2869/2088 1863/2648/1969 1880/2553/1882
f 1721/2842/2019 1832/2838/2080 1881/2841/2081
f 1830/2679/1992 1881/2841/2081 1832/2838/2080
f 1685/2742/2033 1882/2612/1936 1670/2580/1907
f 1882/2612/1936 1685/2742/2033 1737/2654/1974
f 1868/2778/2053 1885/2659/1899 1883/2780/2055
f 1883/2780/2055 1762/2870/2052 1759/2781/2051
f 1741/2561/1890 1880/2553/1882 1884/2562/1891
f 1884/2562/1891 1880/2553/1882 1780/2552/1881
f 1725/2568/1896 1762/2776/2052 1885/2571/1899
f 1883/2780/2055 1885/2659/1899 1762/2870/2052
f 1886/2825/2073 1818/2871/2060 1871/2837/2079
f 1818/2871/2060 1886/2825/2073 1799/2824/2061
f 1887/2872/1926 1781/2736/2030 1668/2734/2028
f 1887/2600/1926 1668/2773/2028 1842/2601/1927
f 1888/2661/1978 1699/2610/1935 1782/2804/1975
f 1888/2661/1978 1876/2613/1937 1699/2610/1935
f 1792/2766/2046 1889/2745/2034 1803/2559/1888
f 1889/2745/2034 1795/2726/1952 1803/2559/1888
f 1706/2554/1883 1863/2648/1969 1890/2687/1967
f 1890/2646/1967 1863/2873/1969 1891/2834/2077
f 1891/2834/2077 1821/2644/1965 1713/2647/1968
f 1713/2647/1968 1890/2646/1967 1891/2834/2077
f 1773/2789/2057 1742/2750/2039 1892/2605/1930
f 1809/2632/1953 1773/2789/2057 1892/2605/1930
f 1876/2613/1937 1893/2578/1905 1838/2608/1933
f 1686/2615/1939 1893/2578/1905 1876/2613/1937
s off
f 1673/2850/2089 1763/2849/2090 1764/2874/2091 1672/2875/2092
f 1748/2704/2093 1739/2857/2094 1672/2876/2095 1671/2760/2096
f 1863/2648/2097 1894/2869/2098 1672/2875/2099 1739/2860/2100
f 1673/2850/2101 1672/2875/2102 1894/2869/2103 1735/2835/2104
f 1763/2877/2105 1849/2767/2106 1754/2769/2107 1895/2878/2108
f 1671/2760/2109 1896/2879/2110 1895/2878/2111 1754/2769/2112
f 1764/2880/2113 1763/2877/2114 1895/2878/2115 1896/2879/2116
f 1896/2879/2117 1671/2760/2118 1672/2876/2119 1764/2880/2120
s 489
f 1897/2881/2121 1898/2882/2122 1900/2883/2123
f 1898/2884/2122 1899/2885/2124 1906/2886/2125
f 1945/2887/2126 1898/2884/2122 1906/2886/2125
f 1899/2888/2124 1898/2882/2122 1897/2881/2121
f 1953/2889/2127 1897/2881/2121 1900/2883/2123
f 1899/2888/2124 1897/2881/2121 1953/2889/2127
f 1899/2885/2124 2031/2890/2128 1906/2886/2125
f 1953/2889/2127 1900/2883/2123 2034/2891/2129
f 1901/2892/2130 1904/2893/2131 1902/2894/2132
f 2002/2895/2133 2021/2896/2134 1901/2897/2130
f 1901/2892/2130 1903/2898/2135 1904/2893/2131
f 1901/2897/2130 2021/2896/2134 1903/2899/2135
f 1902/2894/2132 1904/2893/2131 2004/2900/2136
f 2054/2901/2137 2034/2902/2129 1945/2887/2126
f 2054/2903/2137 1931/2904/2138 2094/2905/2139
f 2024/2906/2140 2006/2907/2141 2085/2908/2142
f 2089/2909/2143 2028/2910/2144 1994/2911/2145
f 2017/2912/2146 2117/2913/2147 1943/2914/2148
f 1924/2915/2149 2023/2916/2150 2022/2917/2151
f 2006/2907/2141 2056/2918/2152 2040/2919/2153
f 2112/2920/2154 1978/2921/2155 2121/2922/2156
f 1978/2921/2155 2023/2923/2150 2063/2924/2157
f 1913/2925/2158 2103/2926/2159 2063/2924/2157
f 1935/2927/2160 1962/2928/2161 2078/2929/2162
f 1915/2930/2163 1962/2928/2161 2122/2931/2164
f 1930/2932/2165 2026/2933/2166 1915/2934/2163
f 1995/2935/2167 1918/2936/2168 2038/2937/2169
f 2130/2938/2170 2053/2939/2171 1915/2934/2163
f 1907/2940/2172 1978/2921/2155 2112/2920/2154
f 1968/2941/2173 2041/2942/2174 2003/2943/2175
f 1995/2935/2167 1949/2944/2176 2072/2945/2177
f 2048/2946/2178 2005/2947/2179 2014/2948/2180
f 2014/2948/2180 2007/2949/2181 2088/2950/2182
f 1964/2951/2183 2080/2952/2184 1918/2953/2168
f 2072/2945/2177 1914/2954/2185 2027/2955/2186
f 2038/2937/2169 1912/2956/2187 1995/2935/2167
f 1907/2940/2172 1995/2935/2167 1978/2921/2155
f 1920/2957/2188 1998/2958/2189 1954/2959/2190
f 2124/2960/2191 2079/2961/2192 2044/2962/2193
f 2024/2963/2140 1973/2964/2194 2129/2965/2195
f 1993/2966/2196 2024/2906/2140 2085/2908/2142
f 2047/2967/2197 1995/2935/2167 1907/2940/2172
f 2075/2968/2198 2050/2969/2199 1936/2970/2200
f 2050/2971/2199 1907/2940/2172 2119/2972/2201
f 2113/2973/2202 1934/2974/2203 1923/2975/2204
f 2084/2976/2205 1923/2977/2204 1934/2978/2203
f 2025/2979/2206 2112/2920/2154 2020/2980/2207
f 2103/2926/2159 1913/2925/2158 1924/2981/2149
f 2043/2982/2208 1995/2935/2167 1925/2983/2209
f 1929/2984/2210 2043/2982/2208 1925/2983/2209
f 1987/2985/2211 2091/2986/2212 2103/2926/2159
f 2022/2917/2151 2089/2909/2143 1989/2987/2213
f 1970/2988/2214 1919/2989/2215 1995/2935/2167
f 2040/2919/2153 1928/2990/2216 1995/2935/2167
f 1915/2934/2163 2053/2939/2171 2028/2910/2144
f 2022/2917/2151 2028/2910/2144 2089/2909/2143
f 2032/2991/2217 2046/2992/2218 1971/2993/2219
f 1952/2994/2220 2057/2995/2221 1920/2957/2188
f 2026/2933/2166 2130/2938/2170 1915/2934/2163
f 1960/2996/2222 1916/2997/2223 2026/2933/2166
f 2042/2998/2224 2026/2933/2166 1930/2932/2165
f 1918/2936/2168 1911/2999/2225 2038/2937/2169
f 2115/3000/2226 2060/3001/2227 2094/2905/2139
f 2009/3002/2228 1975/3003/2229 2058/3004/2230
f 2051/3005/2231 2127/3006/2232 1950/3007/2233
f 2117/2913/2147 2100/3008/2234 1943/2914/2148
f 2011/3009/2235 1912/2956/2187 2114/3010/2236
f 2110/3011/2237 2011/3012/2235 2104/3013/2238
f 1974/3014/2239 2084/2976/2205 1934/2978/2203
f 2019/3015/2240 2050/2971/2199 2119/2972/2201
f 2078/3016/2162 2061/3017/2241 1935/3018/2160
f 2122/3019/2164 1967/3020/2242 1915/2934/2163
f 2113/2973/2202 2125/3021/2243 2082/3022/2244
f 2082/3023/2244 2019/3015/2240 2087/3024/2245
f 2048/3025/2178 1937/3026/2246 1949/2944/2176
f 2088/2950/2182 1914/3027/2185 2013/3028/2247
f 2053/2939/2171 2116/3029/2248 2028/2910/2144
f 1982/3030/2249 2025/3031/2206 1965/3032/2250
f 1938/3033/2251 1939/3034/2252 1957/3035/2253
f 1982/3030/2249 1965/3032/2250 2116/3029/2248
f 1969/3036/2254 1983/3037/2255 2070/3038/2256
f 2067/3039/2257 1964/2951/2183 1969/3036/2254
f 1938/3033/2251 1941/3040/2258 1939/3034/2252
f 1966/3041/2259 2025/2979/2206 2020/2980/2207
f 1912/2956/2187 1942/3042/2260 1933/3043/2261
f 1947/3044/2262 1981/3045/2263 1940/3046/2264
f 2127/3047/2232 1932/3048/2265 1943/2914/2148
f 1961/3049/2266 2017/2912/2146 1943/2914/2148
f 2073/3050/2267 1956/3051/2268 1916/2997/2223
f 1907/2940/2172 2050/2971/2199 2047/2967/2197
f 1900/2883/2123 1945/3052/2126 2034/2891/2129
f 1898/2882/2122 1945/3052/2126 1900/2883/2123
f 1962/2928/2161 1935/2927/2160 1946/3053/2269
f 1935/3018/2160 2061/3017/2241 1997/3054/2270
f 1981/3055/2263 1947/3056/2262 2114/3010/2236
f 2011/3009/2235 2114/3010/2236 2104/3057/2238
f 1944/3058/2271 2047/2967/2197 1948/3059/2272
f 1916/3060/2223 1955/3061/2273 1948/3059/2272
f 2072/2945/2177 2076/3062/2274 1914/2954/2185
f 2013/3028/2247 1914/3027/2185 2076/3063/2274
f 1985/3064/2275 2060/3001/2227 2098/3065/2276
f 1963/3066/2277 2046/2992/2218 1951/3067/2278
f 2097/3068/2279 2129/2965/2195 1973/2964/2194
f 1920/2957/2188 1954/2959/2190 1952/2994/2220
f 1986/3069/2280 2057/2995/2221 2062/3070/2281
f 1954/3071/2190 1998/3072/2189 1928/2990/2216
f 1954/2959/2190 1986/3069/2280 2062/3070/2281
f 1955/3061/2273 1944/3058/2271 1948/3059/2272
f 2073/3050/2267 2049/3073/2282 1956/3051/2268
f 1956/3074/2268 1955/3061/2273 1916/3060/2223
f 1955/3061/2273 1956/3074/2268 1959/3075/2283
f 1957/3035/2253 2028/2910/2144 1938/3033/2251
f 1953/2889/2127 2031/3076/2128 1899/2888/2124
f 2080/3077/2184 1958/3078/2284 2092/3079/2285
f 2067/3039/2257 2080/2952/2184 1964/2951/2183
f 1959/3075/2283 1944/3058/2271 1955/3061/2273
f 2071/3080/2286 2049/3073/2282 2073/3050/2267
f 1929/3081/2210 1925/3082/2209 1960/2996/2222
f 1925/3082/2209 2071/3080/2286 1960/2996/2222
f 1961/3049/2266 2093/3083/2287 2052/3084/2288
f 2051/3005/2231 2058/3004/2230 1975/3003/2229
f 1924/2981/2149 1913/2925/2158 2023/2923/2150
f 2023/2923/2150 1913/2925/2158 2063/2924/2157
f 1928/3085/2216 1963/3066/2277 1951/3067/2278
f 2032/3086/2217 1984/3087/2289 1928/2990/2216
f 2026/2933/2166 1929/3081/2210 1960/2996/2222
f 2007/2949/2181 1929/3081/2210 2026/2933/2166
f 1965/3032/2250 1941/3040/2258 2116/3029/2248
f 1966/3041/2259 1939/3088/2252 1941/3089/2258
f 1965/3032/2250 2025/3031/2206 1966/3090/2259
f 1965/3032/2250 1966/3090/2259 1941/3040/2258
f 2078/3016/2162 1930/2932/2165 1967/3020/2242
f 1930/2932/2165 1915/2934/2163 1967/3020/2242
f 1968/2941/2173 2081/3091/2290 2041/2942/2174
f 1927/3092/2291 2045/3093/2292 1905/3094/2293
f 2110/3011/2237 2037/3095/2294 2011/3012/2235
f 1981/3045/2263 2037/3095/2294 2110/3011/2237
f 2018/3096/2295 1970/2988/2214 1927/3092/2291
f 2097/3068/2279 1970/3097/2214 2018/3098/2295
f 1963/3066/2277 1971/2993/2219 2046/2992/2218
f 2012/3099/2296 1963/3066/2277 1928/3085/2216
f 1906/2886/2125 2031/2890/2128 2121/2922/2156
f 1906/2886/2125 2054/2901/2137 1945/2887/2126
f 1993/2966/2196 2085/2908/2142 1970/2988/2214
f 1970/2988/2214 2097/3100/2279 1992/3101/2297
f 1922/3102/2298 2084/2976/2205 1974/3014/2239
f 2087/3024/2245 2019/3015/2240 2119/2972/2201
f 1975/3103/2229 2009/3104/2228 1961/3049/2266
f 1961/3049/2266 2052/3084/2288 1975/3103/2229
f 2126/3105/2299 1917/3106/2300 1977/3107/2301
f 2065/3108/2302 2039/3109/2303 1979/3110/2304
f 2078/2929/2162 1995/2935/2167 1912/2956/2187
f 1912/3111/2187 1930/2932/2165 2078/3016/2162
f 1988/3112/2305 1979/3110/2304 1977/3113/2301
f 2021/2896/2134 2024/2963/2140 2129/2965/2195
f 2026/2933/2166 1916/2997/2223 1980/3114/2306
f 1980/3115/2306 1916/3060/2223 1948/3059/2272
f 1942/3042/2260 1981/3055/2263 1933/3043/2261
f 1942/3116/2260 2037/3095/2294 1981/3045/2263
f 2130/2938/2170 1923/2975/2204 2053/2939/2171
f 2053/3117/2171 1923/2977/2204 2084/2976/2205
f 1911/2999/2225 2092/3079/2285 2038/2937/2169
f 2092/3079/2285 1969/3118/2254 2038/2937/2169
f 1984/3119/2289 2032/2991/2217 1971/2993/2219
f 1971/2993/2219 1963/3066/2277 2012/3099/2296
f 1985/3064/2275 1908/3120/2307 2060/3001/2227
f 1928/2990/2216 1986/3121/2280 1954/3071/2190
f 1986/3069/2280 1928/3085/2216 2057/2995/2221
f 2103/2926/2159 1924/2981/2149 1987/2985/2211
f 1989/2987/2213 2089/2909/2143 2030/3122/2308
f 1988/3112/2305 1977/3113/2301 1917/3123/2300
f 1990/3124/2309 2077/3125/2310 1988/3112/2305
f 1989/2987/2213 2030/3122/2308 1924/2915/2149
f 2022/2917/2151 1989/2987/2213 1924/2915/2149
f 1917/3123/2300 1990/3124/2309 1988/3112/2305
f 2126/3105/2299 2029/3126/2311 1917/3106/2300
f 2086/3127/2312 2091/3128/2212 1991/3129/2313
f 2089/2909/2143 1994/2911/2145 1991/3129/2313
f 1993/2966/2196 1970/2988/2214 1992/3101/2297
f 2097/3068/2279 2102/3130/2314 2106/3131/2315
f 2024/2963/2140 1993/3132/2196 1973/2964/2194
f 2102/3130/2314 1993/3132/2196 2106/3131/2315
f 2003/2943/2175 1905/3133/2293 1968/2941/2173
f 1968/3134/2173 1905/3094/2293 2045/3093/2292
f 1908/3120/2307 1994/2911/2145 2060/3001/2227
f 1991/3129/2313 1994/2911/2145 1908/3120/2307
f 2045/3093/2292 1927/3092/2291 1995/2935/2167
f 1927/3092/2291 1970/2988/2214 1995/2935/2167
f 1946/3053/2269 1935/2927/2160 1996/3135/2316
f 1946/3053/2269 1999/3136/2317 1962/2928/2161
f 1935/2927/2160 1997/3137/2270 1996/3135/2316
f 2105/3138/2318 2061/3017/2241 2122/3019/2164
f 1995/2935/2167 1928/2990/2216 2107/3139/2319
f 1995/2935/2167 2048/3025/2178 1949/2944/2176
f 1999/3136/2317 1946/3053/2269 1996/3135/2316
f 2120/3140/2320 1996/3141/2316 2105/3138/2318
f 2002/2895/2133 1901/2897/2130 1902/3142/2132
f 1902/2894/2132 2004/2900/2136 2024/2906/2140
f 2003/2943/2175 2041/2942/2174 2007/2949/2181
f 2044/2962/2193 2079/2961/2192 2007/2949/2181
f 1903/2899/2135 2021/2896/2134 2004/3143/2136
f 1903/2898/2135 2004/2900/2136 1904/2893/2131
f 2107/3144/2319 1920/2957/2188 2005/2947/2179
f 2057/2995/2221 2007/2949/2181 1920/2957/2188
f 2004/2900/2136 2006/2907/2141 2024/2906/2140
f 2039/3109/2303 2004/3143/2136 2021/2896/2134
f 2005/2947/2179 1920/2957/2188 2007/2949/2181
f 2005/2947/2179 2007/2949/2181 2014/2948/2180
f 1990/3145/2309 2029/3126/2311 2077/3146/2310
f 2029/3126/2311 1990/3145/2309 1917/3106/2300
f 2016/3147/2321 2060/3001/2227 2115/3000/2226
f 2054/2901/2137 2017/2912/2146 1931/3148/2138
f 1977/3113/2301 1979/3110/2304 2010/3149/2322
f 2010/3149/2322 2126/3150/2299 1977/3113/2301
f 1912/2956/2187 2011/3009/2235 1930/3151/2165
f 2037/3095/2294 1930/2932/2165 2011/3012/2235
f 2012/3099/2296 1984/3119/2289 1971/2993/2219
f 1984/3087/2289 2012/3152/2296 1928/2990/2216
f 2074/3153/2323 1937/3154/2246 2013/3028/2247
f 2048/2946/2178 2014/2948/2180 1937/3154/2246
f 2013/3028/2247 2014/2948/2180 2088/2950/2182
f 2013/3028/2247 1937/3154/2246 2014/2948/2180
f 2004/2900/2136 2090/3155/2324 2006/2907/2141
f 2006/2907/2141 2055/3156/2325 2036/3157/2326
f 1961/3049/2266 2009/3104/2228 2068/3158/2327
f 2068/3159/2327 2009/3002/2228 2066/3160/2328
f 2066/3160/2328 2016/3147/2321 2083/3161/2329
f 2083/3162/2329 2016/3163/2321 1931/3148/2138
f 2018/3098/2295 2124/2960/2191 2044/2962/2193
f 1905/3094/2293 2018/3096/2295 1927/3092/2291
f 2050/2969/2199 2019/3164/2240 1936/2970/2200
f 2125/3021/2243 2019/3164/2240 2082/3022/2244
f 2020/2980/2207 2112/2920/2154 1939/3088/2252
f 1966/3041/2259 2020/2980/2207 1939/3088/2252
f 1979/3110/2304 2021/2896/2134 2129/2965/2195
f 2039/3109/2303 2021/2896/2134 1979/3110/2304
f 2059/3165/2330 1962/3166/2161 1915/2934/2163
f 2059/3165/2330 1915/2934/2163 2028/2910/2144
f 2023/2916/2150 1962/3166/2161 2059/3165/2330
f 2078/2929/2162 1962/2928/2161 2023/2923/2150
f 2002/2895/2133 2024/2963/2140 2021/2896/2134
f 1902/3142/2132 2024/2963/2140 2002/2895/2133
f 2084/2976/2205 2112/2920/2154 2025/2979/2206
f 2025/3031/2206 2053/2939/2171 2084/3167/2205
f 2042/2998/2224 1964/2951/2183 2026/2933/2166
f 2027/3168/2186 2007/2949/2181 2026/2933/2166
f 2027/3168/2186 2026/2933/2166 1964/2951/2183
f 1964/2951/2183 1918/2953/2168 2027/3168/2186
f 2028/2910/2144 1953/2889/2127 1994/2911/2145
f 1957/3035/2253 1953/2889/2127 2028/2910/2144
f 2056/2918/2152 2096/3169/2331 2040/2919/2153
f 2096/3170/2331 2008/3171/2332 2099/3172/2333
f 1987/3173/2211 1924/2915/2149 2030/3122/2308
f 1987/3173/2211 2030/3122/2308 1926/3174/2334
f 1953/2889/2127 2112/3175/2154 2031/3076/2128
f 2031/2890/2128 2112/2920/2154 2121/2922/2156
f 2006/2907/2141 2040/2919/2153 1919/2989/2215
f 1919/2989/2215 2040/2919/2153 1995/2935/2167
f 2099/3172/2333 2101/3176/2335 2033/3177/2336
f 2056/2918/2152 2035/3178/2337 2096/3169/2331
f 1994/2911/2145 2034/2891/2129 2060/3001/2227
f 1953/2889/2127 2034/2891/2129 1994/2911/2145
f 2035/3178/2337 2008/3179/2332 2096/3169/2331
f 2035/3180/2337 2033/3177/2336 2101/3176/2335
f 2056/3181/2152 2033/3177/2336 2035/3180/2337
f 2033/3177/2336 2065/3108/2302 2099/3172/2333
f 2038/2937/2169 1969/3118/2254 2042/3182/2224
f 1964/2951/2183 2042/2998/2224 1969/3036/2254
f 2038/2937/2169 1942/3042/2260 1912/2956/2187
f 2038/3183/2169 2042/2998/2224 1942/3116/2260
f 2036/3184/2326 2123/3185/2338 2039/3109/2303
f 2004/3143/2136 2039/3109/2303 2064/3186/2339
f 2032/3086/2217 1928/2990/2216 2040/2919/2153
f 2032/2991/2217 2126/3150/2299 2046/2992/2218
f 2007/2949/2181 2041/2942/2174 1929/3081/2210
f 2041/2942/2174 1921/3187/2340 1929/3081/2210
f 2037/3095/2294 1942/3116/2260 2042/2998/2224
f 2042/2998/2224 1930/2932/2165 2037/3095/2294
f 1921/3188/2340 2043/2982/2208 1929/2984/2210
f 2081/3091/2290 1921/3187/2340 2041/2942/2174
f 1951/3067/2278 2129/2965/2195 2044/2962/2193
f 2007/2949/2181 2057/2995/2221 2044/2962/2193
f 2045/3093/2292 1995/2935/2167 2043/2982/2208
f 2081/3189/2290 2043/2982/2208 1921/3188/2340
f 2046/2992/2218 2129/2965/2195 1951/3067/2278
f 2010/3149/2322 2046/2992/2218 2126/3150/2299
f 1925/2983/2209 1995/2935/2167 2047/2967/2197
f 1944/3058/2271 1925/2983/2209 2047/2967/2197
f 2107/3139/2319 2048/3025/2178 1995/2935/2167
f 2005/2947/2179 2048/2946/2178 2107/3144/2319
f 1956/3051/2268 2049/3073/2282 1959/3190/2283
f 2049/3073/2282 2071/3080/2286 1959/3190/2283
f 2047/2967/2197 2050/2971/2199 1948/3059/2272
f 2075/2968/2198 1948/3191/2272 2050/2969/2199
f 2095/3192/2341 2127/3006/2232 2051/3005/2231
f 2052/3084/2288 2093/3083/2287 1932/3048/2265
f 2051/3005/2231 2052/3193/2288 2095/3192/2341
f 1975/3003/2229 2052/3193/2288 2051/3005/2231
f 2053/2939/2171 2025/3031/2206 1982/3030/2249
f 2053/2939/2171 1982/3030/2249 2116/3029/2248
f 2017/2912/2146 2054/2901/2137 2121/2922/2156
f 1906/2886/2125 2121/2922/2156 2054/2901/2137
f 2090/3155/2324 2055/3156/2325 2006/2907/2141
f 2123/3185/2338 2064/3186/2339 2039/3109/2303
f 2006/2907/2141 2036/3157/2326 2056/2918/2152
f 2039/3109/2303 2065/3108/2302 2036/3184/2326
f 1928/3085/2216 1951/3067/2278 2057/2995/2221
f 1951/3067/2278 2044/2962/2193 2057/2995/2221
f 1950/3007/2233 2058/3004/2230 2051/3005/2231
f 2128/3194/2342 2098/3065/2276 2060/3001/2227
f 2022/2917/2151 2023/2916/2150 2059/3165/2330
f 2022/2917/2151 2059/3165/2330 2028/2910/2144
f 2128/3194/2342 2060/3001/2227 2058/3004/2230
f 2060/3001/2227 2016/3147/2321 2066/3160/2328
f 2061/3017/2241 1967/3020/2242 2122/3019/2164
f 2078/3016/2162 1967/3020/2242 2061/3017/2241
f 2062/3070/2281 2057/2995/2221 1952/2994/2220
f 2062/3070/2281 1952/2994/2220 1954/2959/2190
f 1978/2921/2155 2063/2924/2157 2117/2913/2147
f 1972/3195/2343 2063/2924/2157 2103/2926/2159
f 2064/3196/2339 2090/3155/2324 2004/2900/2136
f 2108/3197/2344 2064/3186/2339 2123/3185/2338
f 2033/3177/2336 2056/3181/2152 2065/3108/2302
f 2065/3108/2302 2056/3181/2152 2036/3184/2326
f 2009/3002/2228 2058/3004/2230 2066/3160/2328
f 2066/3160/2328 2058/3004/2230 2060/3001/2227
f 2067/3039/2257 1969/3036/2254 2070/3038/2256
f 2067/3039/2257 2069/3198/2345 2080/2952/2184
f 2017/2912/2146 1961/3049/2266 2068/3158/2327
f 2066/3160/2328 2017/3199/2146 2068/3159/2327
f 2069/3200/2345 1958/3078/2284 2080/3077/2184
f 2070/3038/2256 2118/3201/2346 2067/3039/2257
f 2070/3038/2256 1983/3037/2255 1958/3202/2284
f 2118/3201/2346 2070/3038/2256 1958/3202/2284
f 1925/2983/2209 1944/3058/2271 2071/3203/2286
f 1959/3075/2283 2071/3203/2286 1944/3058/2271
f 2027/3168/2186 1918/2953/2168 2072/3204/2177
f 1995/2935/2167 2072/2945/2177 1918/2936/2168
f 2073/3050/2267 1916/2997/2223 1960/2996/2222
f 1960/2996/2222 2071/3080/2286 2073/3050/2267
f 2074/3153/2323 2013/3028/2247 2076/3063/2274
f 1949/2944/2176 1937/3026/2246 2074/3205/2323
f 1948/3191/2272 2075/2968/2198 1980/3114/2306
f 1980/3114/2306 2130/2938/2170 2026/2933/2166
f 1949/2944/2176 2076/3062/2274 2072/2945/2177
f 1949/2944/2176 2074/3205/2323 2076/3062/2274
f 2077/3125/2310 1979/3110/2304 1988/3112/2305
f 1979/3110/2304 2099/3172/2333 2065/3108/2302
f 1995/2935/2167 2078/2929/2162 1978/2921/2155
f 1978/2921/2155 2078/2929/2162 2023/2923/2150
f 2003/2943/2175 2079/2961/2192 1905/3133/2293
f 2003/2943/2175 2007/2949/2181 2079/2961/2192
f 2092/3079/2285 1911/2999/2225 2080/3077/2184
f 1911/2999/2225 1918/2936/2168 2080/3077/2184
f 2081/3189/2290 2045/3093/2292 2043/2982/2208
f 1968/3134/2173 2045/3093/2292 2081/3189/2290
f 2082/3022/2244 1934/2974/2203 2113/2973/2202
f 1934/2974/2203 2082/3022/2244 2087/3206/2245
f 2083/3162/2329 2017/2912/2146 2066/3207/2328
f 1931/3148/2138 2017/2912/2146 2083/3162/2329
f 2084/2976/2205 1907/2940/2172 2112/2920/2154
f 1922/3102/2298 1907/2940/2172 2084/2976/2205
f 1970/2988/2214 2085/2908/2142 1919/2989/2215
f 2006/2907/2141 1919/2989/2215 2085/2908/2142
f 2086/3208/2312 2000/3209/2347 1910/3210/2348
f 1972/3195/2343 2103/2926/2159 1910/3210/2348
f 1974/3014/2239 1934/2978/2203 2087/3024/2245
f 2087/3024/2245 2119/2972/2201 1974/3014/2239
f 2088/2950/2182 2027/3168/2186 1914/3027/2185
f 2088/2950/2182 2007/2949/2181 2027/3168/2186
f 2030/3122/2308 2089/2909/2143 1926/3174/2334
f 1991/3129/2313 1926/3174/2334 2089/2909/2143
f 2090/3155/2324 2015/3211/2349 2055/3156/2325
f 2015/3211/2349 2090/3155/2324 2109/3212/2350
f 1926/3174/2334 1991/3129/2313 2091/3128/2212
f 2091/2986/2212 1987/2985/2211 1926/3213/2334
f 2092/3079/2285 1983/3214/2255 1969/3118/2254
f 1983/3214/2255 2092/3079/2285 1958/3078/2284
f 1961/3049/2266 1943/2914/2148 2093/3083/2287
f 1943/2914/2148 1932/3048/2265 2093/3083/2287
f 2034/2891/2129 2094/2905/2139 2060/3001/2227
f 2034/2891/2129 2054/2903/2137 2094/2905/2139
f 1932/3048/2265 2127/3047/2232 2095/3215/2341
f 1932/3048/2265 2095/3215/2341 2052/3084/2288
f 2040/2919/2153 2096/3169/2331 2029/3126/2311
f 2096/3170/2331 2099/3172/2333 2029/3216/2311
f 2129/2965/2195 2097/3068/2279 2044/2962/2193
f 2018/3098/2295 2044/2962/2193 2097/3068/2279
f 1976/3217/2351 1985/3064/2275 2098/3065/2276
f 1979/3110/2304 2077/3125/2310 2099/3172/2333
f 2077/3125/2310 2029/3216/2311 2099/3172/2333
f 2128/3218/2342 2100/3008/2234 2098/3219/2276
f 1976/3220/2351 2098/3219/2276 2100/3008/2234
f 2099/3172/2333 2008/3171/2332 2101/3176/2335
f 2035/3180/2337 2101/3176/2335 2008/3171/2332
f 2102/3130/2314 2097/3068/2279 1973/2964/2194
f 1973/2964/2194 1993/3132/2196 2102/3130/2314
f 2086/3208/2312 1910/3210/2348 2103/2926/2159
f 2091/3128/2212 2086/3127/2312 2103/3221/2159
f 1947/3056/2262 2104/3057/2238 2114/3010/2236
f 1947/3044/2262 1940/3046/2264 2104/3013/2238
f 2105/3138/2318 1997/3054/2270 2061/3017/2241
f 1997/3054/2270 2105/3138/2318 1996/3141/2316
f 2106/3222/2315 1992/3101/2297 2097/3100/2279
f 2106/3222/2315 1993/2966/2196 1992/3101/2297
f 2107/3144/2319 1998/2958/2189 1920/2957/2188
f 2107/3139/2319 1928/2990/2216 1998/3072/2189
f 2015/3211/2349 2108/3223/2344 2055/3156/2325
f 2111/3224/2352 2108/3197/2344 2015/3225/2349
f 2109/3226/2350 2111/3224/2352 2015/3225/2349
f 2064/3196/2339 2109/3212/2350 2090/3155/2324
f 1940/3046/2264 1981/3045/2263 2110/3011/2237
f 1940/3046/2264 2110/3011/2237 2104/3013/2238
f 2111/3227/2352 2109/3212/2350 2064/3196/2339
f 2111/3224/2352 2064/3186/2339 2108/3197/2344
f 1957/3035/2253 2112/3175/2154 1953/2889/2127
f 2112/2920/2154 1957/3228/2253 1939/3088/2252
f 2075/2968/2198 1936/2970/2200 2113/2973/2202
f 1980/3114/2306 2075/2968/2198 2130/2938/2170
f 1981/3055/2263 2114/3010/2236 1933/3043/2261
f 1933/3043/2261 2114/3010/2236 1912/2956/2187
f 2094/2905/2139 1931/2904/2138 2115/3000/2226
f 2016/3147/2321 2115/3000/2226 1931/2904/2138
f 2116/3029/2248 1938/3033/2251 2028/2910/2144
f 1941/3040/2258 1938/3033/2251 2116/3029/2248
f 2117/2913/2147 2063/2924/2157 1972/3195/2343
f 1972/3195/2343 2131/3229/2353 2100/3008/2234 2117/2913/2147
f 1958/3202/2284 2069/3198/2345 2118/3201/2346
f 2067/3039/2257 2118/3201/2346 2069/3198/2345
f 1922/3102/2298 2119/2972/2201 1907/2940/2172
f 2119/2972/2201 1922/3102/2298 1974/3014/2239
f 2105/3138/2318 2122/3019/2164 2120/3140/2320
f 2120/3140/2320 1999/3230/2317 1996/3141/2316
f 1978/2921/2155 2117/2913/2147 2121/2922/2156
f 2121/2922/2156 2117/2913/2147 2017/2912/2146
f 1962/2928/2161 1999/3136/2317 2122/2931/2164
f 2120/3140/2320 2122/3019/2164 1999/3230/2317
f 2123/3185/2338 2055/3231/2325 2108/3197/2344
f 2055/3231/2325 2123/3185/2338 2036/3184/2326
f 2124/3232/2191 2018/3096/2295 1905/3094/2293
f 2124/2960/2191 1905/3133/2293 2079/2961/2192
f 2125/3021/2243 1936/2970/2200 2019/3164/2240
f 2125/3021/2243 2113/2973/2202 1936/2970/2200
f 2029/3126/2311 2126/3105/2299 2040/2919/2153
f 2126/3105/2299 2032/3086/2217 2040/2919/2153
f 1943/2914/2148 2100/3008/2234 2127/3047/2232
f 2127/3006/2232 2100/3233/2234 2128/3194/2342
f 2128/3194/2342 2058/3004/2230 1950/3007/2233
f 1950/3007/2233 2127/3006/2232 2128/3194/2342
f 2010/3149/2322 1979/3110/2304 2129/2965/2195
f 2046/2992/2218 2010/3149/2322 2129/2965/2195
f 2113/2973/2202 2130/2938/2170 2075/2968/2198
f 1923/2975/2204 2130/2938/2170 2113/2973/2202
s off
f 1910/3210/2354 2000/3209/2355 2001/3234/2356 1909/3235/2357
f 1985/3064/2358 1976/3217/2359 1909/3236/2360 1908/3120/2361
f 2100/3008/2362 2131/3229/2363 1909/3235/2364 1976/3220/2365
f 1910/3210/2366 1909/3235/2367 2131/3229/2368 1972/3195/2369
f 2000/3237/2370 2086/3127/2371 1991/3129/2372 2132/3238/2373
f 1908/3120/2374 2133/3239/2375 2132/3238/2376 1991/3129/2377
f 2001/3240/2378 2000/3237/2379 2132/3238/2380 2133/3239/2381
f 2133/3239/2382 1908/3120/2383 1909/3236/2384 2001/3240/2385
