# This file uses centimeters as units for non-parametric coordinates.

mtllib TallFoliageBigger.mtl
g default
v -2743.116885 191.571884 1900.162842
v -2743.438174 186.668259 1900.873291
v -2741.435976 193.859238 1903.909424
v -2743.183047 174.457138 1901.662842
v -2734.920596 193.590805 1893.370850
v -2754.986514 211.670639 1898.090576
v -2663.412783 299.606750 1867.362061
v -2647.430117 313.901794 1790.855713
v -2677.699892 307.224060 1844.857178
v -2718.629336 322.546814 1803.153076
v -2716.099795 291.151306 1832.503662
v -2700.268252 275.211853 1841.448975
v -2730.429141 231.410080 1884.357666
v -2703.412539 265.696594 1878.921143
v -2669.145937 300.991394 1847.105225
v -2668.784365 310.751648 1854.544189
v -2626.183779 318.588196 1787.180908
v -2742.108828 266.360474 1865.743896
v -2745.209658 291.726868 1855.529541
v -2705.217959 336.947693 1779.287842
v -2700.962588 307.394226 1809.839600
v -2697.839053 270.213745 1895.830811
v -2730.289248 261.447266 1876.685791
v -2730.349551 223.152634 1901.255615
v -2645.795351 304.985779 1758.935791
v -2667.129092 314.622009 1819.164307
v -2640.214053 324.615906 1831.761963
v -2648.033633 313.700989 1847.807861
v -2712.796328 236.792160 1911.222900
v -2715.660098 268.431091 1863.038330
v -2705.765078 289.004944 1847.175537
v -2647.399844 319.134338 1787.068115
v -2728.944033 212.764328 1890.805908
v -2673.308779 320.305969 1766.973389
v -2707.364199 252.282883 1902.992432
v -2682.792422 334.313293 1758.656494
v -2678.106875 284.283569 1886.493896
v -2683.176211 281.144043 1894.430908
v -2751.083437 230.973862 1893.099365
v -2670.667910 302.792419 1829.079346
v -2746.867129 299.040710 1844.235107
v -2666.191348 311.881775 1829.354736
v -2718.490176 327.517151 1806.213623
v -2638.317080 319.634705 1833.111084
v -2714.523379 327.943787 1793.780029
v -2640.622256 311.132507 1762.015869
v -2739.942324 114.013962 1900.803467
v -2688.911807 317.497009 1804.041260
v -2741.152773 99.264206 1913.827881
v -2678.059267 306.331238 1805.738525
v -2740.163516 66.001999 1905.733154
v -2755.197695 249.439804 1881.004639
v -2744.862734 64.748032 1908.310791
v -2747.387148 226.397751 1889.558838
v -2705.883975 315.381653 1816.152588
v -2719.792910 222.231857 1905.596924
v -2627.817812 325.852844 1824.908936
v -2712.663271 274.695618 1869.745361
v -2735.227725 108.909531 1908.005127
v -2692.224795 305.690613 1836.685303
v -2624.467715 322.122742 1786.478271
v -2680.868105 300.990906 1816.114990
v -2738.334170 139.417770 1908.223389
v -2669.216738 308.963928 1842.044189
v -2744.478701 259.904846 1879.953369
v -2718.566836 281.468811 1859.231201
v -2738.310732 47.546616 1913.228760
v -2740.154238 298.879578 1836.832764
v -2699.622500 332.551575 1772.068604
v -2733.821963 195.824509 1906.112061
v -2699.064883 278.326904 1845.469482
v -2681.278017 306.488342 1802.301514
v -2744.490664 122.149643 1908.918213
v -2645.262637 316.559387 1838.259033
v -2648.123232 319.073059 1849.639404
v -2754.548281 174.088058 1900.832275
v -2718.938662 245.891953 1898.138428
v -2735.536562 161.435837 1901.211670
v -2722.997500 232.257248 1899.740967
v -2662.410586 308.908508 1782.041748
v -2749.620059 277.238159 1867.364502
v -2665.132998 307.542419 1827.427490
v -2726.748476 247.056625 1881.790771
v -2704.515810 278.564941 1837.523193
v -2624.039248 323.345642 1816.690186
v -2655.907900 313.601257 1850.202393
v -2709.354678 280.025330 1841.261963
v -2641.095400 323.704285 1841.930420
v -2703.537295 300.813660 1839.839111
v -2718.456240 254.019882 1875.223389
v -2713.223818 330.660950 1797.921631
v -2670.590273 327.187439 1752.070068
v -2757.291689 253.399033 1884.010010
v -2714.069766 245.324753 1893.033447
v -2752.865908 265.606445 1874.221924
v -2744.476504 286.067383 1852.335693
v -2737.119570 164.346725 1898.085205
v -2669.666445 301.715271 1842.736572
v -2650.811221 313.272644 1857.844971
v -2725.710879 249.908981 1876.025146
v -2742.662783 175.194870 1904.743408
v -2719.240420 252.949631 1870.720459
v -2740.627139 155.696396 1901.570068
v -2638.389590 309.576111 1763.125732
v -2736.696230 133.554733 1900.138428
v -2743.475527 260.366150 1870.967041
v -2733.042910 179.752487 1897.789795
v -2683.799258 296.753723 1812.184326
v -2737.522402 193.822800 1896.622314
v -2679.304141 288.600403 1867.649170
v -2744.418887 57.391159 1912.628174
v -2752.531191 213.055405 1893.982178
v -2709.020449 314.800720 1806.558350
v -2711.769228 243.074203 1907.786377
v -2695.229678 310.763000 1821.329834
v -2707.537051 242.764694 1907.084229
v -2707.698916 316.162415 1820.463623
v -2694.291689 267.970764 1894.868408
v -2732.894717 274.579285 1869.089111
v -2714.267031 256.655701 1895.563232
v -2668.446475 323.221130 1768.369385
v -2703.217471 259.768372 1899.771729
v -2658.042666 311.590515 1775.262939
v -2723.418398 252.712082 1886.828857
v -2644.681094 309.971497 1755.171631
v -2698.522158 293.081360 1824.779541
v -2744.585146 309.960876 1838.906982
v -2735.403750 258.185974 1872.050537
v -2740.953555 311.643494 1829.005615
v -2670.247500 303.136414 1819.703857
v -2653.222109 315.910583 1856.831787
v -2728.514590 281.139709 1847.026611
v -2684.253848 308.551575 1823.344971
v -2744.067568 132.680527 1904.792236
v -2671.912539 312.386414 1806.219971
v -2738.265322 45.612961 1908.197998
v -2743.176211 155.723068 1905.980713
v -2652.782412 311.885803 1754.643799
v -2722.363711 246.675705 1892.594971
v -2661.363467 311.009583 1785.558350
v -2737.690859 208.558762 1899.090576
v -2664.752871 312.489807 1779.699463
v -2730.016299 229.707993 1894.931396
v -2680.861514 305.630920 1850.577881
v -2722.597353 225.390732 1896.525635
v -2738.059512 235.709396 1890.301025
v -2723.305117 228.421738 1892.163330
v -2622.887637 328.154846 1814.066650
v -2752.904482 173.705551 1905.211670
v -2730.007998 257.395264 1879.495361
v -2739.289248 171.234482 1906.586182
v -2731.828310 259.796692 1869.278564
v -2702.625430 284.042908 1871.122314
v -2688.390078 303.403503 1812.755127
v -2702.820986 292.365906 1852.983643
v -2655.186221 316.953674 1754.961182
v -2665.598818 311.206360 1831.877686
v -2678.333926 328.536682 1755.022217
v -2640.582461 319.785706 1845.260986
v -2691.604678 302.291443 1825.377197
v -2693.208926 280.587463 1851.769775
v -2742.462832 45.623093 1908.822998
v -2653.091494 309.194519 1854.641357
v -2657.465762 212.308640 1906.739014
v -2687.138613 197.500412 1915.513428
v -2642.834170 217.630295 1883.516357
v -2673.574160 194.727463 1895.210205
v -2695.982363 174.640915 1901.657959
v -2688.842471 186.344894 1910.675537
v -2693.520205 184.303879 1892.263916
v -2717.006777 173.577316 1887.000732
v -2672.188418 213.006760 1872.781494
v -2686.657412 201.011642 1887.087646
v -2613.420107 229.905991 1861.974854
v -2652.637392 220.754318 1876.936279
v -2656.270693 214.533981 1877.279541
v -2708.775088 171.666428 1898.500732
v -2677.712832 198.264450 1894.734619
v -2686.172305 202.545212 1890.638916
v -2703.193545 189.971237 1881.093994
v -2647.717226 223.290207 1900.324463
v -2655.739443 225.553207 1863.357666
v -2705.359560 165.872238 1909.400635
v -2685.422060 217.244797 1872.132568
v -2727.481875 125.773483 1907.991455
v -2609.140566 231.900009 1888.319580
v -2716.702334 149.025436 1906.347412
v -2657.974307 222.150620 1915.149658
v -2647.632998 229.999496 1861.835205
v -2733.618594 118.814743 1908.847412
v -2616.658389 235.028061 1859.472412
v -2675.783877 210.788986 1923.871338
v -2721.541445 145.227097 1912.422119
v -2606.014346 223.672714 1872.972900
v -2741.398867 78.082565 1908.499756
v -2720.522646 141.222214 1913.165283
v -2650.007510 213.834030 1880.739990
v -2704.770693 191.522385 1885.225342
v -2652.911074 205.561691 1891.621338
v -2724.528262 166.516403 1891.061279
v -2652.351016 210.032761 1894.919678
v -2711.354922 176.656296 1892.768311
v -2615.467471 230.326279 1895.210205
v -2704.550478 171.979416 1896.491943
v -2665.030459 226.536057 1861.986572
v -2636.931582 226.357040 1909.318604
v -2655.495547 229.948288 1865.320068
v -2677.521182 208.405197 1910.967041
v -2737.716006 59.485519 1912.364014
v -2740.079043 74.110641 1913.733643
v -2659.062441 216.592453 1919.123779
v -2651.040469 223.306808 1919.750732
v -2701.757998 170.632126 1901.348389
v -2650.029726 215.397751 1905.995850
v -2606.663516 226.480392 1872.930908
v -2709.918398 163.975388 1923.171143
v -2722.851260 162.603439 1888.846436
v -2695.997744 183.118942 1917.992920
v -2633.904971 236.437241 1860.238037
v -2713.591982 164.018845 1923.765381
v -2633.725527 234.245895 1858.141357
v -2706.067812 168.507614 1910.283447
v -2682.463564 213.778244 1870.487549
v -2645.344668 223.616928 1905.315674
v -2694.667666 183.148849 1905.006104
v -2637.836367 229.124741 1908.022705
v -2645.777285 227.486130 1911.504639
v -2674.897646 206.441330 1924.054932
v -2726.367373 133.199387 1915.285889
v -2680.452822 198.956955 1917.335693
v -2635.382510 218.652145 1879.214111
v -2689.380557 191.682419 1916.883057
v -2648.195742 231.379196 1866.112549
v -2643.016299 225.705978 1914.741455
v -2738.702334 52.549728 1908.197510
v -2653.545840 220.328354 1880.909912
v -2740.810000 51.137497 1912.910889
v -2724.864932 138.763474 1904.511963
v -2655.764346 204.276169 1888.982178
v -2726.768496 138.911423 1906.869385
v -2692.654238 197.669968 1887.078369
v -2617.485293 224.119858 1875.953857
v -2743.050478 51.890671 1906.106201
v -2709.225039 175.780319 1891.289307
v -2738.312685 75.895676 1908.263916
v -2725.990420 162.703171 1889.039795
v -2647.027041 216.608688 1901.683838
v -2646.441836 223.277084 1878.866455
v -2729.186953 128.746384 1914.968018
v -2724.068301 130.585129 1912.157959
v -2696.204531 185.617477 1895.943115
v -2728.510928 121.281052 1913.612061
v -2797.272891 246.439743 1875.339600
v -2771.002871 223.880783 1885.504150
v -2823.979189 254.025528 1884.944580
v -2796.004824 224.472031 1892.249268
v -2779.371035 198.350815 1897.905029
v -2775.594912 212.098404 1888.339600
v -2785.243350 208.678329 1905.807373
v -2773.966494 190.663651 1923.267822
v -2809.207217 243.014999 1912.550049
v -2790.314639 227.411423 1908.635010
v -2860.951357 269.862976 1883.927490
v -2820.485781 255.226974 1897.307861
v -2818.237246 248.082321 1898.502197
v -2772.752383 191.371750 1908.212646
v -2792.458193 227.029068 1896.035400
v -2787.917422 229.140732 1905.749756
v -2784.240420 211.521347 1922.304932
v -2807.822939 259.656738 1875.657959
v -2826.870059 259.127625 1911.008545
v -2769.445254 186.662308 1895.958252
v -2798.588076 244.208481 1922.700928
v -2763.540225 136.465714 1903.457275
v -2846.042422 274.124023 1860.180420
v -2768.268496 166.247543 1902.022217
v -2789.536562 256.735535 1870.577881
v -2833.870547 265.166077 1907.374268
v -2758.693057 127.244064 1905.934814
v -2859.882510 274.730164 1888.767334
v -2771.328066 240.713486 1873.674561
v -2761.428896 159.968033 1899.496826
v -2859.452578 264.811646 1869.332764
v -2749.731387 80.369919 1908.370361
v -2762.674014 155.986465 1897.407471
v -2820.799746 248.679062 1891.409912
v -2779.808779 212.596878 1920.343994
v -2812.265566 239.971390 1883.287354
v -2767.573916 180.940903 1923.382568
v -2809.750430 244.804153 1881.002686
v -2773.391299 195.533798 1915.577881
v -2836.302187 272.088745 1858.802002
v -2777.220156 193.088699 1907.122803
v -2820.339785 258.274170 1918.559814
v -2809.767031 265.234619 1861.605713
v -2825.187930 263.830444 1909.937256
v -2779.385928 237.659592 1884.742920
v -2745.009463 59.455307 1902.756104
v -2746.367129 76.522141 1903.184814
v -2786.757266 250.815292 1867.217041
v -2791.672305 259.596863 1862.384033
v -2776.339297 192.610641 1901.099365
v -2803.125918 251.185440 1871.436768
v -2858.871279 267.697632 1870.141846
v -2757.108584 182.947830 1887.448486
v -2771.528506 177.763901 1923.196045
v -2765.897891 206.681320 1886.544189
v -2845.410830 274.016357 1900.163818
v -2753.944277 181.647141 1889.379150
v -2847.172793 271.633179 1901.422607
v -2767.550478 188.990952 1896.285400
v -2802.652773 241.340897 1921.424561
v -2806.192080 260.637329 1870.106689
v -2775.868105 207.180466 1896.100342
v -2809.645693 267.907593 1863.667236
v -2801.064394 264.795715 1866.050537
v -2772.719912 236.479660 1872.149170
v -2758.264346 145.221573 1898.103760
v -2774.581728 227.256760 1879.864502
v -2832.627383 256.130981 1883.521729
v -2769.640810 217.322495 1884.768311
v -2830.307314 266.692505 1904.540771
v -2801.228701 263.600586 1861.313232
v -2744.554141 51.261398 1907.051025
v -2817.074648 254.753525 1894.675537
v -2739.366885 51.378220 1904.739502
v -2765.865176 151.868301 1906.751221
v -2812.102236 237.994064 1887.094482
v -2762.717226 151.368759 1906.158936
v -2786.411807 222.373947 1912.008545
v -2848.398135 264.188110 1874.780518
v -2742.409365 51.461472 1911.741943
v -2776.254580 195.384262 1915.181396
v -2751.858828 77.437424 1906.381104
v -2769.028017 176.705490 1925.109619
v -2808.288516 252.894821 1873.059326
v -2823.717226 259.074402 1891.955811
v -2756.949160 139.530136 1899.507080
v -2762.679385 142.943069 1898.608643
v -2780.350527 209.208817 1904.889893
v -2759.278506 131.244339 1898.987549
v -2760.696963 147.038132 1924.877686
v -2759.634463 143.707260 1924.381592
v -2760.436465 148.912521 1922.122314
v -2757.989199 135.231918 1923.276611
v -2768.375674 147.131271 1925.508545
v -2757.135684 161.742905 1931.865479
v -2832.714297 213.297897 1915.749268
v -2874.316348 214.014755 1953.980713
v -2834.451846 217.282639 1934.980225
v -2829.511904 226.566696 1976.634521
v -2815.397891 207.536301 1957.241943
v -2818.980654 196.180161 1944.834717
v -2779.143008 172.298508 1930.544678
v -2800.992861 193.728806 1924.065186
v -2837.712588 212.537033 1929.875732
v -2836.115908 220.125961 1925.864502
v -2888.566348 215.350571 1947.548096
v -2784.120791 195.622482 1947.669189
v -2789.501650 212.507309 1955.976807
v -2848.532656 233.128159 1985.526611
v -2835.151064 215.387436 1964.810303
v -2797.958437 198.274277 1912.199951
v -2785.930850 192.483078 1936.254639
v -2771.411807 168.309372 1920.385010
v -2886.982363 204.274094 1971.346924
v -2851.726992 218.959885 1945.788330
v -2863.348574 225.319626 1927.853760
v -2851.099307 219.958542 1921.326416
v -2779.149600 177.623825 1907.993408
v -2800.656191 194.851669 1938.413330
v -2815.192080 206.835983 1944.408447
v -2876.485049 217.270615 1956.389893
v -2775.156435 159.832748 1925.377686
v -2869.798281 217.851730 1978.735596
v -2787.444766 187.188583 1911.195557
v -2869.377383 227.459335 1988.074463
v -2814.743350 205.683273 1910.078857
v -2808.267275 204.699448 1907.446045
v -2763.714053 174.429306 1933.996826
v -2844.286562 211.996078 1940.995850
v -2793.964297 216.546127 1963.509033
v -2847.847109 218.055527 1939.394775
v -2828.964785 230.357529 1975.030029
v -2863.295596 221.840012 1926.070557
v -2836.283389 229.047470 1980.594971
v -2889.462588 208.521957 1967.706787
v -2752.891299 92.629074 1919.746826
v -2845.623232 220.957993 1963.637451
v -2745.188662 83.782639 1912.067627
v -2849.829287 212.535812 1957.683350
v -2744.984805 59.587814 1914.855225
v -2768.432803 186.362595 1943.501709
v -2741.098818 59.327438 1915.248291
v -2766.705264 170.583359 1934.313232
v -2830.755557 222.002975 1963.549561
v -2775.626162 167.354599 1913.481689
v -2873.371035 224.552292 1926.753174
v -2800.444521 199.725571 1933.581299
v -2752.095156 89.478439 1913.415283
v -2829.197939 216.404526 1945.624268
v -2890.261660 217.622726 1947.402588
v -2843.407412 210.106369 1952.611572
v -2753.908877 111.066452 1915.927979
v -2840.665713 217.581528 1933.182861
v -2776.279238 192.787460 1940.152100
v -2802.088320 203.778854 1942.391357
v -2740.812685 47.339462 1908.939697
v -2800.771182 215.157944 1965.008545
v -2854.112490 228.879074 1987.193115
v -2764.166201 149.964401 1917.795654
v -2818.436221 198.697372 1942.154541
v -2849.377383 212.516220 1961.003662
v -2748.005557 99.512192 1917.298584
v -2856.867861 220.742477 1925.825439
v -2850.962588 223.916550 1920.544189
v -2751.746279 135.715988 1928.428467
v -2781.968203 183.049484 1918.489014
v -2760.990664 125.518112 1919.802979
v -2777.344912 173.979660 1918.631104
v -2868.639346 210.681992 1965.029541
v -2780.468691 203.951035 1950.315674
v -2848.704043 214.738693 1939.877686
v -2784.178652 182.700790 1931.204834
v -2818.520205 198.419235 1949.004150
v -2878.536562 221.651047 1929.829346
v -2845.601504 220.717758 1923.187256
v -2814.415713 200.190659 1948.906006
v -2858.653262 225.824753 1922.303955
v -2820.841982 214.154404 1948.252686
v -2792.419619 186.268784 1931.887451
v -2835.697451 231.292160 1977.787354
v -2878.170351 220.885544 1986.528076
v -2766.502627 189.603439 1942.804932
v -2786.745547 181.755539 1919.404541
v -2774.447451 196.780014 1947.176025
v -2790.520693 208.156784 1957.266846
v -2761.686953 127.338120 1922.391357
v -2839.253603 212.617966 1932.646240
v -2845.425234 220.926254 1916.656006
v -2787.432559 184.008530 1934.234131
v -2757.141543 136.036484 1921.315674
v -2793.645937 185.099899 1934.763916
v -2757.227969 121.913742 1921.441162
v -2890.112490 207.388046 1966.074951
v -2757.385439 105.988571 1919.661377
v -2780.515810 192.083847 1944.949463
v -2766.009707 137.783981 1921.566162
v -2842.787783 206.939926 1955.903076
v -2765.604189 147.828354 1924.715088
v -2822.136660 206.791367 1921.649170
v -2738.732607 54.607407 1912.244385
v -2760.362246 162.096359 1933.286377
v -2832.731875 220.808212 1970.359131
v -2781.877627 181.578110 1909.834229
v -2834.243350 218.543259 1955.959229
v -2784.553896 180.978073 1908.479736
v -2828.077578 223.138779 1961.843018
v -2800.112246 196.344223 1911.193115
v -2789.067324 201.052536 1942.301514
v -2786.986514 189.963486 1918.528076
v -2872.384951 219.683456 1976.052979
v -2792.024111 191.779587 1911.678467
v -2874.193057 211.519882 1967.261963
v -2784.754336 186.947433 1927.173096
v -2889.735537 207.280624 1973.282959
v -2828.830752 206.782883 1954.537354
v -2798.732119 223.452011 1966.130615
v -2784.456728 190.084091 1940.896729
v -2804.994814 223.313339 1970.426514
v -2848.330508 211.211655 1946.253174
v -2844.765078 222.839828 1918.353271
v -2801.227236 202.981125 1953.529053
v -2839.475283 216.408493 1950.168701
v -2751.176455 106.409164 1919.975830
v -2853.900576 216.372849 1955.138916
v -2742.622744 45.450241 1911.741455
v -2753.996767 122.586349 1919.946533
v -2885.522402 209.155258 1977.015381
v -2782.318301 183.259995 1923.138916
v -2868.084658 212.447922 1962.659912
v -2766.298525 158.409042 1924.014404
v -2868.665957 213.109604 1967.508545
v -2774.932803 172.199387 1924.191162
v -2830.147891 217.006027 1932.909424
v -2778.034853 168.806808 1920.018311
v -2772.893008 176.493210 1930.450439
v -2779.744326 170.515732 1922.964111
v -2880.831484 224.652267 1931.084717
v -2750.888125 135.792770 1925.204346
v -2784.475283 189.926498 1934.335693
v -2757.862246 133.215622 1918.682861
v -2787.817812 190.655563 1941.094482
v -2806.790713 205.675949 1929.060303
v -2840.724307 211.986923 1957.762451
v -2814.960146 209.587692 1939.988525
v -2884.626162 212.909225 1978.049072
v -2847.093691 217.807358 1937.662354
v -2872.699160 222.708054 1988.077881
v -2857.138369 223.399826 1919.993896
v -2833.679141 212.782639 1951.749268
v -2819.547305 200.518784 1936.200439
v -2739.961123 45.830124 1913.111572
v -2844.907168 217.900681 1919.265381
v -2741.943301 167.705246 1917.632080
v -2741.698672 163.618332 1917.003662
v -2744.646670 169.438400 1915.382080
v -2741.542910 153.419540 1916.550537
v -2745.845156 169.195053 1925.646729
v -2733.286562 185.022568 1914.924561
v -2796.108096 254.944321 1970.048096
v -2782.003359 268.099609 2033.461182
v -2777.802432 262.502380 1981.992432
v -2733.033144 278.157898 1999.027100
v -2743.652041 251.150375 1977.867432
v -2757.928896 236.942673 1976.755615
v -2748.005068 200.715378 1933.877197
v -2768.242861 228.197617 1947.359131
v -2784.729189 256.873657 1983.336670
v -2788.118105 264.792908 1977.796143
v -2796.987246 271.148132 2043.709229
v -2734.437685 230.815170 1943.677490
v -2729.806826 252.336472 1950.194092
v -2735.502627 290.163330 2021.733643
v -2747.940859 264.581665 2000.266357
v -2778.626650 231.275497 1936.518799
v -2746.953799 225.915878 1939.593506
v -2753.582461 193.402328 1921.166260
v -2771.556582 261.423157 2058.211182
v -2777.126406 268.850769 2005.111084
v -2802.382510 275.647522 2005.030518
v -2801.563174 266.496094 1990.190674
v -2771.035586 203.719711 1919.757568
v -2753.554629 231.428940 1955.037842
v -2756.500674 248.525192 1970.427490
v -2780.963076 272.552307 2036.313232
v -2750.436953 184.958542 1929.608154
v -2754.402285 275.200012 2042.366943
v -2773.036318 216.586716 1927.826416
v -2745.039248 287.499451 2045.249756
v -2790.958682 242.349899 1950.471436
v -2789.762148 239.758041 1942.697510
v -2735.467226 201.048996 1919.989014
v -2777.334902 258.904297 1996.420166
v -2724.960146 258.790405 1958.116455
v -2781.276309 266.265442 1997.749756
v -2734.469180 282.211487 1996.739502
v -2804.032900 271.380676 2004.701416
v -2733.113223 282.709229 2007.536865
v -2776.859072 266.231079 2057.678467
v -2740.586611 102.970566 1918.610596
v -2755.515810 272.604797 2008.854248
v -2743.496035 90.409042 1908.402588
v -2763.730654 262.780212 2011.445557
v -2739.690127 62.878159 1915.019775
v -2729.056582 216.918381 1927.600830
v -2736.985537 61.977371 1911.419678
v -2736.778262 197.164963 1923.989014
v -2746.855898 271.289490 1993.723389
v -2763.030215 192.053207 1921.609131
v -2809.392031 276.300476 2014.576416
v -2758.496035 236.338852 1950.994873
v -2746.415957 98.325241 1914.850830
v -2763.887392 262.083618 1983.058350
v -2798.216250 274.032532 2044.829834
v -2764.985049 258.192505 2002.634521
v -2745.712832 123.859970 1913.454834
v -2783.305117 263.644958 1987.101807
v -2737.313906 225.180710 1932.127197
v -2750.690615 242.511703 1956.833740
v -2742.777773 47.236404 1910.087646
v -2727.415469 258.546936 1966.079834
v -2736.961611 286.438843 2029.183838
v -2751.268252 170.678452 1916.391846
v -2760.410098 239.379440 1974.126709
v -2760.100771 263.142944 2012.908936
v -2740.424014 109.739090 1910.836182
v -2800.443301 268.997681 1998.374756
v -2802.414248 270.925781 1988.750732
v -2732.653994 153.640579 1913.173584
v -2762.266055 211.906601 1927.444092
v -2746.487734 142.248062 1919.644775
v -2759.066592 200.693954 1924.862549
v -2767.341250 264.836914 2034.867432
v -2729.895693 240.165512 1939.756104
v -2781.174746 262.654602 1999.599854
v -2750.683047 213.644760 1937.046143
v -2753.514346 240.024948 1978.212158
v -2809.225283 274.255493 2022.133545
v -2796.456484 266.702637 1985.605713
v -2751.251162 241.360703 1973.673096
v -2805.245547 274.666443 1997.036865
v -2756.208193 258.446594 1976.707275
v -2754.989687 219.241379 1944.903564
v -2735.689883 284.807190 2004.851318
v -2751.567812 281.191223 2054.562256
v -2728.736758 220.231186 1924.572021
v -2764.115908 211.348312 1933.023193
v -2729.260928 230.449326 1933.478760
v -2728.947207 247.673691 1952.892334
v -2744.342959 144.822739 1921.437256
v -2782.837100 257.611755 1986.452393
v -2802.973818 266.005371 1981.625244
v -2749.585146 216.121628 1941.758057
v -2743.056094 153.931381 1914.401611
v -2752.759707 218.501022 1948.035889
v -2742.477236 137.687241 1917.604736
v -2778.854678 264.807129 2057.633545
v -2743.804873 119.113083 1920.172119
v -2734.935244 225.751022 1939.273193
v -2748.105410 157.475693 1923.029541
v -2761.173281 254.896103 2004.592529
v -2745.035830 169.420639 1922.270752
v -2783.650576 246.481857 1964.278076
v -2738.461367 55.721115 1908.344482
v -2733.766543 186.171555 1918.890869
v -2741.085146 271.192200 1999.874268
v -2770.924990 208.992844 1922.690186
v -2756.480166 266.835632 1993.585693
v -2773.856142 208.564316 1924.714111
v -2747.041934 271.909668 1989.821045
v -2780.850771 229.274399 1938.507080
v -2742.989443 237.161362 1944.360107
v -2765.438906 220.726547 1930.989502
v -2758.713320 277.374390 2043.011963
v -2775.417178 222.717148 1931.689697
v -2768.392764 267.049255 2041.519775
v -2755.257998 218.075729 1934.385010
v -2771.329775 265.621399 2061.427979
v -2754.302187 252.171738 1989.895264
v -2725.369326 267.917786 1962.900635
v -2741.296572 223.547714 1941.308838
v -2724.714541 269.411194 1971.659912
v -2774.372988 259.412842 2003.655029
v -2800.933047 268.335266 1981.530029
v -2738.875185 242.995163 1962.555420
v -2765.359560 264.452759 1995.941162
v -2739.832461 118.594376 1914.058838
v -2768.849795 267.535156 2013.221924
v -2740.944033 45.753677 1913.915771
v -2742.105166 137.709763 1913.371826
v -2765.127871 267.590271 2058.962646
v -2757.771426 212.854477 1930.425049
v -2769.476260 266.449158 2032.568115
v -2746.532656 181.634384 1920.280029
v -2764.933779 267.983459 2035.796631
v -2751.946963 199.008163 1926.035889
v -2777.345889 261.169861 1976.559814
v -2757.886172 195.041489 1927.465088
v -2744.556094 204.482773 1926.675049
v -2755.973330 197.708786 1930.499756
v -2809.418887 278.275757 2024.501221
v -2735.414736 153.136215 1910.443604
v -2747.946230 222.457382 1937.586182
v -2746.047549 150.435989 1914.215088
v -2743.103457 224.800522 1944.657959
v -2767.036074 243.638412 1953.450928
v -2758.250674 260.623047 2002.511963
v -2760.937197 251.043076 1967.059326
v -2763.684512 271.908997 2057.852783
v -2782.575869 265.611755 1996.053955
v -2746.830019 282.584290 2049.593994
v -2806.602725 271.295288 1994.715576
v -2760.205019 259.516357 1991.841064
v -2767.161318 240.838364 1971.416748
v -2737.995791 45.933273 1911.963623
v -2799.916689 262.793884 1983.261963
v -2747.711123 197.201691 1901.110352
v -2747.091006 192.129639 1901.904785
v -2743.882021 199.288452 1899.291260
v -2746.242373 179.523865 1902.997314
v -2754.363467 199.019318 1892.645020
v -2748.867373 218.578156 1911.524658
v -2757.362002 320.440155 1823.708496
v -2818.642764 376.405365 1812.453613
v -2775.914248 334.342133 1839.327881
v -2809.531924 358.358734 1883.505371
v -2795.460146 317.708527 1874.750488
v -2791.864443 301.449371 1856.854004
v -2760.087100 240.153900 1886.077393
v -2758.278017 278.125671 1859.851074
v -2775.930361 329.404144 1829.700195
v -2765.086123 335.000214 1831.071533
v -2816.826846 389.031372 1793.625488
v -2771.835635 279.213562 1898.438965
v -2774.660830 306.126495 1903.783203
v -2821.825381 385.132233 1875.191162
v -2809.163271 345.882111 1862.750244
v -2740.581240 278.337250 1854.822754
v -2762.071963 272.384674 1886.469971
v -2744.328799 229.046295 1886.493164
v -2850.608096 391.075195 1809.513428
v -2795.177432 355.497864 1830.944336
v -2777.090517 364.051971 1806.743652
v -2768.640322 344.914886 1811.371094
v -2732.427920 241.295502 1868.891602
v -2773.302432 284.469727 1872.070312
v -2781.946475 311.516693 1864.215820
v -2818.910830 382.755066 1814.171387
v -2755.763369 219.488739 1885.285645
v -2837.794619 387.814087 1840.531738
v -2737.796572 258.415497 1863.537354
v -2837.674502 400.511261 1854.469727
v -2745.083193 296.678619 1836.306641
v -2738.577822 290.596680 1841.091553
v -2751.745303 238.317383 1906.935303
v -2791.867373 339.314545 1831.653564
v -2782.994814 316.287384 1906.383301
v -2787.278994 348.205566 1829.173340
v -2804.538760 361.256378 1884.374512
v -2778.216982 359.665527 1803.610596
v -2814.875185 368.273041 1881.112793
v -2843.642764 395.144196 1806.516602
v -2746.284853 119.092476 1906.559814
v -2808.832705 360.365143 1853.337402
v -2733.087588 104.757698 1909.559814
v -2811.904971 352.747467 1839.995117
v -2740.741885 71.483406 1912.227051
v -2760.822451 258.527344 1910.973389
v -2738.206728 70.801155 1917.065674
v -2755.791201 234.149902 1903.252441
v -2800.244326 348.821503 1869.149658
v -2739.982607 227.359070 1876.032715
v -2781.243838 371.901093 1795.359375
v -2765.021670 288.865509 1869.695801
v -2738.960635 113.593758 1902.526367
v -2784.850283 333.732758 1853.472412
v -2815.102236 392.635132 1793.181396
v -2805.115908 341.868866 1841.465332
v -2739.171084 144.258087 1902.186523
v -2777.266299 338.885712 1831.331787
v -2759.535830 269.345367 1900.620850
v -2773.339541 298.149506 1876.153076
v -2732.987490 53.044434 1912.540771
v -2789.678896 319.520020 1899.761719
v -2829.603213 386.860779 1869.055664
v -2741.530947 200.648163 1891.565918
v -2786.942080 303.040863 1856.100586
v -2815.133486 353.898376 1843.258301
v -2738.331728 127.801445 1910.252441
v -2775.681826 352.717926 1809.508057
v -2764.586611 348.702972 1812.576172
v -2747.207705 180.420715 1914.322021
v -2743.966982 252.636292 1874.888184
v -2746.430850 165.721619 1896.857422
v -2744.599307 238.498199 1878.927490
v -2830.346865 373.219330 1825.879639
v -2767.694033 288.766937 1906.755615
v -2790.926943 345.649170 1827.210205
v -2759.997744 256.923859 1882.443359
v -2794.663271 305.631683 1861.465576
v -2789.212100 375.538971 1791.405273
v -2767.037295 342.011261 1819.038086
v -2790.728701 304.654480 1866.569824
v -2768.726748 357.948639 1807.005127
v -2784.443057 325.865723 1863.787842
v -2764.920596 266.107452 1874.222656
v -2809.855654 368.864990 1880.332031
v -2845.590517 402.944885 1841.153076
v -2757.165225 261.792328 1913.215088
v -2749.026064 253.252625 1869.907471
v -2764.037783 275.760895 1909.228271
v -2779.407412 301.845459 1902.417236
v -2749.613955 168.747314 1898.069580
v -2779.701846 331.966644 1830.369141
v -2759.935244 339.289032 1813.822510
v -2765.110049 261.226593 1881.369141
v -2743.165713 180.242035 1902.431152
v -2769.593935 266.160248 1874.870361
v -2746.063662 160.595245 1902.564697
v -2843.445010 394.103149 1803.767334
v -2747.160342 138.134460 1901.130615
v -2768.184756 271.907440 1899.523193
v -2750.064639 183.901184 1892.256104
v -2810.775576 339.447479 1843.492188
v -2751.130557 199.280182 1895.275879
v -2761.686709 307.378326 1837.898682
v -2733.789736 63.502754 1917.497559
v -2752.822939 220.224152 1908.935303
v -2809.327822 352.132019 1872.319580
v -2734.819033 248.176483 1867.832520
v -2796.903994 344.608246 1857.628418
v -2735.496279 248.070770 1863.579590
v -2796.146182 347.193237 1870.992188
v -2741.986514 276.668304 1851.109863
v -2766.253603 287.040283 1889.882568
v -2744.330752 264.073486 1870.487549
v -2834.427920 390.684357 1836.691650
v -2739.321475 266.748352 1859.633057
v -2834.241396 380.914459 1822.707275
v -2753.881533 261.667969 1879.362305
v -2850.413760 397.507538 1810.438721
v -2801.265810 326.336365 1857.500977
v -2783.988467 328.344391 1905.775391
v -2767.443057 269.969421 1891.351318
v -2792.268740 333.913391 1902.630371
v -2800.261904 344.538300 1831.382812
v -2759.873721 341.592041 1816.739502
v -2785.444521 300.727142 1885.941162
v -2795.363467 344.105164 1846.332275
v -2742.587100 138.158783 1908.603760
v -2808.102236 359.237701 1835.412842
v -2737.991396 51.047089 1912.658447
v -2741.683779 160.970337 1905.141846
v -2850.626650 396.309601 1818.875244
v -2749.346865 254.419678 1878.237793
v -2826.059267 373.042358 1825.349609
v -2747.908389 214.516815 1894.423340
v -2830.591006 376.714874 1829.297852
v -2749.810244 236.636261 1885.898193
v -2771.469424 329.838257 1842.100342
v -2748.681826 231.923584 1878.578125
v -2753.668642 243.457123 1893.818359
v -2752.648623 235.769684 1879.136230
v -2788.681826 381.155090 1791.821045
v -2742.804385 179.918182 1912.779785
v -2760.221377 267.696289 1886.029053
v -2741.229678 175.954651 1899.543701
v -2769.716006 272.532837 1887.806152
v -2760.661807 298.598022 1860.620361
v -2807.537295 343.878937 1849.453369
v -2775.178408 312.916534 1861.771484
v -2847.528506 398.845398 1822.890869
v -2785.273623 346.507751 1828.395752
v -2843.407412 399.690308 1848.696777
v -2767.602236 353.092529 1805.486328
v -2796.624209 335.939087 1852.314453
v -2779.976260 303.673798 1850.604980
v -2737.419131 51.536819 1916.835205
v -2764.725771 336.652649 1815.310791
vt 0.897008 0.089241
vt 0.692275 0.305675
vt 0.693178 0.289351
vt 0.929548 0.077625
vt 0.137885 0.959676
vt 0.195973 0.968951
vt 0.119577 0.971999
vt 0.886822 0.080268
vt 0.943161 0.057991
vt 0.871567 0.120527
vt 0.833300 0.118126
vt 0.803528 0.098089
vt 0.567238 0.445542
vt 0.591386 0.401849
vt 0.616610 0.400552
vt 0.644799 0.093543
vt 0.641980 0.055385
vt 0.714690 0.071354
vt 0.413581 0.468401
vt 0.572421 0.164312
vt 0.608043 0.151359
vt 0.560108 0.133924
vt 0.555074 0.097303
vt 0.647828 0.109398
vt 0.543984 0.571712
vt 0.528619 0.550281
vt 0.626876 0.475861
vt 0.370766 0.604239
vt 0.451740 0.585283
vt 0.439363 0.648517
vt 0.486230 0.260011
vt 0.389099 0.478591
vt 0.416871 0.525025
vt 0.447017 0.482795
vt 0.429239 0.456070
vt 0.553742 0.418295
vt 0.714025 0.197219
vt 0.694609 0.206038
vt 0.709868 0.185467
vt 0.644946 0.163253
vt 0.542304 0.388995
vt 0.741175 0.156812
vt 0.658927 0.136249
vt 0.750674 0.133632
vt 0.689517 0.159210
vt 0.745920 0.094937
vt 0.883191 0.073756
vt 0.744787 0.104159
vt 0.839989 0.076220
vt 0.716407 0.036478
vt 0.687148 0.023737
vt 0.831615 0.048725
vt 0.718744 0.273965
vt 0.239063 0.957560
vt 0.580274 0.062240
vt 0.560035 0.594670
vt 0.552559 0.601336
vt 0.590175 0.025203
vt 0.516909 0.563132
vt 0.506556 0.629982
vt 0.505079 0.583816
vt 0.518789 0.581542
vt 0.570368 0.372610
vt 0.763123 0.110989
vt 0.792520 0.174709
vt 0.585983 0.374878
vt 0.574678 0.389670
vt 0.837939 0.129000
vt 0.426419 0.448277
vt 0.585704 0.217616
vt 0.523334 0.257207
vt 0.487816 0.222130
vt 0.382873 0.470808
vt 0.434634 0.486428
vt 0.654485 0.411660
vt 0.653829 0.372809
vt 0.676947 0.407905
vt 0.621789 0.415615
vt 0.575743 0.459203
vt 0.581920 0.405967
vt 0.681109 0.378715
vt 0.668616 0.360811
vt 0.703000 0.312751
vt 0.630653 0.363864
vt 0.424796 0.199725
vt 0.424361 0.155450
vt 0.468973 0.155787
vt 0.547474 0.170902
vt 0.479839 0.593011
vt 0.467871 0.545802
vt 0.497298 0.530320
vt 0.453093 0.507827
vt 0.391215 0.667028
vt 0.473615 0.593392
vt 0.469966 0.073363
vt 0.439682 0.085761
vt 0.816048 0.061094
vt 0.667834 0.383798
vt 0.522350 0.485393
vt 0.541777 0.449688
vt 0.532974 0.495370
vt 0.472200 0.521953
vt 0.428882 0.568150
vt 0.353667 0.578483
vt 0.345552 0.642524
vt 0.806696 0.069577
vt 0.683962 0.409648
vt 0.771154 0.058123
vt 0.441276 0.224903
vt 0.490580 0.190547
vt 0.338013 0.551635
vt 0.679198 0.426607
vt 0.463729 0.249440
vt 0.307691 0.574375
vt 0.477783 0.249846
vt 0.620501 0.030766
vt 0.592528 0.016064
vt 0.670498 0.030672
vt 0.810643 0.153142
vt 0.536298 0.039003
vt 0.509782 0.033119
vt 0.665596 0.223192
vt 0.677926 0.199734
vt 0.478085 0.405246
vt 0.518239 0.049582
vt 0.543583 0.115541
vt 0.533586 0.096945
vt 0.354697 0.485288
vt 0.314078 0.603723
vt 0.182857 0.932186
vt 0.185008 0.949522
vt 0.149107 0.944769
vt 0.162847 0.925741
vt 0.431821 0.551449
vt 0.494509 0.490362
vt 0.041934 0.930981
vt 0.023490 0.962186
vt 0.059871 0.947396
vt 0.591944 0.344827
vt 0.056773 0.937381
vt 0.863140 0.115401
vt 0.432650 0.102306
vt 0.572505 0.485591
vt 0.912507 0.060315
vt 0.490809 0.173370
vt 0.708334 0.273797
vt 0.020509 0.951959
vt 0.020327 0.943536
vt 0.675091 0.331266
vt 0.649270 0.118768
vt 0.565885 0.147111
vt 0.697384 0.250717
vt 0.227585 0.941166
vt 0.968308 0.068328
vt 0.704111 0.257046
vt 0.497083 0.644208
vt 0.640338 0.410753
vt 0.642265 0.457680
vt 0.634246 0.436202
vt 0.646922 0.130835
vt 0.433925 0.211209
vt 0.303184 0.595239
vt 0.489658 0.181634
vt 0.514521 0.631258
vt 0.519406 0.032112
vt 0.762902 0.139560
vt 0.566966 0.391229
vt 0.415317 0.666318
vt 0.421796 0.104956
vt 0.301614 0.582233
vt 0.425847 0.219200
vt 0.962445 0.060311
vt 0.736973 0.245689
vt 0.773029 0.156664
vt 0.461102 0.410084
vt 0.684701 0.222493
vt 0.492739 0.395446
vt 0.782576 0.029099
vt 0.793883 0.040372
vt 0.409944 0.474346
vt 0.586747 0.190864
vt 0.763664 0.140967
vt 0.245410 0.951094
vt 0.945808 0.049537
vt 0.311194 0.607668
vt 0.573423 0.071425
vt 0.527834 0.582205
vt 0.572912 0.356010
vt 0.816712 0.158969
vt 0.634564 0.478608
vt 0.742281 0.035553
vt 0.480735 0.634084
vt 0.489856 0.640183
vt 0.566307 0.598259
vt 0.581908 0.021748
vt 0.479930 0.599668
vt 0.535790 0.087752
vt 0.515956 0.400210
vt 0.740448 0.181257
vt 0.652787 0.424144
vt 0.939073 0.095284
vt 0.703070 0.270160
vt 0.568109 0.251554
vt 0.537022 0.266764
vt 0.416894 0.156046
vt 0.697696 0.358883
vt 0.831885 0.020064
vt 0.628669 0.333837
vt 0.304626 0.544350
vt 0.318260 0.519668
vt 0.445447 0.656370
vt 0.604442 0.234491
vt 0.654696 0.305746
vt 0.627338 0.507894
vt 0.812850 0.044026
vt 0.676041 0.381471
vt 0.562965 0.055708
vt 0.688827 0.296717
vt 0.042122 0.975623
vt 0.017963 0.972857
vt 0.257347 0.972276
vt 0.227101 0.980051
vt 0.227271 0.930769
vt 0.161666 0.981242
vt 0.010424 0.950707
vt 0.736671 0.265247
vt 0.793538 0.680386
vt 0.792365 0.774236
vt 0.755094 0.697324
vt 0.872347 0.761015
vt 0.906772 0.667033
vt 0.916746 0.788880
vt 0.943720 0.793182
vt 0.934044 0.720565
vt 0.916946 0.599649
vt 0.883632 0.551192
vt 0.906017 0.518018
vt 0.887576 0.532276
vt 0.752641 0.595455
vt 0.878570 0.650358
vt 0.864697 0.584202
vt 0.822370 0.601398
vt 0.819940 0.647931
vt 0.794744 0.601556
vt 0.930027 0.543218
vt 0.863732 0.519768
vt 0.943645 0.501299
vt 0.924697 0.501095
vt 0.960046 0.486183
vt 0.735954 0.678727
vt 0.953051 0.582048
vt 0.730095 0.588772
vt 0.742435 0.542011
vt 0.983431 0.611713
vt 0.715819 0.780225
vt 0.736455 0.697267
vt 0.756607 0.763096
vt 0.970553 0.691723
vt 0.990227 0.733200
vt 0.947670 0.683944
vt 0.956326 0.666266
vt 0.988041 0.672004
vt 0.687140 0.621196
vt 0.969485 0.630281
vt 0.927869 0.658943
vt 0.878009 0.669959
vt 0.709412 0.542313
vt 0.965567 0.535897
vt 0.755978 0.503401
vt 0.768576 0.536536
vt 0.958611 0.577226
vt 0.993083 0.606801
vt 0.717832 0.572276
vt 0.954677 0.566402
vt 0.799655 0.567658
vt 0.697340 0.694301
vt 0.956201 0.457262
vt 0.921247 0.400272
vt 0.715192 0.462701
vt 0.710726 0.453471
vt 0.759444 0.403593
vt 0.994740 0.655026
vt 0.896989 0.408127
vt 0.893831 0.481671
vt 0.740371 0.495050
vt 0.764865 0.437891
vt 0.817644 0.701111
vt 0.857679 0.706273
vt 0.776339 0.490725
vt 0.778697 0.421620
vt 0.831947 0.637060
vt 0.884954 0.681303
vt 0.978925 0.765857
vt 0.701930 0.744368
vt 0.926485 0.395611
vt 0.961614 0.452141
vt 0.805968 0.470961
vt 0.783326 0.412955
vt 0.956500 0.796077
vt 0.759342 0.796733
vt 0.726713 0.789952
vt 0.828945 0.595091
vt 0.771829 0.240523
vt 0.776308 0.377063
vt 0.760825 0.351576
vt 0.757787 0.790659
vt 0.922100 0.241148
vt 0.921786 0.344477
vt 0.913978 0.366526
vt 0.901420 0.354014
vt 0.892419 0.369753
vt 0.902536 0.196762
vt 0.902900 0.380341
vt 0.716341 0.504138
vt 0.698824 0.543688
vt 0.722609 0.502586
vt 0.707852 0.485569
vt 0.919645 0.663755
vt 0.883864 0.780588
vt 0.804520 0.756775
vt 0.990563 0.669185
vt 0.820780 0.676244
vt 0.835521 0.659894
vt 0.682294 0.675755
vt 0.686701 0.696657
vt 0.914614 0.236602
vt 0.759181 0.249574
vt 0.896943 0.232236
vt 0.909243 0.177458
vt 0.895125 0.175424
vt 0.848178 0.642672
vt 0.847547 0.655104
vt 0.841280 0.670098
vt 0.846585 0.687348
vt 0.864373 0.459807
vt 0.797686 0.530456
vt 0.703337 0.709500
vt 0.693350 0.712825
vt 0.695477 0.746388
vt 0.805654 0.479382
vt 0.860644 0.451306
vt 0.887271 0.484045
vt 0.851079 0.708643
vt 0.799189 0.553135
vt 0.806493 0.683046
vt 0.866005 0.688787
vt 0.815905 0.573512
vt 0.845064 0.601085
vt 0.778622 0.389590
vt 0.866396 0.558769
vt 0.994743 0.725559
vt 0.829631 0.681392
vt 0.756053 0.185556
vt 0.772337 0.184683
vt 0.973448 0.688643
vt 0.728177 0.683376
vt 0.762971 0.176971
vt 0.920066 0.174036
vt 0.892695 0.382717
vt 0.793538 0.680386
vt 0.792365 0.774236
vt 0.755094 0.697324
vt 0.872347 0.761015
vt 0.906772 0.667033
vt 0.916746 0.788880
vt 0.943720 0.793182
vt 0.934044 0.720565
vt 0.916946 0.599649
vt 0.883632 0.551192
vt 0.906017 0.518018
vt 0.887576 0.532276
vt 0.752641 0.595455
vt 0.878570 0.650358
vt 0.864697 0.584202
vt 0.822370 0.601398
vt 0.819940 0.647931
vt 0.794744 0.601556
vt 0.930027 0.543218
vt 0.863732 0.519768
vt 0.943645 0.501299
vt 0.924697 0.501095
vt 0.960046 0.486183
vt 0.735954 0.678727
vt 0.953051 0.582048
vt 0.730095 0.588772
vt 0.742435 0.542011
vt 0.983431 0.611713
vt 0.715819 0.780225
vt 0.736455 0.697267
vt 0.756607 0.763096
vt 0.970553 0.691723
vt 0.990227 0.733200
vt 0.947670 0.683944
vt 0.956326 0.666266
vt 0.988041 0.672004
vt 0.687140 0.621196
vt 0.969485 0.630281
vt 0.927869 0.658943
vt 0.878009 0.669959
vt 0.709412 0.542313
vt 0.965567 0.535897
vt 0.755978 0.503401
vt 0.768576 0.536536
vt 0.958611 0.577226
vt 0.993083 0.606801
vt 0.717832 0.572276
vt 0.954677 0.566402
vt 0.799655 0.567658
vt 0.697340 0.694301
vt 0.956201 0.457262
vt 0.921247 0.400272
vt 0.715192 0.462701
vt 0.710726 0.453471
vt 0.759444 0.403593
vt 0.994740 0.655026
vt 0.896989 0.408127
vt 0.893831 0.481671
vt 0.740371 0.495050
vt 0.764865 0.437891
vt 0.817644 0.701111
vt 0.857679 0.706273
vt 0.776339 0.490725
vt 0.778697 0.421620
vt 0.831947 0.637060
vt 0.884954 0.681303
vt 0.978925 0.765857
vt 0.701930 0.744368
vt 0.926485 0.395611
vt 0.961614 0.452141
vt 0.805968 0.470961
vt 0.783326 0.412955
vt 0.956500 0.796077
vt 0.759342 0.796733
vt 0.726713 0.789952
vt 0.828945 0.595091
vt 0.771829 0.240523
vt 0.776308 0.377063
vt 0.760825 0.351576
vt 0.757787 0.790659
vt 0.922100 0.241148
vt 0.921786 0.344477
vt 0.913978 0.366526
vt 0.901420 0.354014
vt 0.892419 0.369753
vt 0.902536 0.196762
vt 0.902900 0.380341
vt 0.716341 0.504138
vt 0.698824 0.543688
vt 0.722609 0.502586
vt 0.707852 0.485569
vt 0.919645 0.663755
vt 0.883864 0.780588
vt 0.804520 0.756775
vt 0.990563 0.669185
vt 0.820780 0.676244
vt 0.835521 0.659894
vt 0.682294 0.675755
vt 0.686701 0.696657
vt 0.914614 0.236602
vt 0.759181 0.249574
vt 0.896943 0.232236
vt 0.909243 0.177458
vt 0.895125 0.175424
vt 0.848178 0.642672
vt 0.847547 0.655104
vt 0.841280 0.670098
vt 0.846585 0.687348
vt 0.864373 0.459807
vt 0.797686 0.530456
vt 0.703337 0.709500
vt 0.693350 0.712825
vt 0.695477 0.746388
vt 0.805654 0.479382
vt 0.860644 0.451306
vt 0.887271 0.484045
vt 0.851079 0.708643
vt 0.799189 0.553135
vt 0.806493 0.683046
vt 0.866005 0.688787
vt 0.815905 0.573512
vt 0.845064 0.601085
vt 0.778622 0.389590
vt 0.866396 0.558769
vt 0.994743 0.725559
vt 0.829631 0.681392
vt 0.756053 0.185556
vt 0.772337 0.184683
vt 0.973448 0.688643
vt 0.728177 0.683376
vt 0.762971 0.176971
vt 0.920066 0.174036
vt 0.892695 0.382717
vt 0.692275 0.305675
vt 0.693178 0.289351
vt 0.703070 0.270160
vt 0.688827 0.296717
vt 0.137885 0.959676
vt 0.195973 0.968951
vt 0.119577 0.971999
vt 0.929548 0.077625
vt 0.886822 0.080268
vt 0.943161 0.057991
vt 0.654696 0.305746
vt 0.833300 0.118126
vt 0.803528 0.098089
vt 0.567238 0.445542
vt 0.591386 0.401849
vt 0.616610 0.400552
vt 0.644799 0.093543
vt 0.641980 0.055385
vt 0.714690 0.071354
vt 0.586747 0.190864
vt 0.572421 0.164312
vt 0.608043 0.151359
vt 0.560108 0.133924
vt 0.555074 0.097303
vt 0.647828 0.109398
vt 0.543984 0.571712
vt 0.528619 0.550281
vt 0.626876 0.475861
vt 0.370766 0.604239
vt 0.451740 0.585283
vt 0.439363 0.648517
vt 0.318260 0.519668
vt 0.389099 0.478591
vt 0.416871 0.525025
vt 0.447017 0.482795
vt 0.429239 0.456070
vt 0.553742 0.418295
vt 0.714025 0.197219
vt 0.694609 0.206038
vt 0.709868 0.185467
vt 0.644946 0.163253
vt 0.740448 0.181257
vt 0.741175 0.156812
vt 0.658927 0.136249
vt 0.750674 0.133632
vt 0.689517 0.159210
vt 0.745920 0.094937
vt 0.883191 0.073756
vt 0.744787 0.104159
vt 0.839989 0.076220
vt 0.634564 0.478608
vt 0.627338 0.507894
vt 0.697696 0.358883
vt 0.718744 0.273965
vt 0.736671 0.265247
vt 0.580274 0.062240
vt 0.560035 0.594670
vt 0.581908 0.021748
vt 0.590175 0.025203
vt 0.562965 0.055708
vt 0.506556 0.629982
vt 0.505079 0.583816
vt 0.518789 0.581542
vt 0.573423 0.071425
vt 0.773029 0.156664
vt 0.763123 0.110989
vt 0.572912 0.356010
vt 0.585983 0.374878
vt 0.574678 0.389670
vt 0.628669 0.333837
vt 0.604442 0.234491
vt 0.409944 0.474346
vt 0.523334 0.257207
vt 0.487816 0.222130
vt 0.382873 0.470808
vt 0.434634 0.486428
vt 0.654485 0.411660
vt 0.653829 0.372809
vt 0.676947 0.407905
vt 0.621789 0.415615
vt 0.575743 0.459203
vt 0.763664 0.140967
vt 0.515956 0.400210
vt 0.681109 0.378715
vt 0.668616 0.360811
vt 0.703000 0.312751
vt 0.630653 0.363864
vt 0.424796 0.199725
vt 0.424361 0.155450
vt 0.468973 0.155787
vt 0.547474 0.170902
vt 0.479839 0.593011
vt 0.467871 0.545802
vt 0.497298 0.530320
vt 0.453093 0.507827
vt 0.391215 0.667028
vt 0.473615 0.593392
vt 0.469966 0.073363
vt 0.415317 0.666318
vt 0.445447 0.656370
vt 0.831885 0.020064
vt 0.816048 0.061094
vt 0.812850 0.044026
vt 0.831615 0.048725
vt 0.522350 0.485393
vt 0.541777 0.449688
vt 0.532974 0.495370
vt 0.472200 0.521953
vt 0.428882 0.568150
vt 0.353667 0.578483
vt 0.416894 0.156046
vt 0.676041 0.381471
vt 0.683962 0.409648
vt 0.667834 0.383798
vt 0.771154 0.058123
vt 0.806696 0.069577
vt 0.441276 0.224903
vt 0.490580 0.190547
vt 0.338013 0.551635
vt 0.652787 0.424144
vt 0.679198 0.426607
vt 0.793883 0.040372
vt 0.304626 0.544350
vt 0.307691 0.574375
vt 0.486230 0.260011
vt 0.477783 0.249846
vt 0.620501 0.030766
vt 0.566307 0.598259
vt 0.687148 0.023737
vt 0.670498 0.030672
vt 0.592528 0.016064
vt 0.716407 0.036478
vt 0.810643 0.153142
vt 0.536298 0.039003
vt 0.489856 0.640183
vt 0.665596 0.223192
vt 0.677926 0.199734
vt 0.478085 0.405246
vt 0.518239 0.049582
vt 0.535790 0.087752
vt 0.461102 0.410084
vt 0.426419 0.448277
vt 0.543583 0.115541
vt 0.479930 0.599668
vt 0.537022 0.266764
vt 0.314078 0.603723
vt 0.345552 0.642524
vt 0.311194 0.607668
vt 0.301614 0.582233
vt 0.182857 0.932186
vt 0.185008 0.949522
vt 0.149107 0.944769
vt 0.161666 0.981242
vt 0.431821 0.551449
vt 0.494509 0.490362
vt 0.042122 0.975623
vt 0.023490 0.962186
vt 0.059871 0.947396
vt 0.837939 0.129000
vt 0.816712 0.158969
vt 0.591944 0.344827
vt 0.056773 0.937381
vt 0.863140 0.115401
vt 0.432650 0.102306
vt 0.439682 0.085761
vt 0.421796 0.104956
vt 0.572505 0.485591
vt 0.516909 0.563132
vt 0.945808 0.049537
vt 0.912507 0.060315
vt 0.490809 0.173370
vt 0.708334 0.273797
vt 0.542304 0.388995
vt 0.581920 0.405967
vt 0.020509 0.951959
vt 0.010424 0.950707
vt 0.020327 0.943536
vt 0.568109 0.251554
vt 0.675091 0.331266
vt 0.649270 0.118768
vt 0.565885 0.147111
vt 0.939073 0.095284
vt 0.962445 0.060311
vt 0.697384 0.250717
vt 0.736973 0.245689
vt 0.704111 0.257046
vt 0.497083 0.644208
vt 0.514521 0.631258
vt 0.640338 0.410753
vt 0.642265 0.457680
vt 0.634246 0.436202
vt 0.239063 0.957560
vt 0.257347 0.972276
vt 0.533586 0.096945
vt 0.646922 0.130835
vt 0.552559 0.601336
vt 0.509782 0.033119
vt 0.519406 0.032112
vt 0.480735 0.634084
vt 0.354697 0.485288
vt 0.792520 0.174709
vt 0.742281 0.035553
vt 0.527834 0.582205
vt 0.227101 0.980051
vt 0.162847 0.925741
vt 0.433925 0.211209
vt 0.425847 0.219200
vt 0.245410 0.951094
vt 0.489658 0.181634
vt 0.897008 0.089241
vt 0.041934 0.930981
vt 0.017963 0.972857
vt 0.871567 0.120527
vt 0.413581 0.468401
vt 0.585704 0.217616
vt 0.782576 0.029099
vt 0.303184 0.595239
vt 0.492739 0.395446
vt 0.570368 0.372610
vt 0.762902 0.139560
vt 0.684701 0.222493
vt 0.227585 0.941166
vt 0.227271 0.930769
vt 0.968308 0.068328
vt 0.566966 0.391229
vt 0.463729 0.249440
vt 0.692275 0.305675
vt 0.693178 0.289351
vt 0.703070 0.270160
vt 0.688827 0.296717
vt 0.137885 0.959676
vt 0.195973 0.968951
vt 0.119577 0.971999
vt 0.929548 0.077625
vt 0.886822 0.080268
vt 0.943161 0.057991
vt 0.654696 0.305746
vt 0.833300 0.118126
vt 0.803528 0.098089
vt 0.567238 0.445542
vt 0.591386 0.401849
vt 0.616610 0.400552
vt 0.644799 0.093543
vt 0.641980 0.055385
vt 0.714690 0.071354
vt 0.586747 0.190864
vt 0.572421 0.164312
vt 0.608043 0.151359
vt 0.560108 0.133924
vt 0.555074 0.097303
vt 0.647828 0.109398
vt 0.543984 0.571712
vt 0.528619 0.550281
vt 0.626876 0.475861
vt 0.370766 0.604239
vt 0.451740 0.585283
vt 0.439363 0.648517
vt 0.318260 0.519668
vt 0.389099 0.478591
vt 0.416871 0.525025
vt 0.447017 0.482795
vt 0.429239 0.456070
vt 0.553742 0.418295
vt 0.714025 0.197219
vt 0.694609 0.206038
vt 0.709868 0.185467
vt 0.644946 0.163253
vt 0.740448 0.181257
vt 0.741175 0.156812
vt 0.658927 0.136249
vt 0.750674 0.133632
vt 0.689517 0.159210
vt 0.745920 0.094937
vt 0.883191 0.073756
vt 0.744787 0.104159
vt 0.839989 0.076220
vt 0.634564 0.478608
vt 0.627338 0.507894
vt 0.697696 0.358883
vt 0.718744 0.273965
vt 0.736671 0.265247
vt 0.580274 0.062240
vt 0.560035 0.594670
vt 0.581908 0.021748
vt 0.590175 0.025203
vt 0.562965 0.055708
vt 0.506556 0.629982
vt 0.505079 0.583816
vt 0.518789 0.581542
vt 0.573423 0.071425
vt 0.773029 0.156664
vt 0.763123 0.110989
vt 0.572912 0.356010
vt 0.585983 0.374878
vt 0.574678 0.389670
vt 0.628669 0.333837
vt 0.604442 0.234491
vt 0.409944 0.474346
vt 0.523334 0.257207
vt 0.487816 0.222130
vt 0.382873 0.470808
vt 0.434634 0.486428
vt 0.654485 0.411660
vt 0.653829 0.372809
vt 0.676947 0.407905
vt 0.621789 0.415615
vt 0.575743 0.459203
vt 0.763664 0.140967
vt 0.515956 0.400210
vt 0.681109 0.378715
vt 0.668616 0.360811
vt 0.703000 0.312751
vt 0.630653 0.363864
vt 0.424796 0.199725
vt 0.424361 0.155450
vt 0.468973 0.155787
vt 0.547474 0.170902
vt 0.479839 0.593011
vt 0.467871 0.545802
vt 0.497298 0.530320
vt 0.453093 0.507827
vt 0.391215 0.667028
vt 0.473615 0.593392
vt 0.469966 0.073363
vt 0.415317 0.666318
vt 0.445447 0.656370
vt 0.831885 0.020064
vt 0.816048 0.061094
vt 0.812850 0.044026
vt 0.831615 0.048725
vt 0.522350 0.485393
vt 0.541777 0.449688
vt 0.532974 0.495370
vt 0.472200 0.521953
vt 0.428882 0.568150
vt 0.353667 0.578483
vt 0.416894 0.156046
vt 0.676041 0.381471
vt 0.683962 0.409648
vt 0.667834 0.383798
vt 0.771154 0.058123
vt 0.806696 0.069577
vt 0.441276 0.224903
vt 0.490580 0.190547
vt 0.338013 0.551635
vt 0.652787 0.424144
vt 0.679198 0.426607
vt 0.793883 0.040372
vt 0.304626 0.544350
vt 0.307691 0.574375
vt 0.486230 0.260011
vt 0.477783 0.249846
vt 0.620501 0.030766
vt 0.566307 0.598259
vt 0.687148 0.023737
vt 0.670498 0.030672
vt 0.592528 0.016064
vt 0.716407 0.036478
vt 0.810643 0.153142
vt 0.536298 0.039003
vt 0.489856 0.640183
vt 0.665596 0.223192
vt 0.677926 0.199734
vt 0.478085 0.405246
vt 0.518239 0.049582
vt 0.535790 0.087752
vt 0.461102 0.410084
vt 0.426419 0.448277
vt 0.543583 0.115541
vt 0.479930 0.599668
vt 0.537022 0.266764
vt 0.314078 0.603723
vt 0.345552 0.642524
vt 0.311194 0.607668
vt 0.301614 0.582233
vt 0.182857 0.932186
vt 0.185008 0.949522
vt 0.149107 0.944769
vt 0.161666 0.981242
vt 0.431821 0.551449
vt 0.494509 0.490362
vt 0.042122 0.975623
vt 0.023490 0.962186
vt 0.059871 0.947396
vt 0.837939 0.129000
vt 0.816712 0.158969
vt 0.591944 0.344827
vt 0.056773 0.937381
vt 0.863140 0.115401
vt 0.432650 0.102306
vt 0.439682 0.085761
vt 0.421796 0.104956
vt 0.572505 0.485591
vt 0.516909 0.563132
vt 0.945808 0.049537
vt 0.912507 0.060315
vt 0.490809 0.173370
vt 0.708334 0.273797
vt 0.542304 0.388995
vt 0.581920 0.405967
vt 0.020509 0.951959
vt 0.010424 0.950707
vt 0.020327 0.943536
vt 0.568109 0.251554
vt 0.675091 0.331266
vt 0.649270 0.118768
vt 0.565885 0.147111
vt 0.939073 0.095284
vt 0.962445 0.060311
vt 0.697384 0.250717
vt 0.736973 0.245689
vt 0.704111 0.257046
vt 0.497083 0.644208
vt 0.514521 0.631258
vt 0.640338 0.410753
vt 0.642265 0.457680
vt 0.634246 0.436202
vt 0.239063 0.957560
vt 0.257347 0.972276
vt 0.533586 0.096945
vt 0.646922 0.130835
vt 0.552559 0.601336
vt 0.509782 0.033119
vt 0.519406 0.032112
vt 0.480735 0.634084
vt 0.354697 0.485288
vt 0.792520 0.174709
vt 0.742281 0.035553
vt 0.527834 0.582205
vt 0.227101 0.980051
vt 0.162847 0.925741
vt 0.433925 0.211209
vt 0.425847 0.219200
vt 0.245410 0.951094
vt 0.489658 0.181634
vt 0.897008 0.089241
vt 0.041934 0.930981
vt 0.017963 0.972857
vt 0.871567 0.120527
vt 0.413581 0.468401
vt 0.585704 0.217616
vt 0.782576 0.029099
vt 0.303184 0.595239
vt 0.492739 0.395446
vt 0.570368 0.372610
vt 0.762902 0.139560
vt 0.684701 0.222493
vt 0.227585 0.941166
vt 0.227271 0.930769
vt 0.968308 0.068328
vt 0.566966 0.391229
vt 0.463729 0.249440
vt 0.692275 0.305675
vt 0.693178 0.289351
vt 0.703070 0.270160
vt 0.688827 0.296717
vt 0.137885 0.959676
vt 0.195973 0.968951
vt 0.119577 0.971999
vt 0.929548 0.077625
vt 0.886822 0.080268
vt 0.943161 0.057991
vt 0.654696 0.305746
vt 0.833300 0.118126
vt 0.803528 0.098089
vt 0.567238 0.445542
vt 0.591386 0.401849
vt 0.616610 0.400552
vt 0.644799 0.093543
vt 0.641980 0.055385
vt 0.714690 0.071354
vt 0.586747 0.190864
vt 0.572421 0.164312
vt 0.608043 0.151359
vt 0.560108 0.133924
vt 0.555074 0.097303
vt 0.647828 0.109398
vt 0.543984 0.571712
vt 0.528619 0.550281
vt 0.626876 0.475861
vt 0.370766 0.604239
vt 0.451740 0.585283
vt 0.439363 0.648517
vt 0.318260 0.519668
vt 0.389099 0.478591
vt 0.416871 0.525025
vt 0.447017 0.482795
vt 0.429239 0.456070
vt 0.553742 0.418295
vt 0.714025 0.197219
vt 0.694609 0.206038
vt 0.709868 0.185467
vt 0.644946 0.163253
vt 0.740448 0.181257
vt 0.741175 0.156812
vt 0.658927 0.136249
vt 0.750674 0.133632
vt 0.689517 0.159210
vt 0.745920 0.094937
vt 0.883191 0.073756
vt 0.744787 0.104159
vt 0.839989 0.076220
vt 0.634564 0.478608
vt 0.627338 0.507894
vt 0.697696 0.358883
vt 0.718744 0.273965
vt 0.736671 0.265247
vt 0.580274 0.062240
vt 0.560035 0.594670
vt 0.581908 0.021748
vt 0.590175 0.025203
vt 0.562965 0.055708
vt 0.506556 0.629982
vt 0.505079 0.583816
vt 0.518789 0.581542
vt 0.573423 0.071425
vt 0.773029 0.156664
vt 0.763123 0.110989
vt 0.572912 0.356010
vt 0.585983 0.374878
vt 0.574678 0.389670
vt 0.628669 0.333837
vt 0.604442 0.234491
vt 0.409944 0.474346
vt 0.523334 0.257207
vt 0.487816 0.222130
vt 0.382873 0.470808
vt 0.434634 0.486428
vt 0.654485 0.411660
vt 0.653829 0.372809
vt 0.676947 0.407905
vt 0.621789 0.415615
vt 0.575743 0.459203
vt 0.763664 0.140967
vt 0.515956 0.400210
vt 0.681109 0.378715
vt 0.668616 0.360811
vt 0.703000 0.312751
vt 0.630653 0.363864
vt 0.424796 0.199725
vt 0.424361 0.155450
vt 0.468973 0.155787
vt 0.547474 0.170902
vt 0.479839 0.593011
vt 0.467871 0.545802
vt 0.497298 0.530320
vt 0.453093 0.507827
vt 0.391215 0.667028
vt 0.473615 0.593392
vt 0.469966 0.073363
vt 0.415317 0.666318
vt 0.445447 0.656370
vt 0.831885 0.020064
vt 0.816048 0.061094
vt 0.812850 0.044026
vt 0.831615 0.048725
vt 0.522350 0.485393
vt 0.541777 0.449688
vt 0.532974 0.495370
vt 0.472200 0.521953
vt 0.428882 0.568150
vt 0.353667 0.578483
vt 0.416894 0.156046
vt 0.676041 0.381471
vt 0.683962 0.409648
vt 0.667834 0.383798
vt 0.771154 0.058123
vt 0.806696 0.069577
vt 0.441276 0.224903
vt 0.490580 0.190547
vt 0.338013 0.551635
vt 0.652787 0.424144
vt 0.679198 0.426607
vt 0.793883 0.040372
vt 0.304626 0.544350
vt 0.307691 0.574375
vt 0.486230 0.260011
vt 0.477783 0.249846
vt 0.620501 0.030766
vt 0.566307 0.598259
vt 0.687148 0.023737
vt 0.670498 0.030672
vt 0.592528 0.016064
vt 0.716407 0.036478
vt 0.810643 0.153142
vt 0.536298 0.039003
vt 0.489856 0.640183
vt 0.665596 0.223192
vt 0.677926 0.199734
vt 0.478085 0.405246
vt 0.518239 0.049582
vt 0.535790 0.087752
vt 0.461102 0.410084
vt 0.426419 0.448277
vt 0.543583 0.115541
vt 0.479930 0.599668
vt 0.537022 0.266764
vt 0.314078 0.603723
vt 0.345552 0.642524
vt 0.311194 0.607668
vt 0.301614 0.582233
vt 0.182857 0.932186
vt 0.185008 0.949522
vt 0.149107 0.944769
vt 0.161666 0.981242
vt 0.431821 0.551449
vt 0.494509 0.490362
vt 0.042122 0.975623
vt 0.023490 0.962186
vt 0.059871 0.947396
vt 0.837939 0.129000
vt 0.816712 0.158969
vt 0.591944 0.344827
vt 0.056773 0.937381
vt 0.863140 0.115401
vt 0.432650 0.102306
vt 0.439682 0.085761
vt 0.421796 0.104956
vt 0.572505 0.485591
vt 0.516909 0.563132
vt 0.945808 0.049537
vt 0.912507 0.060315
vt 0.490809 0.173370
vt 0.708334 0.273797
vt 0.542304 0.388995
vt 0.581920 0.405967
vt 0.020509 0.951959
vt 0.010424 0.950707
vt 0.020327 0.943536
vt 0.568109 0.251554
vt 0.675091 0.331266
vt 0.649270 0.118768
vt 0.565885 0.147111
vt 0.939073 0.095284
vt 0.962445 0.060311
vt 0.697384 0.250717
vt 0.736973 0.245689
vt 0.704111 0.257046
vt 0.497083 0.644208
vt 0.514521 0.631258
vt 0.640338 0.410753
vt 0.642265 0.457680
vt 0.634246 0.436202
vt 0.239063 0.957560
vt 0.257347 0.972276
vt 0.533586 0.096945
vt 0.646922 0.130835
vt 0.552559 0.601336
vt 0.509782 0.033119
vt 0.519406 0.032112
vt 0.480735 0.634084
vt 0.354697 0.485288
vt 0.792520 0.174709
vt 0.742281 0.035553
vt 0.527834 0.582205
vt 0.227101 0.980051
vt 0.162847 0.925741
vt 0.433925 0.211209
vt 0.425847 0.219200
vt 0.245410 0.951094
vt 0.489658 0.181634
vt 0.897008 0.089241
vt 0.041934 0.930981
vt 0.017963 0.972857
vt 0.871567 0.120527
vt 0.413581 0.468401
vt 0.585704 0.217616
vt 0.782576 0.029099
vt 0.303184 0.595239
vt 0.492739 0.395446
vt 0.570368 0.372610
vt 0.762902 0.139560
vt 0.684701 0.222493
vt 0.227585 0.941166
vt 0.227271 0.930769
vt 0.968308 0.068328
vt 0.566966 0.391229
vt 0.463729 0.249440
vn -0.103141 0.422409 0.900518
vn -0.888030 0.374333 0.266978
vn -0.574004 -0.006104 -0.818830
vn -0.753039 -0.423526 -0.503546
vn 0.960927 -0.160747 0.225344
vn 0.272102 0.364340 0.890627
vn 0.158332 0.363048 0.918219
vn -0.394093 -0.328072 -0.858522
vn -0.293613 -0.328365 -0.897757
vn -0.730807 0.186769 0.656535
vn -0.297574 -0.416020 -0.859289
vn -0.265077 -0.365970 -0.892076
vn -0.331122 0.496578 0.802352
vn 0.330105 0.411433 0.849561
vn -0.485236 0.522700 0.700950
vn 0.746331 -0.507878 -0.430174
vn 0.745721 -0.514289 -0.423565
vn 0.724276 -0.552457 -0.412573
vn -0.100137 -0.382012 -0.918716
vn -0.153061 -0.314323 -0.936896
vn -0.185739 -0.308872 -0.932791
vn 0.789736 -0.402306 -0.463105
vn 0.735643 -0.394098 -0.550922
vn 0.800359 -0.447295 -0.399190
vn -0.614726 0.534190 0.580305
vn -0.626945 0.499431 0.597920
vn -0.566931 0.479871 0.669562
vn -0.684808 0.537493 0.492076
vn -0.680166 0.485342 0.549379
vn -0.633649 0.453769 0.626564
vn -0.011547 0.531994 0.846670
vn -0.041021 0.436239 0.898896
vn 0.155122 0.445092 0.881947
vn 0.022866 0.519076 0.854422
vn -0.080267 0.551518 0.830292
vn 0.002903 0.439381 0.898296
vn -0.131854 0.434311 0.891060
vn -0.866542 -0.289149 -0.406815
vn -0.537731 -0.433169 -0.723332
vn -0.165008 -0.375500 -0.912015
vn -0.708615 0.006854 0.705562
vn -0.454672 -0.620534 -0.638914
vn -0.197558 -0.477555 -0.856103
vn -0.149329 -0.568916 -0.808725
vn -0.190606 -0.487137 -0.852271
vn 0.754862 -0.519486 -0.400397
vn 0.436340 -0.494935 -0.751430
vn 0.344627 -0.562512 -0.751540
vn 0.802600 -0.444391 -0.397931
vn 0.797460 -0.572288 -0.191165
vn 0.101119 0.252015 0.962426
vn 0.919888 -0.383834 0.080483
vn 0.301064 0.262236 0.916839
vn 0.920968 -0.241166 0.306034
vn 0.750126 -0.322385 -0.577390
vn -0.469031 0.513191 0.718780
vn -0.032395 0.873465 -0.485809
vn 0.802453 -0.273739 -0.530223
vn -0.412809 0.815686 0.405272
vn -0.348724 -0.153723 0.924533
vn -0.643594 0.320823 0.694881
vn 0.785971 -0.592126 -0.177866
vn -0.166832 -0.389721 -0.905696
vn -0.159806 -0.455647 -0.875699
vn -0.504607 0.841625 -0.192454
vn 0.081889 0.507254 0.857897
vn 0.022810 0.987438 -0.156355
vn -0.326911 0.416576 0.848289
vn -0.283987 -0.276434 -0.918115
vn -0.053509 0.952482 -0.299859
vn -0.249819 -0.327283 -0.911304
vn -0.061664 -0.408740 -0.910565
vn -0.544219 -0.435179 -0.717248
vn -0.685866 -0.059305 0.725307
vn -0.640335 0.608659 0.468514
vn -0.739786 0.443064 0.506371
vn -0.549961 0.302849 0.778348
vn -0.791565 0.443271 0.420637
vn -0.882581 0.399863 0.247306
vn -0.273568 0.094925 0.957157
vn -0.156269 0.477106 0.864841
vn -0.665328 0.484098 0.568319
vn -0.412905 0.392138 0.822033
vn 0.226417 0.381243 0.896320
vn 0.763706 -0.398070 -0.508226
vn 0.736562 -0.443444 -0.510719
vn 0.699099 -0.468060 -0.540538
vn -0.079573 -0.386505 -0.918848
vn -0.506171 0.770499 0.387456
vn -0.716097 0.559561 0.417249
vn -0.699306 0.544146 0.463547
vn 0.164012 0.473276 0.865511
vn -0.527277 0.607008 0.594576
vn -0.464809 0.054667 0.883722
vn 0.747249 -0.532663 -0.397353
vn 0.578338 0.069703 0.812814
vn 0.874125 -0.345266 -0.341608
vn -0.121923 0.234377 0.964470
vn -0.355535 0.444863 0.822004
vn 0.402352 0.285003 0.869992
vn -0.781547 0.422666 0.458845
vn -0.619807 0.573653 0.535502
vn -0.794379 0.485611 0.364889
vn -0.230139 0.531430 0.815241
vn -0.373856 0.775946 0.508075
vn 0.844591 -0.439751 -0.305427
vn 0.827087 -0.552338 -0.104166
vn 0.799444 -0.467969 -0.376688
vn -0.150475 -0.333057 -0.930823
vn -0.055340 -0.433729 -0.899342
vn 0.152544 0.460592 0.874405
vn 0.154648 0.974834 0.160569
vn -0.299279 0.939618 -0.165981
vn 0.115437 0.562053 0.819006
vn -0.242330 -0.253907 -0.936380
vn 0.798056 -0.471340 -0.375425
vn 0.903657 -0.089848 0.418726
vn 0.818092 -0.515995 -0.253919
vn -0.499908 -0.369331 -0.783382
vn 0.780167 -0.537443 -0.320147
vn -0.635486 0.675236 0.374452
vn -0.795943 -0.013883 -0.605212
vn -0.294963 -0.380262 -0.876583
vn -0.456510 0.476878 0.751123
vn 0.657721 0.127464 -0.742399
vn 0.697887 -0.458871 -0.549901
vn 0.718489 -0.695104 0.024576
vn -0.793017 0.508564 0.335392
vn -0.629188 0.619017 0.470043
vn -0.801392 -0.024460 -0.597639
vn 0.506306 -0.471821 -0.721830
vn -0.530872 -0.217598 -0.819040
vn -0.739715 0.442799 0.506706
vn -0.036370 0.530108 0.847150
vn 0.238446 0.386791 0.890807
vn -0.712604 0.369079 0.596637
vn 0.612198 0.073182 0.787311
vn 0.358463 -0.495286 -0.791326
vn -0.636500 0.288128 0.715437
vn -0.868920 -0.009012 -0.494870
vn -0.475629 -0.354808 -0.804915
vn 0.910369 -0.272117 -0.311739
vn -0.658123 0.495451 0.566924
vn 0.818830 -0.447791 -0.359166
vn 0.717337 -0.469321 -0.514943
vn -0.341281 0.671289 0.657950
vn 0.809420 -0.457926 -0.367619
vn -0.848694 -0.300676 -0.435101
vn -0.288092 0.517543 0.805700
vn 0.725803 -0.479347 -0.493393
vn 0.313675 -0.405600 -0.858543
vn -0.582785 -0.227551 -0.780117
vn -0.692697 -0.319716 -0.646492
vn -0.863449 0.214030 0.456780
vn -0.286081 0.461091 0.839972
vn 0.979520 -0.165194 0.115119
vn -0.681603 0.282812 0.674859
vn 0.104591 -0.251261 0.962252
vn -0.623542 0.459047 0.632828
vn -0.204378 -0.418525 -0.884911
vn 0.473916 -0.480863 -0.737682
vn -0.118588 0.722244 0.681396
vn -0.007698 -0.446724 -0.894639
vn -0.782880 0.570040 -0.249305
vn -0.747133 0.647689 -0.149299
vn -0.791184 0.611227 0.020728
vn 0.838493 -0.429914 0.334818
vn 0.817283 -0.489271 0.304406
vn 0.878529 -0.475175 -0.048951
vn 0.510436 -0.432312 -0.743344
vn 0.502425 -0.466615 -0.727901
vn 0.729928 -0.649943 -0.211610
vn 0.720184 -0.585992 0.371414
vn 0.770944 -0.616289 -0.160728
vn -0.869800 0.459554 -0.179604
vn -0.803366 0.583172 0.120472
vn 0.759842 -0.555650 0.337481
vn 0.766818 -0.549629 0.331510
vn -0.773071 0.491642 0.400811
vn -0.767039 0.626751 0.137240
vn -0.826113 0.516478 -0.225362
vn 0.537644 -0.425831 -0.727741
vn 0.718736 -0.251260 0.648295
vn -0.135436 -0.323651 -0.936433
vn 0.529962 -0.552507 -0.643332
vn 0.180567 0.002638 -0.983559
vn -0.445750 0.517524 0.730394
vn 0.103397 -0.509660 -0.854140
vn -0.519251 0.467223 0.715599
vn -0.460020 0.390695 0.797332
vn 0.148948 -0.583826 -0.798099
vn -0.444822 0.644201 0.622204
vn -0.461372 0.501031 0.732191
vn -0.667962 0.595669 0.446100
vn 0.063964 0.344149 -0.936734
vn 0.270266 -0.468137 -0.841311
vn 0.451767 -0.453638 -0.768192
vn 0.765680 -0.142193 -0.627308
vn 0.596227 -0.317271 -0.737464
vn -0.693696 0.528226 0.489657
vn 0.438269 -0.521676 -0.731966
vn 0.547855 -0.508753 -0.664097
vn 0.826069 -0.491364 0.275992
vn -0.716569 0.501873 0.484410
vn 0.366092 -0.362176 -0.857208
vn -0.714203 0.564676 0.413587
vn 0.310753 0.158821 -0.937128
vn -0.935588 0.269937 0.227615
vn -0.493397 0.720700 0.486982
vn 0.467122 -0.544329 -0.696781
vn 0.398584 -0.565330 -0.722172
vn -0.602784 0.569669 0.558685
vn -0.826470 -0.057516 -0.560035
vn -0.643131 0.554663 0.527951
vn -0.132452 -0.043714 -0.990225
vn 0.694159 -0.538734 0.477399
vn 0.793459 -0.536581 0.287234
vn -0.427977 0.491744 0.758303
vn -0.723717 0.650553 0.230249
vn -0.717422 0.658296 0.227930
vn 0.757466 -0.478289 0.444393
vn -0.781513 0.609234 -0.134431
vn -0.818357 0.542852 -0.188692
vn 0.792107 -0.344962 0.503555
vn 0.707509 -0.488396 0.510784
vn 0.416433 -0.395523 -0.818624
vn -0.599354 0.608764 0.519790
vn -0.817971 0.561577 0.124718
vn 0.421721 -0.522536 0.741017
vn -0.673322 0.627184 0.391507
vn -0.525137 0.570622 0.631365
vn -0.802973 0.570333 -0.173077
vn -0.630250 0.712033 0.309507
vn -0.717665 0.547159 -0.430784
vn 0.611524 -0.607284 -0.507193
vn 0.740767 -0.536600 0.404135
vn 0.741783 -0.558316 0.371539
vn 0.788695 -0.604595 0.111469
vn -0.650468 0.641166 0.407183
vn 0.807434 -0.491484 0.326334
vn -0.614520 0.784530 0.082939
vn 0.410613 -0.495680 0.765310
vn 0.484701 -0.561841 -0.670373
vn 0.452328 -0.767062 -0.454990
vn -0.599458 0.548751 0.582686
vn 0.952202 -0.050833 0.301210
vn 0.788367 -0.461574 0.406728
vn -0.790394 0.404913 0.459698
vn -0.323377 -0.423512 0.846206
vn 0.735928 0.113908 0.667409
vn -0.226766 0.329831 0.916400
vn -0.642735 0.251101 -0.723768
vn 0.545156 0.280734 0.789933
vn 0.605505 0.363897 0.707773
vn 0.737925 0.311514 0.598686
vn -0.491797 -0.131777 -0.860680
vn -0.512282 -0.194204 -0.836572
vn -0.782307 -0.153586 -0.603661
vn -0.961774 -0.222536 0.159587
vn -0.955116 -0.257840 0.145851
vn -0.829032 -0.364729 -0.423886
vn -0.425265 -0.319078 -0.846959
vn -0.816103 -0.320312 -0.481016
vn 0.623042 0.146234 0.768398
vn 0.804132 0.279063 0.524876
vn -0.467513 -0.276582 -0.839604
vn -0.474763 -0.268463 -0.838169
vn 0.940985 0.197451 0.274883
vn 0.800798 0.331934 0.498541
vn 0.577276 0.215357 0.787638
vn -0.969226 -0.207649 0.132227
vn -0.155049 -0.009496 -0.987861
vn -0.599735 -0.331978 0.728086
vn -0.942366 -0.331242 0.047174
vn -0.768487 0.081937 0.634598
vn 0.929963 0.324689 -0.172468
vn -0.765192 -0.429153 0.479905
vn 0.959220 0.253035 -0.125979
vn 0.950082 0.199093 -0.240224
vn -0.780721 -0.484935 0.394097
vn 0.892409 0.446492 -0.065199
vn 0.937863 0.303895 -0.167516
vn 0.923382 0.329695 0.196638
vn -0.564528 0.363950 0.740844
vn -0.864415 -0.334565 0.375303
vn -0.941923 -0.261735 0.210417
vn -0.990626 0.133828 -0.027376
vn -0.988403 -0.085592 0.125433
vn 0.952164 0.256695 0.165807
vn -0.926772 -0.331069 0.177447
vn -0.957008 -0.283630 0.060752
vn -0.537595 -0.192690 -0.820891
vn 0.958012 0.224326 0.178583
vn -0.914774 -0.202404 0.349601
vn 0.926842 0.285684 0.243616
vn -0.789334 0.271684 0.550581
vn 0.884837 -0.062367 0.461708
vn 0.859115 0.505007 0.083004
vn -0.930360 -0.343471 0.128285
vn -0.903764 -0.385649 0.185704
vn 0.943520 0.324756 0.065606
vn 0.207229 -0.319189 0.924756
vn 0.948189 0.297744 0.110840
vn -0.562657 -0.066111 0.824043
vn -0.325178 -0.285294 -0.901591
vn -0.519086 -0.246409 -0.818433
vn 0.928679 0.305782 -0.209888
vn 0.836923 0.367015 0.406030
vn 0.832992 0.376459 0.405467
vn -0.375646 -0.206552 -0.903453
vn 0.629427 0.315889 0.709955
vn 0.602651 0.242086 0.760399
vn -0.326355 -0.070489 -0.942615
vn -0.299563 -0.234048 -0.924923
vn -0.934257 -0.217778 0.282377
vn 0.926109 0.363503 0.100939
vn 0.811551 0.253753 0.526302
vn 0.044508 -0.366116 -0.929504
vn 0.899979 0.358671 0.247776
vn 0.935944 0.350159 -0.037398
vn 0.609181 0.272816 0.744627
vn 0.838443 0.454612 0.300568
vn 0.374492 0.284478 0.882512
vn -0.926158 -0.358291 -0.117726
vn -0.405473 -0.266296 -0.874459
vn -0.433194 -0.285788 -0.854792
vn -0.648263 -0.308671 -0.696044
vn 0.897659 0.379172 0.224583
vn -0.491581 -0.200005 -0.847553
vn 0.698867 0.532603 0.477408
vn 0.075355 -0.344987 -0.935578
vn -0.930292 -0.354622 0.093806
vn -0.821378 -0.563034 -0.091276
vn 0.951246 0.305685 0.041085
vn -0.493967 0.264096 -0.828402
vn -0.417715 -0.179749 -0.890620
vn 0.968663 0.108785 0.223291
vn 0.668862 -0.523579 -0.527721
vn -0.057961 0.340016 -0.938632
vn 0.845742 0.217279 -0.487350
vn 0.051817 0.036189 0.998001
vn 0.519502 0.560311 -0.645111
vn 0.804566 0.499179 0.321706
vn 0.003009 -0.069149 0.997602
vn 0.396450 -0.414262 0.819277
vn -0.622071 -0.223194 -0.750475
vn 0.220570 0.463181 -0.858378
vn 0.328287 0.477712 -0.814874
vn -0.110048 -0.410194 0.905335
vn -0.213322 -0.426655 0.878897
vn 0.929122 0.356658 -0.097612
vn -0.173529 -0.506717 0.844468
vn -0.226787 -0.465722 0.855377
vn 0.635752 0.642034 -0.428500
vn 0.142534 0.497414 -0.855724
vn 0.698652 0.668433 -0.255115
vn -0.759421 -0.640297 -0.115325
vn -0.754111 -0.645554 -0.120739
vn -0.724095 -0.679248 -0.119616
vn -0.372369 -0.502415 0.780334
vn -0.351361 -0.433119 0.830032
vn -0.323566 -0.423789 0.845995
vn -0.831010 -0.545840 -0.107153
vn -0.838227 -0.545307 -0.003940
vn -0.795897 -0.581645 -0.168039
vn 0.733285 0.675043 -0.081300
vn 0.759002 0.644741 -0.090692
vn 0.754240 0.630023 -0.184914
vn 0.739590 0.672333 0.031216
vn 0.777022 0.629113 -0.021279
vn 0.788335 0.604794 -0.112924
vn 0.396494 0.650645 -0.647653
vn 0.466040 0.567289 -0.678962
vn 0.296480 0.553320 -0.778419
vn 0.375253 0.635562 -0.674719
vn 0.439468 0.674464 -0.593268
vn 0.429675 0.565778 -0.703758
vn 0.535347 0.573556 -0.620030
vn 0.519894 -0.256022 0.814962
vn 0.100135 -0.478638 0.872284
vn -0.317277 -0.488347 0.812928
vn 0.969416 0.184749 -0.161559
vn 0.112473 -0.658849 0.743820
vn -0.242095 -0.577034 0.780014
vn -0.238818 -0.664773 0.707844
vn -0.243922 -0.586600 0.772271
vn -0.747546 -0.648149 -0.145183
vn -0.692332 -0.643632 0.326213
vn -0.606800 -0.700688 0.375273
vn -0.797492 -0.578831 -0.170179
vn -0.654978 -0.673251 -0.343127
vn 0.418321 0.380984 -0.824536
vn -0.632709 -0.459980 -0.622975
vn 0.229303 0.363699 -0.902853
vn -0.530603 -0.286146 -0.797861
vn -0.877045 -0.480214 0.013642
vn 0.697229 0.660076 -0.279590
vn -0.396272 0.789906 0.467993
vn -0.900991 -0.430713 -0.051975
vn 0.423561 0.905042 -0.038659
vn 0.829398 0.022511 -0.558205
vn 0.857497 0.485255 -0.170957
vn -0.634822 -0.689599 -0.348505
vn -0.309822 -0.501203 0.807964
vn -0.287377 -0.562288 0.775401
vn 0.156184 0.850846 0.501664
vn 0.331528 0.618391 -0.712518
vn -0.274420 0.945454 0.175531
vn 0.671855 0.569772 -0.473256
vn -0.241409 -0.379606 0.893096
vn -0.287752 0.897515 0.334163
vn -0.256536 -0.432110 0.864564
vn -0.394319 -0.531437 0.749725
vn 0.109151 -0.479041 0.870980
vn 0.973413 0.120292 -0.194930
vn 0.678269 0.734241 0.029007
vn 0.808125 0.587245 0.045589
vn 0.831969 0.470407 -0.294184
vn 0.801572 0.579982 0.145267
vn 0.784728 0.520794 0.336119
vn 0.744816 0.264194 -0.612741
vn 0.533015 0.614241 -0.581896
vn 0.775927 0.629191 -0.045346
vn 0.730687 0.550656 -0.403578
vn 0.257826 0.485346 -0.835443
vn -0.836146 -0.545728 -0.055143
vn -0.807908 -0.587936 -0.040211
vn -0.790271 -0.612743 0.004198
vn -0.388298 -0.508965 0.768231
vn 0.496633 0.867536 0.027140
vn 0.718917 0.686092 0.111517
vn 0.734083 0.676112 0.063212
vn 0.275236 0.577675 -0.768464
vn 0.658296 0.739803 -0.139061
vn 0.864770 0.233295 -0.444686
vn -0.737438 -0.659872 -0.144064
vn -0.020711 0.130354 -0.991251
vn -0.840364 -0.480293 -0.251210
vn 0.602704 0.386854 -0.697920
vn 0.675352 0.596612 -0.433535
vn 0.117162 0.368699 -0.922136
vn 0.818529 0.564386 0.107136
vn 0.705414 0.707695 -0.039496
vn 0.765207 0.613598 0.194825
vn 0.555499 0.667859 -0.495365
vn 0.456824 0.877288 -0.147232
vn -0.780034 -0.564786 -0.269375
vn -0.633237 -0.643701 -0.429722
vn -0.778952 -0.598528 -0.187076
vn -0.346841 -0.450903 0.822428
vn -0.388852 -0.554989 0.735378
vn 0.291675 0.567705 -0.769829
vn -0.200051 0.966778 -0.159126
vn -0.011454 0.930076 0.367190
vn 0.273170 0.663038 -0.696964
vn -0.289201 -0.364455 0.885175
vn -0.776546 -0.601512 -0.187508
vn -0.478764 -0.118745 -0.869877
vn -0.716612 -0.629367 -0.300606
vn 0.024852 -0.428696 0.903107
vn -0.719678 -0.656441 -0.226162
vn 0.609981 0.785192 0.106753
vn 0.304163 -0.022144 0.952363
vn -0.191469 -0.474397 0.859236
vn 0.711526 0.627900 -0.315393
vn -0.971893 -0.052917 0.229400
vn -0.796134 -0.604979 0.013080
vn -0.448605 -0.753753 -0.480219
vn 0.743567 0.631633 0.219427
vn 0.668363 0.743511 0.021947
vn 0.314636 -0.030858 0.948711
vn -0.736101 -0.623673 0.263034
vn 0.003976 -0.281608 0.959521
vn 0.808301 0.587027 0.045260
vn 0.417144 0.651412 -0.633762
vn 0.244053 0.488745 -0.837596
vn 0.849647 0.525152 -0.048118
vn -0.063049 0.126494 -0.989962
vn -0.651845 -0.641927 0.403767
vn 0.868915 0.455437 -0.193813
vn 0.424545 0.006597 0.905383
vn -0.009381 -0.420118 0.907421
vn -0.865234 -0.407622 -0.291917
vn 0.767388 0.639407 -0.047683
vn -0.788163 -0.578062 -0.211290
vn -0.790357 -0.612040 -0.027248
vn 0.532823 0.793366 -0.294399
vn -0.783605 -0.588322 -0.199601
vn 0.491476 -0.273410 0.826861
vn 0.599306 0.658732 -0.454868
vn -0.783340 -0.619557 -0.050288
vn -0.668808 -0.559147 0.489949
vn 0.069571 -0.280260 0.957400
vn 0.249420 -0.339684 0.906865
vn 0.919000 0.367305 0.143269
vn 0.626606 0.608117 -0.487400
vn -0.698512 -0.245914 -0.672017
vn 0.883377 0.448791 -0.135026
vn 0.500939 -0.114355 -0.857895
vn 0.782804 0.609881 -0.123544
vn -0.262864 -0.522574 0.811060
vn -0.717332 -0.631603 0.294131
vn 0.357438 0.824099 -0.439430
vn -0.422490 -0.571962 0.703109
vn -0.312213 0.399383 -0.861984
vn 0.667899 0.412886 -0.619222
vn 0.864832 0.049824 0.499584
vn 0.919588 -0.366939 0.140406
vn -0.954493 -0.218769 0.202693
vn -0.643974 0.321662 -0.694140
vn -0.552591 0.325607 -0.767218
vn 0.738582 -0.279929 0.613299
vn 0.664229 -0.284387 0.691321
vn 0.372990 0.205273 -0.904844
vn 0.656988 -0.372847 0.655250
vn 0.638329 -0.323621 0.698431
vn -0.069131 0.488626 -0.869750
vn -0.682038 0.366829 -0.632662
vn 0.111436 0.526063 -0.843113
vn -0.462702 -0.533571 0.707961
vn -0.464541 -0.540141 0.701747
vn -0.447425 -0.577428 0.682926
vn 0.501315 -0.347632 0.792361
vn 0.552698 -0.276682 0.786112
vn 0.580198 -0.269620 0.768554
vn -0.494583 -0.429508 0.755586
vn -0.409133 -0.415718 0.812274
vn -0.528367 -0.476948 0.702388
vn 0.278736 0.548171 -0.788552
vn 0.284504 0.513590 -0.809495
vn 0.201212 0.488651 -0.848961
vn 0.379127 0.557933 -0.738223
vn 0.353981 0.503869 -0.787917
vn 0.281303 0.467491 -0.838046
vn -0.379123 0.505519 -0.775059
vn -0.368582 0.409914 -0.834337
vn -0.539442 0.408783 -0.736138
vn -0.412732 0.490547 -0.767474
vn -0.311247 0.529186 -0.789359
vn -0.408263 0.410720 -0.815249
vn -0.282981 0.413089 -0.865609
vn 0.973246 -0.229728 0.004058
vn 0.818020 -0.381308 0.430637
vn 0.556781 -0.337870 0.758840
vn 0.343309 0.023003 -0.938941
vn 0.718810 -0.575358 0.390224
vn 0.568939 -0.439712 0.694955
vn 0.510952 -0.534937 0.672883
vn 0.561624 -0.449765 0.694471
vn -0.482257 -0.546531 0.684640
vn -0.047628 -0.494181 0.868053
vn 0.039550 -0.556722 0.829757
vn -0.531104 -0.474208 0.702179
vn -0.605740 -0.607954 0.513294
vn -0.512634 0.216484 -0.830868
vn -0.842589 -0.434774 0.317828
vn -0.674947 0.217397 -0.705114
vn -0.947406 -0.299383 0.113105
vn -0.415490 -0.344101 0.841999
vn 0.089844 0.515157 -0.852374
vn 0.180369 0.888495 0.421951
vn -0.485703 -0.299798 0.821105
vn 0.152519 0.823724 -0.546092
vn -0.064722 -0.163258 -0.984458
vn 0.269680 0.333226 -0.903456
vn -0.599731 -0.627550 0.496491
vn 0.556643 -0.352161 0.752418
vn 0.541695 -0.419261 0.728551
vn 0.485914 0.872934 -0.043297
vn -0.466871 0.475485 -0.745618
vn -0.015446 0.989151 0.146085
vn -0.087384 0.407136 -0.909178
vn 0.660908 -0.232441 0.713563
vn 0.116239 0.962764 0.244080
vn 0.630250 -0.285231 0.722099
vn 0.464714 -0.376617 0.801374
vn 0.821449 -0.383154 0.422392
vn 0.318472 -0.044854 -0.946870
vn 0.344446 0.627311 -0.698454
vn 0.428649 0.466184 -0.773907
vn 0.150890 0.307708 -0.939440
vn 0.511619 0.471801 -0.718088
vn 0.669691 0.438682 -0.599227
vn -0.161757 0.079893 -0.983591
vn -0.252470 0.457916 -0.852392
vn 0.332650 0.501251 -0.798807
vn 0.002987 0.388152 -0.921591
vn -0.606079 0.340801 -0.718696
vn -0.452275 -0.422498 0.785457
vn -0.423876 -0.466257 0.776488
vn -0.375899 -0.487905 0.787813
vn 0.483041 -0.353212 0.801195
vn 0.247276 0.784165 -0.569157
vn 0.437617 0.583937 -0.683746
vn 0.403860 0.566228 -0.718529
vn -0.542291 0.436945 -0.717635
vn 0.189124 0.615735 -0.764920
vn 0.044694 0.052200 -0.997636
vn -0.475841 -0.559370 0.678734
vn -0.870127 0.013607 -0.492640
vn -0.625650 -0.380832 0.680830
vn -0.310614 0.210744 -0.926880
vn -0.052148 0.437710 -0.897603
vn -0.748242 0.236147 -0.619975
vn 0.487717 0.449522 -0.748373
vn 0.299790 0.589211 -0.750304
vn 0.535059 0.515927 -0.668977
vn -0.168071 0.517615 -0.838944
vn 0.076390 0.778810 -0.622590
vn -0.608370 -0.474671 0.636061
vn -0.670440 -0.592306 0.446859
vn -0.535753 -0.498227 0.681718
vn 0.548950 -0.295705 0.781801
vn 0.455799 -0.402243 0.794008
vn -0.534884 0.424625 -0.730474
vn -0.267530 0.959761 -0.085367
vn 0.282960 0.958944 0.018956
vn -0.484200 0.529582 -0.696486
vn 0.629532 -0.211623 0.747600
vn -0.534822 -0.501556 0.680005
vn -0.988545 -0.150898 0.002850
vn -0.601417 -0.550940 0.578587
vn 0.805184 -0.317765 0.500703
vn -0.537872 -0.568279 0.622698
vn 0.375611 0.696399 -0.611510
vn 0.976071 0.047349 0.212235
vn 0.659717 -0.336764 0.671836
vn 0.067117 0.477247 -0.876203
vn -0.289995 0.114914 0.950104
vn -0.371421 -0.478380 0.795738
vn -0.617673 -0.732959 0.285047
vn 0.544848 0.539672 -0.641790
vn 0.333079 0.637007 -0.695184
vn 0.978459 0.036850 0.203124
vn -0.124827 -0.475765 0.870670
vn 0.838899 -0.163567 0.519128
vn 0.428460 0.465906 -0.774180
vn -0.356751 0.504950 -0.785974
vn -0.614979 0.345865 -0.708645
vn 0.370558 0.388106 -0.843837
vn -0.890226 0.016054 -0.455236
vn 0.039669 -0.489138 0.871304
vn 0.256608 0.299581 -0.918915
vn 0.995289 0.052714 0.081366
vn 0.791401 -0.303904 0.530402
vn -0.675529 -0.310680 0.668685
vn 0.326021 0.512239 -0.794558
vn -0.561918 -0.479664 0.673922
vn -0.403111 -0.490927 0.772330
vn -0.009818 0.667995 -0.744101
vn -0.549219 -0.489015 0.677660
vn 0.969730 -0.241316 0.037297
vn -0.110764 0.507147 -0.854712
vn -0.419237 -0.502050 0.756430
vn 0.103007 -0.395158 0.912820
vn 0.870074 -0.171924 0.461967
vn 0.918862 -0.262151 0.294906
vn 0.575516 0.245727 -0.780000
vn -0.123557 0.449639 -0.884623
vn -0.924582 -0.220806 0.310472
vn 0.314845 0.297937 -0.901169
vn -0.484759 -0.286013 -0.826562
vn 0.269194 0.472026 -0.839480
vn 0.583622 -0.379542 0.717867
vn -0.088284 -0.482569 0.871397
vn -0.224315 0.706221 -0.671516
vn 0.411511 -0.417905 0.809947
vn 0.958542 0.256679 0.123747
vn 0.312702 0.308691 0.898292
vn -0.817218 0.128874 0.561735
vn -0.582936 -0.339887 0.738012
vn 0.210575 -0.183536 -0.960194
vn 0.945228 0.206773 -0.252564
vn 0.970173 0.198995 -0.138442
vn -0.909420 -0.178487 0.375630
vn -0.946336 -0.170427 0.274597
vn 0.666170 0.058166 0.743529
vn -0.923857 -0.263511 0.277580
vn -0.946817 -0.208021 0.245490
vn 0.870873 0.343520 0.351531
vn 0.914048 0.261178 -0.310326
vn 0.772915 0.384715 0.504576
vn -0.499185 -0.413678 -0.761371
vn -0.493810 -0.421155 -0.760776
vn -0.490035 -0.460970 -0.739846
vn -0.972957 -0.216720 0.079921
vn -0.979949 -0.147681 0.133753
vn -0.975528 -0.143514 0.166579
vn -0.512390 -0.303344 -0.803392
vn -0.598354 -0.280688 -0.750458
vn -0.457146 -0.358666 -0.813865
vn 0.653886 0.415238 0.632464
vn 0.664937 0.377757 0.644328
vn 0.733097 0.346843 0.585037
vn 0.566379 0.432902 0.701292
vn 0.613756 0.371600 0.696575
vn 0.685037 0.327691 0.650648
vn 0.926290 0.375335 0.033312
vn 0.960450 0.271493 0.061862
vn 0.948749 0.286065 -0.134322
vn 0.932267 0.361768 -0.001205
vn 0.912376 0.396411 0.102117
vn 0.961179 0.275338 0.017996
vn 0.950809 0.269629 0.152522
vn -0.466210 -0.226205 0.855266
vn -0.797219 -0.307732 0.519368
vn -0.966359 -0.212438 0.144987
vn 0.683375 -0.127207 0.718900
vn -0.745408 -0.505738 0.434276
vn -0.929724 -0.323174 0.176556
vn -0.898207 -0.420696 0.127429
vn -0.927506 -0.333175 0.169494
vn -0.471750 -0.430192 -0.769666
vn -0.818613 -0.349266 -0.455946
vn -0.832140 -0.417125 -0.365446
vn -0.455360 -0.355994 -0.816036
vn -0.274255 -0.518173 -0.810112
vn 0.993281 0.081107 -0.082546
vn 0.028253 -0.378400 -0.925211
vn 0.953692 0.102095 -0.282927
vn 0.275254 -0.277419 -0.920475
vn -0.611621 -0.205243 -0.764064
vn 0.789089 0.372473 0.488470
vn -0.326145 0.944447 0.040608
vn -0.555769 -0.164839 -0.814831
vn 0.534315 0.725973 0.432979
vn 0.877177 -0.318316 0.359494
vn 0.728879 0.184707 0.659256
vn -0.264832 -0.540200 -0.798779
vn -0.962655 -0.227571 0.146654
vn -0.944525 -0.297619 0.138911
vn -0.051190 0.854792 0.516441
vn 0.934656 0.350392 -0.060369
vn 0.019074 0.999788 -0.007747
vn 0.902185 0.256783 0.346590
vn -0.957132 -0.115597 0.265587
vn -0.129645 0.989373 0.065833
vn -0.958716 -0.166345 0.230635
vn -0.968931 -0.243892 0.041108
vn -0.791694 -0.310871 0.525908
vn 0.691647 -0.195458 0.695284
vn 0.556401 0.507742 0.657736
vn 0.562982 0.336630 0.754806
vn 0.809546 0.153781 0.566556
vn 0.477711 0.351079 0.805317
vn 0.297894 0.337348 0.893004
vn 0.954073 -0.078138 0.289206
vn 0.932050 0.315988 0.177299
vn 0.632444 0.367279 0.681998
vn 0.870560 0.236053 0.431746
vn 0.952987 0.221743 -0.206510
vn -0.556525 -0.291658 -0.777956
vn -0.567386 -0.336290 -0.751653
vn -0.601700 -0.355855 -0.715070
vn -0.973512 -0.220817 0.059281
vn 0.507243 0.683232 0.525261
vn 0.496025 0.467265 0.731863
vn 0.539202 0.444233 0.715485
vn 0.937651 0.316820 -0.142956
vn 0.682195 0.485715 0.546527
vn 0.871392 -0.107733 0.478611
vn -0.471190 -0.443810 -0.762242
vn 0.822489 -0.065147 -0.565038
vn -0.381334 -0.267216 -0.884974
vn 0.988304 0.060099 0.140158
vn 0.880753 0.288809 0.375318
vn 0.913328 0.134202 -0.384477
vn 0.511898 0.324253 0.795500
vn 0.616588 0.461856 0.637580
vn 0.430181 0.402478 0.808057
vn 0.891423 0.377062 0.251376
vn 0.629255 0.669428 0.394846
vn -0.362748 -0.367000 -0.856577
vn -0.184603 -0.513326 -0.838104
vn -0.438625 -0.382971 -0.812983
vn -0.977200 -0.167148 0.130928
vn -0.962139 -0.270364 0.034511
vn 0.943989 0.302607 -0.131583
vn 0.331176 0.933844 -0.135122
vn -0.004403 0.949652 0.313276
vn 0.906536 0.411641 -0.093516
vn -0.970445 -0.089610 0.224068
vn -0.437994 -0.386531 -0.811637
vn 0.412340 -0.148436 -0.898856
vn -0.325833 -0.451466 -0.830669
vn -0.844513 -0.233818 0.481795
vn -0.395444 -0.461546 -0.794103
vn 0.475524 0.589821 0.652677
vn -0.612170 0.080552 0.786612
vn -0.934586 -0.225243 0.275345
vn 0.814801 0.331247 0.475789
vn -0.697052 0.265134 -0.666200
vn -0.609333 -0.345189 -0.713834
vn -0.084720 -0.678010 -0.730154
vn 0.405178 0.430258 0.806665
vn 0.559912 0.517836 0.646796
vn -0.606659 0.068732 0.791985
vn -0.784208 -0.330662 -0.525053
vn -0.853638 -0.078658 0.514894
vn 0.563267 0.336312 0.754735
vn 0.925999 0.373029 0.058103
vn 0.948740 0.228348 -0.218519
vn 0.639389 0.248394 0.727655
vn 0.798583 -0.056759 -0.599202
vn -0.859314 -0.343775 -0.378680
vn 0.743525 0.149027 0.651891
vn -0.503971 0.064955 0.861275
vn -0.862748 -0.215393 0.457462
vn -0.338508 -0.199899 -0.919485
vn 0.633181 0.378805 0.674973
vn -0.417508 -0.365888 -0.831753
vn -0.576403 -0.361309 -0.732950
vn 0.759078 0.540642 0.362639
vn -0.427766 -0.374524 -0.822647
vn -0.495758 -0.232338 0.836805
vn 0.878587 0.364207 0.308929
vn -0.556793 -0.374827 -0.741274
vn -0.910594 -0.244377 -0.333315
vn -0.817969 -0.096035 0.567190
vn -0.704458 -0.211778 0.677414
vn 0.471962 0.118017 0.873684
vn 0.902494 0.302663 0.306431
vn 0.101612 -0.168344 -0.980477
vn 0.701858 0.150233 0.696294
vn 0.905201 -0.414261 -0.094863
vn 0.692303 0.331940 0.640728
vn -0.947885 -0.260118 0.183989
vn -0.801960 -0.337267 -0.493063
vn 0.794967 0.589982 0.141243
vn -0.958946 -0.283278 -0.013278
s 1
g SM_TallFoliageBig
usemtl lambert11SG
f 3/2/1 2/3/2 4/202/3
f 2/3/2 3/2/1 1/218/4
f 2/3/2 1/218/4 4/202/3
f 59/5/5 63/6/6 49/7/7
f 4/4/3 109/8/8 97/9/9
f 3/2/1 6/213/10 1/218/4
f 54/11/11 13/12/12 109/8/8
f 30/13/13 150/14/14 83/15/15
f 161/16/16 110/17/17 14/18/18
f 21/181/19 154/20/20 126/21/21
f 62/22/22 40/23/23 71/24/24
f 16/25/25 144/26/26 22/27/27
f 32/28/28 26/29/29 27/30/30
f 36/210/31 91/32/32 48/33/33
f 117/34/34 43/35/35 119/36/36
f 19/37/37 41/38/38 96/39/39
f 21/181/19 126/21/21 11/40/40
f 81/199/41 96/39/39 18/42/42
f 87/43/43 152/44/44 132/45/45
f 90/46/46 161/16/16 14/18/18
f 5/47/47 102/48/48 33/49/49
f 13/12/12 5/47/47 109/8/8
f 118/190/50 38/214/51 22/27/27
f 56/206/52 151/53/53 78/226/54
f 15/55/55 110/17/17 161/16/16
f 22/27/27 38/214/51 131/56/56
f 86/195/57 163/58/58 15/55/55
f 15/55/55 9/217/59 86/195/57
f 75/60/60 64/61/61 98/62/62
f 98/186/62 161/16/16 40/23/23
f 54/11/11 106/174/63 13/12/12
f 100/64/64 152/44/44 87/43/43
f 95/188/65 65/66/66 128/67/67
f 65/66/66 39/208/68 3/2/1
f 21/181/19 11/40/40 10/212/69
f 43/35/35 117/34/34 113/180/70
f 21/181/19 69/71/71 34/72/72
f 45/73/73 113/180/70 55/74/74
f 77/75/75 143/76/76 114/77/77
f 83/15/15 124/78/78 58/79/79
f 81/199/41 18/42/42 23/182/80
f 119/36/36 43/35/35 19/198/37
f 29/81/81 24/82/82 70/83/83
f 65/66/66 3/2/1 146/84/84
f 104/85/85 17/86/86 8/87/87
f 34/72/72 72/88/88 21/181/19
f 157/89/89 133/90/90 60/91/91
f 115/92/92 91/32/32 55/74/74
f 148/93/93 32/28/28 27/30/30
f 26/29/29 42/94/94 27/30/30
f 17/86/86 44/95/95 8/87/87
f 57/168/96 27/30/30 44/211/95
f 29/207/81 145/97/97 79/215/98
f 56/52/52 5/47/47 145/97/97
f 83/15/15 58/79/79 30/13/13
f 31/99/99 66/100/100 30/13/13
f 31/99/99 30/13/13 155/101/101
f 60/91/91 133/90/90 160/102/102
f 135/103/103 32/28/28 123/104/104
f 61/205/105 17/86/86 104/85/85
f 147/216/106 116/107/107 79/98/98
f 90/46/46 94/108/108 147/106/106
f 34/72/72 138/109/109 142/110/110
f 121/111/111 36/210/31 48/33/33
f 94/200/108 77/75/75 35/112/112
f 94/108/108 116/179/107 147/106/106
f 92/209/113 36/210/31 156/114/114
f 36/31/31 158/115/115 69/71/71
f 15/55/55 7/116/116 110/17/17
f 99/194/117 131/56/56 38/214/51
f 38/51/51 37/118/118 99/117/117
f 37/118/118 38/51/51 118/50/50
f 39/208/68 6/213/10 3/2/1
f 54/11/11 52/119/119 106/174/63
f 40/23/23 28/120/120 98/186/62
f 88/193/121 157/89/89 64/61/61
f 129/122/122 10/212/69 68/123/123
f 43/35/35 127/124/124 19/198/37
f 44/211/95 27/30/30 42/94/94
f 74/125/125 40/23/23 157/197/89
f 129/175/122 43/35/35 10/69/69
f 43/35/35 113/180/70 10/69/69
f 8/87/87 44/95/95 130/126/126
f 44/211/95 42/94/94 82/196/127
f 55/74/74 91/32/32 45/73/73
f 36/31/31 69/71/71 20/204/128
f 46/129/129 61/105/105 104/185/85
f 92/209/113 156/114/114 138/170/109
f 134/130/130 105/131/131 47/132/132
f 63/6/6 73/224/133 49/7/7
f 50/134/134 123/104/104 48/33/33
f 50/134/134 115/92/92 89/135/135
f 49/7/7 73/224/133 111/219/136
f 59/5/5 49/7/7 67/137/137
f 50/134/134 160/102/102 133/90/90
f 135/103/103 123/104/104 50/134/134
f 47/132/132 105/131/131 51/138/138
f 111/219/136 67/137/137 49/7/7
f 39/68/68 93/189/139 54/11/11
f 93/139/139 39/208/68 65/66/66
f 53/140/140 134/130/130 47/132/132
f 47/132/132 51/138/138 53/140/140
f 109/8/8 112/141/141 54/11/11
f 39/68/68 54/11/11 112/141/141
f 50/134/134 89/135/135 160/102/102
f 31/99/99 89/135/135 66/100/100
f 70/83/83 56/206/52 29/81/81
f 56/52/52 145/97/97 29/207/81
f 44/95/95 85/142/142 57/96/96
f 61/205/105 148/169/93 85/142/142
f 153/143/143 58/79/79 124/78/78
f 9/59/59 157/89/89 60/91/91
f 105/131/131 59/5/5 51/138/138
f 78/184/54 107/144/144 56/52/52
f 31/99/99 155/101/101 60/91/91
f 60/91/91 155/101/101 144/26/26
f 61/105/105 32/28/28 148/93/93
f 61/105/105 46/129/129 32/28/28
f 8/87/87 130/126/126 140/145/145
f 104/85/85 8/87/87 140/145/145
f 3/2/1 4/202/3 101/146/146
f 70/83/83 151/53/53 56/206/52
f 9/59/59 98/62/62 64/61/61
f 9/59/59 64/61/61 157/89/89
f 128/67/67 65/66/66 150/14/14
f 65/66/66 146/84/84 150/14/14
f 150/14/14 30/13/13 66/100/100
f 119/36/36 81/41/41 23/80/80
f 136/147/147 59/5/5 67/137/137
f 136/147/147 67/225/137 162/148/148
f 68/123/123 10/212/69 11/40/40
f 96/39/39 132/45/45 18/42/42
f 69/71/71 21/181/19 45/203/73
f 20/204/128 69/71/71 45/203/73
f 141/149/149 3/2/1 70/83/83
f 70/83/83 3/2/1 101/146/146
f 12/150/150 62/22/22 71/24/24
f 102/48/48 12/150/150 71/24/24
f 34/72/72 142/110/110 72/88/88
f 154/20/20 108/151/151 126/21/21
f 76/201/152 97/9/9 103/172/153
f 76/152/152 137/173/154 149/155/155
f 40/23/23 74/125/125 28/120/120
f 75/60/60 88/193/121 64/61/61
f 159/156/156 88/193/121 75/60/60
f 98/62/62 28/164/120 75/60/60
f 4/4/3 97/9/9 76/201/152
f 4/202/3 76/152/152 101/146/146
f 139/157/157 94/200/108 122/158/158
f 120/159/159 153/143/143 124/78/78
f 78/54/54 59/5/5 105/131/131
f 78/54/54 151/221/53 59/5/5
f 24/82/82 29/81/81 79/98/98
f 150/14/14 146/84/84 83/15/15
f 140/145/145 130/126/126 62/22/22
f 62/22/22 12/150/150 108/151/151
f 119/36/36 19/198/37 81/41/41
f 96/39/39 81/199/41 19/37/37
f 40/23/23 82/127/127 157/197/89
f 40/23/23 62/22/22 130/126/126
f 83/15/15 141/149/149 143/76/76
f 83/15/15 143/76/76 139/157/157
f 84/160/160 108/151/151 12/150/150
f 84/160/160 12/150/150 102/48/48
f 17/86/86 61/205/105 85/142/142
f 17/86/86 85/142/142 44/95/95
f 131/56/56 99/194/117 86/57/57
f 86/57/57 9/59/59 16/25/25
f 87/43/43 84/160/160 102/48/48
f 126/21/21 108/151/151 84/160/160
f 74/125/125 88/121/121 159/165/156
f 157/89/89 88/193/121 74/192/125
f 117/34/34 119/36/36 89/135/135
f 117/34/34 89/135/135 115/92/92
f 13/12/12 102/48/48 5/47/47
f 100/64/64 13/12/12 106/174/63
f 36/210/31 20/128/128 91/32/32
f 91/32/32 20/128/128 45/73/73
f 158/115/115 138/109/109 34/72/72
f 69/71/71 158/115/115 34/72/72
f 52/119/119 54/11/11 93/189/139
f 95/65/65 106/174/63 52/119/119
f 90/46/46 14/18/18 94/108/108
f 94/108/108 118/50/50 122/191/158
f 95/188/65 93/139/139 65/66/66
f 93/189/139 95/65/65 52/119/119
f 68/123/123 132/45/45 96/39/39
f 68/123/123 96/39/39 41/38/38
f 109/8/8 5/47/47 97/9/9
f 5/47/47 56/52/52 107/144/144
f 98/186/62 15/55/55 161/16/16
f 98/62/62 9/59/59 15/187/55
f 99/117/117 163/58/58 86/195/57
f 7/116/116 99/117/117 37/118/118
f 102/48/48 100/64/64 87/43/43
f 13/12/12 100/64/64 102/48/48
f 59/5/5 151/221/53 63/6/6
f 73/224/133 63/6/6 151/221/53
f 102/48/48 71/24/24 90/46/46
f 102/48/48 90/46/46 147/106/106
f 137/222/154 73/224/133 151/221/53
f 73/133/133 134/130/130 53/140/140
f 104/85/85 25/161/161 125/171/162
f 25/161/161 104/85/85 140/145/145
f 97/183/9 78/54/54 105/131/131
f 134/130/130 97/183/9 105/131/131
f 18/42/42 132/45/45 152/44/44
f 18/42/42 152/44/44 23/182/80
f 107/144/144 78/184/54 97/9/9
f 5/47/47 107/144/144 97/9/9
f 62/22/22 108/151/151 140/145/145
f 72/88/88 80/163/163 108/151/151
f 1/1/4 109/8/8 4/4/3
f 1/1/4 112/141/141 109/8/8
f 110/17/17 7/116/116 37/118/118
f 14/18/18 110/17/17 37/118/118
f 73/133/133 53/140/140 111/136/136
f 67/137/137 111/219/136 162/220/148
f 112/141/141 6/10/10 39/68/68
f 112/141/141 1/1/4 6/10/10
f 113/180/70 21/19/19 10/69/69
f 113/70/70 45/203/73 21/181/19
f 35/112/112 77/75/75 114/77/77
f 35/178/112 116/179/107 94/108/108
f 48/33/33 91/32/32 115/92/92
f 48/33/33 115/92/92 50/134/134
f 79/98/98 116/107/107 114/77/77
f 114/77/77 116/107/107 35/112/112
f 113/180/70 117/34/34 55/74/74
f 117/34/34 115/92/92 55/74/74
f 14/18/18 37/118/118 118/50/50
f 14/18/18 118/50/50 94/108/108
f 119/36/36 23/80/80 66/100/100
f 89/135/135 119/36/36 66/100/100
f 120/159/159 139/157/157 122/158/158
f 153/143/143 120/159/159 22/27/27
f 36/210/31 121/111/111 156/114/114
f 121/111/111 48/33/33 123/104/104
f 22/27/27 122/158/158 118/190/50
f 22/27/27 120/159/159 122/158/158
f 46/129/129 123/104/104 32/28/28
f 156/114/114 121/111/111 123/104/104
f 124/78/78 83/15/15 139/157/157
f 120/159/159 124/78/78 139/157/157
f 46/129/129 104/185/85 125/162/162
f 125/162/162 123/104/104 46/129/129
f 126/21/21 84/160/160 87/43/43
f 11/40/40 126/21/21 87/43/43
f 127/124/124 41/177/38 19/198/37
f 127/124/124 43/35/35 129/175/122
f 106/63/63 95/188/65 128/67/67
f 106/174/63 128/166/67 100/64/64
f 127/176/124 129/122/122 41/38/38
f 129/122/122 68/123/123 41/38/38
f 82/127/127 130/126/126 44/95/95
f 130/126/126 82/127/127 40/23/23
f 86/57/57 16/25/25 131/56/56
f 131/56/56 16/25/25 22/27/27
f 132/45/45 11/40/40 87/43/43
f 68/123/123 11/40/40 132/45/45
f 26/29/29 133/90/90 42/94/94
f 133/90/90 135/103/103 50/134/134
f 103/153/153 97/183/9 134/130/130
f 73/133/133 137/223/154 134/130/130
f 32/28/28 135/103/103 26/29/29
f 26/29/29 135/103/103 133/90/90
f 51/138/138 59/5/5 136/147/147
f 162/148/148 51/138/138 136/147/147
f 76/201/152 103/172/153 137/154/154
f 137/223/154 103/153/153 134/130/130
f 125/171/162 25/161/161 138/109/109
f 138/109/109 25/161/161 80/163/163
f 77/75/75 139/157/157 143/76/76
f 77/75/75 94/200/108 139/157/157
f 80/163/163 140/145/145 108/151/151
f 80/163/163 25/161/161 140/145/145
f 143/76/76 141/149/149 24/82/82
f 141/149/149 70/83/83 24/82/82
f 72/88/88 142/110/110 80/163/163
f 142/110/110 138/109/109 80/163/163
f 79/98/98 114/77/77 143/76/76
f 79/98/98 143/76/76 24/82/82
f 9/59/59 144/26/26 16/25/25
f 144/26/26 9/59/59 60/91/91
f 33/49/49 145/97/97 5/47/47
f 102/48/48 147/106/106 33/49/49
f 146/84/84 141/149/149 83/15/15
f 146/84/84 3/2/1 141/149/149
f 147/106/106 145/97/97 33/49/49
f 79/215/98 145/97/97 147/106/106
f 148/93/93 27/30/30 57/168/96
f 85/142/142 148/169/93 57/96/96
f 151/53/53 149/155/155 137/173/154
f 101/146/146 76/152/152 149/155/155
f 23/80/80 128/67/67 150/14/14
f 150/14/14 66/100/100 23/80/80
f 149/155/155 151/53/53 101/146/146
f 101/146/146 151/53/53 70/83/83
f 152/44/44 100/64/64 128/166/67
f 23/80/80 152/167/44 128/67/67
f 144/26/26 153/143/143 22/27/27
f 153/143/143 144/26/26 155/101/101
f 21/181/19 72/88/88 154/20/20
f 72/88/88 108/151/151 154/20/20
f 58/79/79 155/101/101 30/13/13
f 155/101/101 58/79/79 153/143/143
f 156/114/114 125/162/162 138/170/109
f 125/162/162 156/114/114 123/104/104
f 157/89/89 82/196/127 42/94/94
f 42/94/94 133/90/90 157/89/89
f 158/115/115 36/31/31 92/113/113
f 92/113/113 138/109/109 158/115/115
f 75/60/60 28/164/120 159/156/156
f 74/125/125 159/165/156 28/120/120
f 89/135/135 31/99/99 160/102/102
f 60/91/91 160/102/102 31/99/99
f 71/24/24 161/16/16 90/46/46
f 71/24/24 40/23/23 161/16/16
f 51/138/138 162/148/148 53/140/140
f 111/136/136 53/140/140 162/148/148
f 7/116/116 163/58/58 99/117/117
f 15/55/55 163/58/58 7/116/116
s 39
f 181/227/164 186/228/165 166/229/166
f 203/230/167 201/231/168 194/232/169
f 174/233/170 194/232/169 231/234/171
f 167/235/172 169/236/173 168/237/174
f 169/236/173 225/238/175 168/237/174
f 181/227/164 166/229/166 178/239/176
f 164/240/177 230/241/178 167/235/172
f 192/242/179 188/243/180 208/244/181
f 170/245/182 167/235/172 168/237/174
f 218/246/183 168/237/174 225/238/175
f 244/247/184 204/248/185 171/249/186
f 236/250/187 178/239/176 166/229/166
f 173/251/188 167/235/172 170/245/182
f 178/239/176 179/252/189 251/253/190
f 223/254/191 167/235/172 173/251/188
f 236/250/187 179/252/189 178/239/176
f 191/255/192 248/256/193 242/257/194
f 175/258/195 189/259/196 197/260/197
f 176/261/198 182/262/199 175/258/195
f 179/252/189 236/250/187 184/263/200
f 172/264/201 239/265/202 167/235/172
f 201/231/168 214/266/203 167/235/172
f 198/267/204 251/253/190 179/252/189
f 180/268/205 204/248/185 244/247/184
f 251/253/190 213/269/206 178/239/176
f 225/270/175 178/239/176 213/269/206
f 179/271/189 184/272/200 173/251/188
f 179/252/189 241/273/207 198/267/204
f 170/245/182 204/248/185 180/268/205
f 180/268/205 241/274/207 170/245/182
f 208/244/181 165/275/208 192/242/179
f 178/239/176 225/270/175 208/244/181
f 172/264/201 182/262/199 239/265/202
f 236/250/187 207/276/209 184/263/200
f 217/277/210 204/248/185 238/278/211
f 200/279/212 246/280/213 240/281/214
f 184/272/200 223/254/191 173/251/188
f 184/272/200 205/282/215 223/254/191
f 196/283/216 168/237/174 183/284/217
f 177/285/218 240/281/214 187/286/219
f 226/287/220 186/228/165 181/227/164
f 201/231/168 203/230/167 206/288/221
f 222/289/222 225/270/175 187/286/219
f 193/290/223 222/289/222 187/286/219
f 211/291/224 188/243/180 192/242/179
f 214/266/203 201/231/168 247/292/225
f 174/233/170 231/234/171 221/293/226
f 191/255/192 219/294/227 248/256/193
f 240/295/214 246/296/213 238/278/211
f 220/297/228 193/290/223 196/298/216
f 191/299/192 174/233/170 221/293/226
f 194/300/169 174/301/170 191/255/192
f 228/302/229 192/242/179 165/275/208
f 192/242/179 228/302/229 211/291/224
f 210/303/230 249/304/231 190/305/232
f 187/286/219 240/281/214 249/304/231
f 194/300/169 215/306/233 186/228/165
f 194/300/169 191/255/192 215/306/233
f 195/307/234 190/308/232 185/309/235
f 252/310/236 249/311/231 209/312/237
f 185/309/235 168/237/174 250/313/238
f 185/309/235 252/310/236 209/312/237
f 175/258/195 197/260/197 176/261/198
f 239/265/202 231/234/171 194/232/169
f 244/314/184 198/267/204 180/315/205
f 180/315/205 198/267/204 241/273/207
f 197/260/197 239/265/202 176/261/198
f 182/262/199 176/261/198 239/265/202
f 177/285/218 200/279/212 240/281/214
f 202/316/239 171/317/186 200/279/212
f 199/318/240 194/232/169 201/231/168
f 199/318/240 201/231/168 167/235/172
f 177/285/218 198/267/204 202/316/239
f 177/285/218 202/316/239 200/279/212
f 203/230/167 194/232/169 186/319/165
f 226/287/220 203/320/167 186/228/165
f 204/248/185 168/237/174 238/278/211
f 170/245/182 168/237/174 204/248/185
f 205/282/215 182/262/199 172/264/201
f 207/321/209 175/258/195 182/262/199
f 227/322/241 181/227/164 188/243/180
f 212/323/242 227/322/241 188/243/180
f 205/324/215 184/263/200 207/276/209
f 205/324/215 207/276/209 182/325/199
f 208/244/181 188/243/180 181/227/164
f 178/239/176 208/244/181 181/227/164
f 245/326/243 185/309/235 209/312/237
f 210/303/230 190/305/232 195/327/234
f 249/311/231 210/328/230 209/312/237
f 235/329/244 209/312/237 237/330/245
f 230/241/178 164/240/177 211/331/224
f 164/240/177 188/332/180 211/331/224
f 164/240/177 212/333/242 188/332/180
f 214/266/203 234/334/246 212/333/242
f 177/285/218 187/286/219 213/269/206
f 225/270/175 213/269/206 187/286/219
f 167/235/172 214/266/203 164/240/177
f 164/240/177 214/266/203 212/333/242
f 215/306/233 191/255/192 242/257/194
f 186/228/165 215/306/233 242/257/194
f 196/283/216 183/284/217 216/335/247
f 220/297/228 222/289/222 193/290/223
f 171/249/186 204/248/185 217/277/210
f 200/279/212 171/317/186 246/280/213
f 168/237/174 218/246/183 183/284/217
f 218/336/183 225/270/175 222/289/222
f 233/337/248 219/294/227 189/338/196
f 219/294/227 191/255/192 221/339/226
f 216/340/247 222/289/222 220/297/228
f 220/341/228 196/283/216 216/335/247
f 221/293/226 231/234/171 189/259/196
f 219/294/227 221/339/226 189/338/196
f 183/284/217 222/342/222 216/335/247
f 222/342/222 183/284/217 218/246/183
f 167/235/172 223/254/191 172/264/201
f 223/254/191 205/282/215 172/264/201
f 201/231/168 206/288/221 247/292/225
f 206/288/221 203/230/167 226/343/220
f 165/275/208 208/244/181 225/270/175
f 165/275/208 225/270/175 232/344/249
f 226/287/220 181/227/164 224/345/250
f 206/288/221 226/343/220 224/346/250
f 227/322/241 224/345/250 181/227/164
f 234/334/246 214/266/203 224/346/250
f 165/275/208 230/347/178 228/302/229
f 230/241/178 211/331/224 228/348/229
f 196/298/216 193/290/223 229/349/251
f 229/349/251 193/290/223 187/286/219
f 167/235/172 230/241/178 169/236/173
f 165/275/208 232/344/249 230/347/178
f 197/260/197 231/234/171 239/265/202
f 231/234/171 197/260/197 189/259/196
f 169/236/173 230/241/178 232/350/249
f 232/350/249 225/238/175 169/236/173
f 233/351/248 189/259/196 175/258/195
f 219/294/227 233/337/248 248/256/193
f 224/345/250 227/322/241 234/352/246
f 234/352/246 227/322/241 212/323/242
f 195/307/234 185/309/235 245/326/243
f 195/327/234 243/353/252 237/354/245
f 207/321/209 236/355/187 175/258/195
f 248/256/193 233/337/248 175/356/195
f 237/354/245 210/303/230 195/327/234
f 210/328/230 237/330/245 209/312/237
f 190/308/232 238/278/211 185/309/235
f 238/278/211 168/237/174 185/309/235
f 239/265/202 199/318/240 167/235/172
f 239/265/202 194/232/169 199/318/240
f 190/305/232 249/304/231 240/281/214
f 240/295/214 238/278/211 190/308/232
f 170/245/182 241/274/207 173/251/188
f 179/271/189 173/251/188 241/274/207
f 242/257/194 248/256/193 166/229/166
f 186/228/165 242/257/194 166/229/166
f 235/357/244 237/354/245 243/353/252
f 243/358/252 195/307/234 245/326/243
f 171/317/186 202/316/239 244/314/184
f 244/314/184 202/316/239 198/267/204
f 235/329/244 245/326/243 209/312/237
f 245/326/243 235/329/244 243/358/252
f 217/277/210 238/278/211 246/296/213
f 246/296/213 171/249/186 217/277/210
f 224/346/250 247/292/225 206/288/221
f 247/292/225 224/346/250 214/266/203
f 248/256/193 175/356/195 236/250/187
f 248/256/193 236/250/187 166/229/166
f 229/349/251 187/286/219 249/304/231
f 229/359/251 249/311/231 252/310/236
f 250/313/238 196/283/216 229/359/251
f 250/313/238 168/237/174 196/283/216
f 198/267/204 177/285/218 251/253/190
f 177/285/218 213/269/206 251/253/190
f 252/310/236 250/313/238 229/359/251
f 185/309/235 250/313/238 252/310/236
s 58
f 270/360/253 275/361/254 255/362/255
f 292/363/256 290/364/257 283/365/258
f 263/366/259 283/365/258 320/367/260
f 256/368/261 258/369/262 257/370/263
f 258/369/262 314/371/264 257/370/263
f 270/360/253 255/362/255 267/372/265
f 253/373/266 319/374/267 256/368/261
f 281/375/268 277/376/269 297/377/270
f 259/378/271 256/368/261 257/370/263
f 307/379/272 257/370/263 314/371/264
f 333/380/273 293/381/274 260/382/275
f 325/383/276 267/372/265 255/362/255
f 262/384/277 256/368/261 259/378/271
f 267/372/265 268/385/278 340/386/279
f 312/387/280 256/368/261 262/384/277
f 325/383/276 268/385/278 267/372/265
f 280/388/281 337/389/282 331/390/283
f 264/391/284 278/392/285 286/393/286
f 265/394/287 271/395/288 264/391/284
f 268/385/278 325/383/276 273/396/289
f 261/397/290 328/398/291 256/368/261
f 290/364/257 303/399/292 256/368/261
f 287/400/293 340/386/279 268/385/278
f 269/401/294 293/381/274 333/380/273
f 340/386/279 302/402/295 267/372/265
f 314/403/264 267/372/265 302/402/295
f 268/404/278 273/405/289 262/384/277
f 268/385/278 330/406/296 287/400/293
f 259/378/271 293/381/274 269/401/294
f 269/401/294 330/407/296 259/378/271
f 297/377/270 254/408/297 281/375/268
f 267/372/265 314/403/264 297/377/270
f 261/397/290 271/395/288 328/398/291
f 325/383/276 296/409/298 273/396/289
f 306/410/299 293/381/274 327/411/300
f 289/412/301 335/413/302 329/414/303
f 273/405/289 312/387/280 262/384/277
f 273/405/289 294/415/304 312/387/280
f 285/416/305 257/370/263 272/417/306
f 266/418/307 329/414/303 276/419/308
f 315/420/309 275/361/254 270/360/253
f 290/364/257 292/363/256 295/421/310
f 311/422/311 314/403/264 276/419/308
f 282/423/312 311/422/311 276/419/308
f 300/424/313 277/376/269 281/375/268
f 303/399/292 290/364/257 336/425/314
f 263/366/259 320/367/260 310/426/315
f 280/388/281 308/427/316 337/389/282
f 329/428/303 335/429/302 327/411/300
f 309/430/317 282/423/312 285/431/305
f 280/432/281 263/366/259 310/426/315
f 283/433/258 263/434/259 280/388/281
f 317/435/318 281/375/268 254/408/297
f 281/375/268 317/435/318 300/424/313
f 299/436/319 338/437/320 279/438/321
f 276/419/308 329/414/303 338/437/320
f 283/433/258 304/439/322 275/361/254
f 283/433/258 280/388/281 304/439/322
f 284/440/323 279/441/321 274/442/324
f 341/443/325 338/444/320 298/445/326
f 274/442/324 257/370/263 339/446/327
f 274/442/324 341/443/325 298/445/326
f 264/391/284 286/393/286 265/394/287
f 328/398/291 320/367/260 283/365/258
f 333/447/273 287/400/293 269/448/294
f 269/448/294 287/400/293 330/406/296
f 286/393/286 328/398/291 265/394/287
f 271/395/288 265/394/287 328/398/291
f 266/418/307 289/412/301 329/414/303
f 291/449/328 260/450/275 289/412/301
f 288/451/329 283/365/258 290/364/257
f 288/451/329 290/364/257 256/368/261
f 266/418/307 287/400/293 291/449/328
f 266/418/307 291/449/328 289/412/301
f 292/363/256 283/365/258 275/452/254
f 315/420/309 292/453/256 275/361/254
f 293/381/274 257/370/263 327/411/300
f 259/378/271 257/370/263 293/381/274
f 294/415/304 271/395/288 261/397/290
f 296/454/298 264/391/284 271/395/288
f 316/455/330 270/360/253 277/376/269
f 301/456/331 316/455/330 277/376/269
f 294/457/304 273/396/289 296/409/298
f 294/457/304 296/409/298 271/458/288
f 297/377/270 277/376/269 270/360/253
f 267/372/265 297/377/270 270/360/253
f 334/459/332 274/442/324 298/445/326
f 299/436/319 279/438/321 284/460/323
f 338/444/320 299/461/319 298/445/326
f 324/462/333 298/445/326 326/463/334
f 319/374/267 253/373/266 300/464/313
f 253/373/266 277/465/269 300/464/313
f 253/373/266 301/466/331 277/465/269
f 303/399/292 323/467/335 301/466/331
f 266/418/307 276/419/308 302/402/295
f 314/403/264 302/402/295 276/419/308
f 256/368/261 303/399/292 253/373/266
f 253/373/266 303/399/292 301/466/331
f 304/439/322 280/388/281 331/390/283
f 275/361/254 304/439/322 331/390/283
f 285/416/305 272/417/306 305/468/336
f 309/430/317 311/422/311 282/423/312
f 260/382/275 293/381/274 306/410/299
f 289/412/301 260/450/275 335/413/302
f 257/370/263 307/379/272 272/417/306
f 307/469/272 314/403/264 311/422/311
f 322/470/337 308/427/316 278/471/285
f 308/427/316 280/388/281 310/472/315
f 305/473/336 311/422/311 309/430/317
f 309/474/317 285/416/305 305/468/336
f 310/426/315 320/367/260 278/392/285
f 308/427/316 310/472/315 278/471/285
f 272/417/306 311/475/311 305/468/336
f 311/475/311 272/417/306 307/379/272
f 256/368/261 312/387/280 261/397/290
f 312/387/280 294/415/304 261/397/290
f 290/364/257 295/421/310 336/425/314
f 295/421/310 292/363/256 315/476/309
f 254/408/297 297/377/270 314/403/264
f 254/408/297 314/403/264 321/477/338
f 315/420/309 270/360/253 313/478/339
f 295/421/310 315/476/309 313/479/339
f 316/455/330 313/478/339 270/360/253
f 323/467/335 303/399/292 313/479/339
f 254/408/297 319/480/267 317/435/318
f 319/374/267 300/464/313 317/481/318
f 285/431/305 282/423/312 318/482/340
f 318/482/340 282/423/312 276/419/308
f 256/368/261 319/374/267 258/369/262
f 254/408/297 321/477/338 319/480/267
f 286/393/286 320/367/260 328/398/291
f 320/367/260 286/393/286 278/392/285
f 258/369/262 319/374/267 321/483/338
f 321/483/338 314/371/264 258/369/262
f 322/484/337 278/392/285 264/391/284
f 308/427/316 322/470/337 337/389/282
f 313/478/339 316/455/330 323/485/335
f 323/485/335 316/455/330 301/456/331
f 284/440/323 274/442/324 334/459/332
f 284/460/323 332/486/341 326/487/334
f 296/454/298 325/488/276 264/391/284
f 337/389/282 322/470/337 264/489/284
f 326/487/334 299/436/319 284/460/323
f 299/461/319 326/463/334 298/445/326
f 279/441/321 327/411/300 274/442/324
f 327/411/300 257/370/263 274/442/324
f 328/398/291 288/451/329 256/368/261
f 328/398/291 283/365/258 288/451/329
f 279/438/321 338/437/320 329/414/303
f 329/428/303 327/411/300 279/441/321
f 259/378/271 330/407/296 262/384/277
f 268/404/278 262/384/277 330/407/296
f 331/390/283 337/389/282 255/362/255
f 275/361/254 331/390/283 255/362/255
f 324/490/333 326/487/334 332/486/341
f 332/491/341 284/440/323 334/459/332
f 260/450/275 291/449/328 333/447/273
f 333/447/273 291/449/328 287/400/293
f 324/462/333 334/459/332 298/445/326
f 334/459/332 324/462/333 332/491/341
f 306/410/299 327/411/300 335/429/302
f 335/429/302 260/382/275 306/410/299
f 313/479/339 336/425/314 295/421/310
f 336/425/314 313/479/339 303/399/292
f 337/389/282 264/489/284 325/383/276
f 337/389/282 325/383/276 255/362/255
f 318/482/340 276/419/308 338/437/320
f 318/492/340 338/444/320 341/443/325
f 339/446/327 285/416/305 318/492/340
f 339/446/327 257/370/263 285/416/305
f 287/400/293 266/418/307 340/386/279
f 266/418/307 302/402/295 340/386/279
f 341/443/325 339/446/327 318/492/340
f 274/442/324 339/446/327 341/443/325
s 77
f 344/493/342 343/494/343 345/495/344
f 343/494/343 344/493/342 342/496/345
f 343/494/343 342/496/345 345/495/344
f 400/497/346 404/498/347 390/499/348
f 345/500/344 450/501/349 438/502/350
f 344/493/342 347/503/351 342/496/345
f 395/504/352 354/505/353 450/501/349
f 371/506/354 491/507/355 424/508/356
f 502/509/357 451/510/358 355/511/359
f 362/512/360 495/513/361 467/514/362
f 403/515/363 381/516/364 412/517/365
f 357/518/366 485/519/367 363/520/368
f 373/521/369 367/522/370 368/523/371
f 377/524/372 432/525/373 389/526/374
f 458/527/375 384/528/376 460/529/377
f 360/530/378 382/531/379 437/532/380
f 362/512/360 467/514/362 352/533/381
f 422/534/382 437/532/380 359/535/383
f 428/536/384 493/537/385 473/538/386
f 431/539/387 502/509/357 355/511/359
f 346/540/388 443/541/389 374/542/390
f 354/505/353 346/540/388 450/501/349
f 459/543/391 379/544/392 363/520/368
f 397/545/393 492/546/394 419/547/395
f 356/548/396 451/510/358 502/509/357
f 363/520/368 379/544/392 472/549/397
f 427/550/398 504/551/399 356/548/396
f 356/548/396 350/552/400 427/550/398
f 416/553/401 405/554/402 439/555/403
f 439/556/403 502/509/357 381/516/364
f 395/504/352 447/557/404 354/505/353
f 441/558/405 493/537/385 428/536/384
f 436/559/406 406/560/407 469/561/408
f 406/560/407 380/562/409 344/493/342
f 362/512/360 352/533/381 351/563/410
f 384/528/376 458/527/375 454/564/411
f 362/512/360 410/565/412 375/566/413
f 386/567/414 454/564/411 396/568/415
f 418/569/416 484/570/417 455/571/418
f 424/508/356 465/572/419 399/573/420
f 422/534/382 359/535/383 364/574/421
f 460/529/377 384/528/376 360/575/378
f 370/576/422 365/577/423 411/578/424
f 406/560/407 344/493/342 487/579/425
f 445/580/426 358/581/427 349/582/428
f 375/566/413 413/583/429 362/512/360
f 498/584/430 474/585/431 401/586/432
f 456/587/433 432/525/373 396/568/415
f 489/588/434 373/521/369 368/523/371
f 367/522/370 383/589/435 368/523/371
f 358/581/427 385/590/436 349/582/428
f 398/591/437 368/523/371 385/592/436
f 370/593/422 486/594/438 420/595/439
f 397/596/393 346/540/388 486/594/438
f 424/508/356 399/573/420 371/506/354
f 372/597/440 407/598/441 371/506/354
f 372/597/440 371/506/354 496/599/442
f 401/586/432 474/585/431 501/600/443
f 476/601/444 373/521/369 464/602/445
f 402/603/446 358/581/427 445/580/426
f 488/604/447 457/605/448 420/606/439
f 431/539/387 435/607/449 488/608/447
f 375/566/413 479/609/450 483/610/451
f 462/611/452 377/524/372 389/526/374
f 435/612/449 418/569/416 376/613/453
f 435/607/449 457/614/448 488/608/447
f 433/615/454 377/524/372 497/616/455
f 377/617/372 499/618/456 410/565/412
f 356/548/396 348/619/457 451/510/358
f 440/620/458 472/549/397 379/544/392
f 379/621/392 378/622/459 440/623/458
f 378/622/459 379/621/392 459/624/391
f 380/562/409 347/503/351 344/493/342
f 395/504/352 393/625/460 447/557/404
f 381/516/364 369/626/461 439/556/403
f 429/627/462 498/584/430 405/554/402
f 470/628/463 351/563/410 409/629/464
f 384/528/376 468/630/465 360/575/378
f 385/592/436 368/523/371 383/589/435
f 415/631/466 381/516/364 498/632/430
f 470/633/463 384/528/376 351/634/410
f 384/528/376 454/564/411 351/634/410
f 349/582/428 385/590/436 471/635/467
f 385/592/436 383/589/435 423/636/468
f 396/568/415 432/525/373 386/567/414
f 377/617/372 410/565/412 361/637/469
f 387/638/470 402/639/446 445/640/426
f 433/615/454 497/616/455 479/641/450
f 475/642/471 446/643/472 388/644/473
f 404/498/347 414/645/474 390/499/348
f 391/646/475 464/602/445 389/526/374
f 391/646/475 456/587/433 430/647/476
f 390/499/348 414/645/474 452/648/477
f 400/497/346 390/499/348 408/649/478
f 391/646/475 501/600/443 474/585/431
f 476/601/444 464/602/445 391/646/475
f 388/644/473 446/643/472 392/650/479
f 452/648/477 408/649/478 390/499/348
f 380/651/409 434/652/480 395/504/352
f 434/653/480 380/562/409 406/560/407
f 394/654/481 475/642/471 388/644/473
f 388/644/473 392/650/479 394/654/481
f 450/501/349 453/655/482 395/504/352
f 380/651/409 395/504/352 453/655/482
f 391/646/475 430/647/476 501/600/443
f 372/597/440 430/647/476 407/598/441
f 411/578/424 397/545/393 370/576/422
f 397/596/393 486/594/438 370/593/422
f 385/590/436 426/656/483 398/657/437
f 402/603/446 489/658/434 426/656/483
f 494/659/484 399/573/420 465/572/419
f 350/660/400 498/584/430 401/586/432
f 446/643/472 400/497/346 392/650/479
f 419/661/395 448/662/485 397/596/393
f 372/597/440 496/599/442 401/586/432
f 401/586/432 496/599/442 485/519/367
f 402/639/446 373/521/369 489/588/434
f 402/639/446 387/638/470 373/521/369
f 349/582/428 471/635/467 481/663/486
f 445/580/426 349/582/428 481/663/486
f 344/493/342 345/495/344 442/664/487
f 411/578/424 492/546/394 397/545/393
f 350/660/400 439/555/403 405/554/402
f 350/660/400 405/554/402 498/584/430
f 469/561/408 406/560/407 491/507/355
f 406/560/407 487/579/425 491/507/355
f 491/507/355 371/506/354 407/598/441
f 460/529/377 422/665/382 364/666/421
f 477/667/488 400/497/346 408/649/478
f 477/667/488 408/668/478 503/669/489
f 409/629/464 351/563/410 352/533/381
f 437/532/380 473/538/386 359/535/383
f 410/565/412 362/512/360 386/670/414
f 361/637/469 410/565/412 386/670/414
f 482/671/490 344/493/342 411/578/424
f 411/578/424 344/493/342 442/664/487
f 353/672/491 403/515/363 412/517/365
f 443/541/389 353/672/491 412/517/365
f 375/566/413 483/610/451 413/583/429
f 495/513/361 449/673/492 467/514/362
f 417/674/493 438/502/350 444/675/494
f 417/676/493 478/677/495 490/678/496
f 381/516/364 415/631/466 369/626/461
f 416/553/401 429/627/462 405/554/402
f 500/679/497 429/627/462 416/553/401
f 439/555/403 369/680/461 416/553/401
f 345/500/344 438/502/350 417/674/493
f 345/495/344 417/676/493 442/664/487
f 480/681/498 435/612/449 463/682/499
f 461/683/500 494/659/484 465/572/419
f 419/684/395 400/497/346 446/643/472
f 419/684/395 492/685/394 400/497/346
f 365/577/423 370/576/422 420/606/439
f 491/507/355 487/579/425 424/508/356
f 481/663/486 471/635/467 403/515/363
f 403/515/363 353/672/491 449/673/492
f 460/529/377 360/575/378 422/665/382
f 437/532/380 422/534/382 360/530/378
f 381/516/364 423/686/468 498/632/430
f 381/516/364 403/515/363 471/635/467
f 424/508/356 482/671/490 484/570/417
f 424/508/356 484/570/417 480/681/498
f 425/687/501 449/673/492 353/672/491
f 425/687/501 353/672/491 443/541/389
f 358/581/427 402/603/446 426/656/483
f 358/581/427 426/656/483 385/590/436
f 472/549/397 440/620/458 427/688/398
f 427/688/398 350/660/400 357/518/366
f 428/536/384 425/687/501 443/541/389
f 467/514/362 449/673/492 425/687/501
f 415/631/466 429/689/462 500/690/497
f 498/584/430 429/627/462 415/691/466
f 458/527/375 460/529/377 430/647/476
f 458/527/375 430/647/476 456/587/433
f 354/505/353 443/541/389 346/540/388
f 441/558/405 354/505/353 447/557/404
f 377/524/372 361/692/469 432/525/373
f 432/525/373 361/692/469 386/567/414
f 499/618/456 479/609/450 375/566/413
f 410/565/412 499/618/456 375/566/413
f 393/625/460 395/504/352 434/652/480
f 436/693/406 447/557/404 393/625/460
f 431/539/387 355/511/359 435/607/449
f 435/607/449 459/624/391 463/694/499
f 436/559/406 434/653/480 406/560/407
f 434/652/480 436/693/406 393/625/460
f 409/629/464 473/538/386 437/532/380
f 409/629/464 437/532/380 382/531/379
f 450/501/349 346/540/388 438/502/350
f 346/540/388 397/596/393 448/662/485
f 439/556/403 356/548/396 502/509/357
f 439/555/403 350/660/400 356/695/396
f 440/623/458 504/551/399 427/550/398
f 348/619/457 440/623/458 378/622/459
f 443/541/389 441/558/405 428/536/384
f 354/505/353 441/558/405 443/541/389
f 400/497/346 492/685/394 404/498/347
f 414/645/474 404/498/347 492/685/394
f 443/541/389 412/517/365 431/539/387
f 443/541/389 431/539/387 488/608/447
f 478/696/495 414/645/474 492/685/394
f 414/697/474 475/642/471 394/654/481
f 445/580/426 366/698/502 466/699/503
f 366/698/502 445/580/426 481/663/486
f 438/700/350 419/684/395 446/643/472
f 475/642/471 438/700/350 446/643/472
f 359/535/383 473/538/386 493/537/385
f 359/535/383 493/537/385 364/574/421
f 448/662/485 419/661/395 438/502/350
f 346/540/388 448/662/485 438/502/350
f 403/515/363 449/673/492 481/663/486
f 413/583/429 421/701/504 449/673/492
f 342/702/345 450/501/349 345/500/344
f 342/702/345 453/655/482 450/501/349
f 451/510/358 348/619/457 378/622/459
f 355/511/359 451/510/358 378/622/459
f 414/697/474 394/654/481 452/703/477
f 408/649/478 452/648/477 503/704/489
f 453/655/482 347/705/351 380/651/409
f 453/655/482 342/702/345 347/705/351
f 454/564/411 362/706/360 351/634/410
f 454/707/411 386/670/414 362/512/360
f 376/613/453 418/569/416 455/571/418
f 376/708/453 457/614/448 435/607/449
f 389/526/374 432/525/373 456/587/433
f 389/526/374 456/587/433 391/646/475
f 420/606/439 457/605/448 455/571/418
f 455/571/418 457/605/448 376/613/453
f 454/564/411 458/527/375 396/568/415
f 458/527/375 456/587/433 396/568/415
f 355/511/359 378/622/459 459/624/391
f 355/511/359 459/624/391 435/607/449
f 460/529/377 364/666/421 407/598/441
f 430/647/476 460/529/377 407/598/441
f 461/683/500 480/681/498 463/682/499
f 494/659/484 461/683/500 363/520/368
f 377/524/372 462/611/452 497/616/455
f 462/611/452 389/526/374 464/602/445
f 363/520/368 463/682/499 459/543/391
f 363/520/368 461/683/500 463/682/499
f 387/638/470 464/602/445 373/521/369
f 497/616/455 462/611/452 464/602/445
f 465/572/419 424/508/356 480/681/498
f 461/683/500 465/572/419 480/681/498
f 387/638/470 445/640/426 466/709/503
f 466/709/503 464/602/445 387/638/470
f 467/514/362 425/687/501 428/536/384
f 352/533/381 467/514/362 428/536/384
f 468/630/465 382/710/379 360/575/378
f 468/630/465 384/528/376 470/633/463
f 447/711/404 436/559/406 469/561/408
f 447/557/404 469/712/408 441/558/405
f 468/713/465 470/628/463 382/531/379
f 470/628/463 409/629/464 382/531/379
f 423/686/468 471/635/467 385/590/436
f 471/635/467 423/686/468 381/516/364
f 427/688/398 357/518/366 472/549/397
f 472/549/397 357/518/366 363/520/368
f 473/538/386 352/533/381 428/536/384
f 409/629/464 352/533/381 473/538/386
f 367/522/370 474/585/431 383/589/435
f 474/585/431 476/601/444 391/646/475
f 444/714/494 438/700/350 475/642/471
f 414/697/474 478/715/495 475/642/471
f 373/521/369 476/601/444 367/522/370
f 367/522/370 476/601/444 474/585/431
f 392/650/479 400/497/346 477/667/488
f 503/669/489 392/650/479 477/667/488
f 417/674/493 444/675/494 478/716/495
f 478/715/495 444/714/494 475/642/471
f 466/699/503 366/698/502 479/609/450
f 479/609/450 366/698/502 421/701/504
f 418/569/416 480/681/498 484/570/417
f 418/569/416 435/612/449 480/681/498
f 421/701/504 481/663/486 449/673/492
f 421/701/504 366/698/502 481/663/486
f 484/570/417 482/671/490 365/577/423
f 482/671/490 411/578/424 365/577/423
f 413/583/429 483/610/451 421/701/504
f 483/610/451 479/609/450 421/701/504
f 420/606/439 455/571/418 484/570/417
f 420/606/439 484/570/417 365/577/423
f 350/660/400 485/519/367 357/518/366
f 485/519/367 350/660/400 401/586/432
f 374/542/390 486/594/438 346/540/388
f 443/541/389 488/608/447 374/542/390
f 487/579/425 482/671/490 424/508/356
f 487/579/425 344/493/342 482/671/490
f 488/608/447 486/594/438 374/542/390
f 420/595/439 486/594/438 488/608/447
f 489/588/434 368/523/371 398/591/437
f 426/656/483 489/658/434 398/657/437
f 492/546/394 490/678/496 478/677/495
f 442/664/487 417/676/493 490/678/496
f 364/666/421 469/561/408 491/507/355
f 491/507/355 407/598/441 364/666/421
f 490/678/496 492/546/394 442/664/487
f 442/664/487 492/546/394 411/578/424
f 493/537/385 441/558/405 469/712/408
f 364/666/421 493/717/385 469/561/408
f 485/519/367 494/659/484 363/520/368
f 494/659/484 485/519/367 496/599/442
f 362/512/360 413/583/429 495/513/361
f 413/583/429 449/673/492 495/513/361
f 399/573/420 496/599/442 371/506/354
f 496/599/442 399/573/420 494/659/484
f 497/616/455 466/709/503 479/641/450
f 466/709/503 497/616/455 464/602/445
f 498/584/430 423/636/468 383/589/435
f 383/589/435 474/585/431 498/584/430
f 499/618/456 377/617/372 433/718/454
f 433/718/454 479/609/450 499/618/456
f 416/553/401 369/680/461 500/679/497
f 415/631/466 500/690/497 369/626/461
f 430/647/476 372/597/440 501/600/443
f 401/586/432 501/600/443 372/597/440
f 412/517/365 502/509/357 431/539/387
f 412/517/365 381/516/364 502/509/357
f 392/650/479 503/669/489 394/654/481
f 452/703/477 394/654/481 503/669/489
f 348/619/457 504/551/399 440/623/458
f 356/548/396 504/551/399 348/619/457
s 115
f 507/719/505 506/720/506 508/721/507
f 506/720/506 507/719/505 505/722/508
f 506/720/506 505/722/508 508/721/507
f 563/723/509 567/724/510 553/725/511
f 508/726/507 613/727/512 601/728/513
f 507/719/505 510/729/514 505/722/508
f 558/730/515 517/731/516 613/727/512
f 534/732/517 654/733/518 587/734/519
f 665/735/520 614/736/521 518/737/522
f 525/738/523 658/739/524 630/740/525
f 566/741/526 544/742/527 575/743/528
f 520/744/529 648/745/530 526/746/531
f 536/747/532 530/748/533 531/749/534
f 540/750/535 595/751/536 552/752/537
f 621/753/538 547/754/539 623/755/540
f 523/756/541 545/757/542 600/758/543
f 525/738/523 630/740/525 515/759/544
f 585/760/545 600/758/543 522/761/546
f 591/762/547 656/763/548 636/764/549
f 594/765/550 665/735/520 518/737/522
f 509/766/551 606/767/552 537/768/553
f 517/731/516 509/766/551 613/727/512
f 622/769/554 542/770/555 526/746/531
f 560/771/556 655/772/557 582/773/558
f 519/774/559 614/736/521 665/735/520
f 526/746/531 542/770/555 635/775/560
f 590/776/561 667/777/562 519/774/559
f 519/774/559 513/778/563 590/776/561
f 579/779/564 568/780/565 602/781/566
f 602/782/566 665/735/520 544/742/527
f 558/730/515 610/783/567 517/731/516
f 604/784/568 656/763/548 591/762/547
f 599/785/569 569/786/570 632/787/571
f 569/786/570 543/788/572 507/719/505
f 525/738/523 515/759/544 514/789/573
f 547/754/539 621/753/538 617/790/574
f 525/738/523 573/791/575 538/792/576
f 549/793/577 617/790/574 559/794/578
f 581/795/579 647/796/580 618/797/581
f 587/734/519 628/798/582 562/799/583
f 585/760/545 522/761/546 527/800/584
f 623/755/540 547/754/539 523/801/541
f 533/802/585 528/803/586 574/804/587
f 569/786/570 507/719/505 650/805/588
f 608/806/589 521/807/590 512/808/591
f 538/792/576 576/809/592 525/738/523
f 661/810/593 637/811/594 564/812/595
f 619/813/596 595/751/536 559/794/578
f 652/814/597 536/747/532 531/749/534
f 530/748/533 546/815/598 531/749/534
f 521/807/590 548/816/599 512/808/591
f 561/817/600 531/749/534 548/818/599
f 533/819/585 649/820/601 583/821/602
f 560/822/556 509/766/551 649/820/601
f 587/734/519 562/799/583 534/732/517
f 535/823/603 570/824/604 534/732/517
f 535/823/603 534/732/517 659/825/605
f 564/812/595 637/811/594 664/826/606
f 639/827/607 536/747/532 627/828/608
f 565/829/609 521/807/590 608/806/589
f 651/830/610 620/831/611 583/832/602
f 594/765/550 598/833/612 651/834/610
f 538/792/576 642/835/613 646/836/614
f 625/837/615 540/750/535 552/752/537
f 598/838/612 581/795/579 539/839/616
f 598/833/612 620/840/611 651/834/610
f 596/841/617 540/750/535 660/842/618
f 540/843/535 662/844/619 573/791/575
f 519/774/559 511/845/620 614/736/521
f 603/846/621 635/775/560 542/770/555
f 542/847/555 541/848/622 603/849/621
f 541/848/622 542/847/555 622/850/554
f 543/788/572 510/729/514 507/719/505
f 558/730/515 556/851/623 610/783/567
f 544/742/527 532/852/624 602/782/566
f 592/853/625 661/810/593 568/780/565
f 633/854/626 514/789/573 572/855/627
f 547/754/539 631/856/628 523/801/541
f 548/818/599 531/749/534 546/815/598
f 578/857/629 544/742/527 661/858/593
f 633/859/626 547/754/539 514/860/573
f 547/754/539 617/790/574 514/860/573
f 512/808/591 548/816/599 634/861/630
f 548/818/599 546/815/598 586/862/631
f 559/794/578 595/751/536 549/793/577
f 540/843/535 573/791/575 524/863/632
f 550/864/633 565/865/609 608/866/589
f 596/841/617 660/842/618 642/867/613
f 638/868/634 609/869/635 551/870/636
f 567/724/510 577/871/637 553/725/511
f 554/872/638 627/828/608 552/752/537
f 554/872/638 619/813/596 593/873/639
f 553/725/511 577/871/637 615/874/640
f 563/723/509 553/725/511 571/875/641
f 554/872/638 664/826/606 637/811/594
f 639/827/607 627/828/608 554/872/638
f 551/870/636 609/869/635 555/876/642
f 615/874/640 571/875/641 553/725/511
f 543/877/572 597/878/643 558/730/515
f 597/879/643 543/788/572 569/786/570
f 557/880/644 638/868/634 551/870/636
f 551/870/636 555/876/642 557/880/644
f 613/727/512 616/881/645 558/730/515
f 543/877/572 558/730/515 616/881/645
f 554/872/638 593/873/639 664/826/606
f 535/823/603 593/873/639 570/824/604
f 574/804/587 560/771/556 533/802/585
f 560/822/556 649/820/601 533/819/585
f 548/816/599 589/882/646 561/883/600
f 565/829/609 652/884/597 589/882/646
f 657/885/647 562/799/583 628/798/582
f 513/886/563 661/810/593 564/812/595
f 609/869/635 563/723/509 555/876/642
f 582/887/558 611/888/648 560/822/556
f 535/823/603 659/825/605 564/812/595
f 564/812/595 659/825/605 648/745/530
f 565/865/609 536/747/532 652/814/597
f 565/865/609 550/864/633 536/747/532
f 512/808/591 634/861/630 644/889/649
f 608/806/589 512/808/591 644/889/649
f 507/719/505 508/721/507 605/890/650
f 574/804/587 655/772/557 560/771/556
f 513/886/563 602/781/566 568/780/565
f 513/886/563 568/780/565 661/810/593
f 632/787/571 569/786/570 654/733/518
f 569/786/570 650/805/588 654/733/518
f 654/733/518 534/732/517 570/824/604
f 623/755/540 585/891/545 527/892/584
f 640/893/651 563/723/509 571/875/641
f 640/893/651 571/894/641 666/895/652
f 572/855/627 514/789/573 515/759/544
f 600/758/543 636/764/549 522/761/546
f 573/791/575 525/738/523 549/896/577
f 524/863/632 573/791/575 549/896/577
f 645/897/653 507/719/505 574/804/587
f 574/804/587 507/719/505 605/890/650
f 516/898/654 566/741/526 575/743/528
f 606/767/552 516/898/654 575/743/528
f 538/792/576 646/836/614 576/809/592
f 658/739/524 612/899/655 630/740/525
f 580/900/656 601/728/513 607/901/657
f 580/902/656 641/903/658 653/904/659
f 544/742/527 578/857/629 532/852/624
f 579/779/564 592/853/625 568/780/565
f 663/905/660 592/853/625 579/779/564
f 602/781/566 532/906/624 579/779/564
f 508/726/507 601/728/513 580/900/656
f 508/721/507 580/902/656 605/890/650
f 643/907/661 598/838/612 626/908/662
f 624/909/663 657/885/647 628/798/582
f 582/910/558 563/723/509 609/869/635
f 582/910/558 655/911/557 563/723/509
f 528/803/586 533/802/585 583/832/602
f 654/733/518 650/805/588 587/734/519
f 644/889/649 634/861/630 566/741/526
f 566/741/526 516/898/654 612/899/655
f 623/755/540 523/801/541 585/891/545
f 600/758/543 585/760/545 523/756/541
f 544/742/527 586/912/631 661/858/593
f 544/742/527 566/741/526 634/861/630
f 587/734/519 645/897/653 647/796/580
f 587/734/519 647/796/580 643/907/661
f 588/913/664 612/899/655 516/898/654
f 588/913/664 516/898/654 606/767/552
f 521/807/590 565/829/609 589/882/646
f 521/807/590 589/882/646 548/816/599
f 635/775/560 603/846/621 590/914/561
f 590/914/561 513/886/563 520/744/529
f 591/762/547 588/913/664 606/767/552
f 630/740/525 612/899/655 588/913/664
f 578/857/629 592/915/625 663/916/660
f 661/810/593 592/853/625 578/917/629
f 621/753/538 623/755/540 593/873/639
f 621/753/538 593/873/639 619/813/596
f 517/731/516 606/767/552 509/766/551
f 604/784/568 517/731/516 610/783/567
f 540/750/535 524/918/632 595/751/536
f 595/751/536 524/918/632 549/793/577
f 662/844/619 642/835/613 538/792/576
f 573/791/575 662/844/619 538/792/576
f 556/851/623 558/730/515 597/878/643
f 599/919/569 610/783/567 556/851/623
f 594/765/550 518/737/522 598/833/612
f 598/833/612 622/850/554 626/920/662
f 599/785/569 597/879/643 569/786/570
f 597/878/643 599/919/569 556/851/623
f 572/855/627 636/764/549 600/758/543
f 572/855/627 600/758/543 545/757/542
f 613/727/512 509/766/551 601/728/513
f 509/766/551 560/822/556 611/888/648
f 602/782/566 519/774/559 665/735/520
f 602/781/566 513/886/563 519/921/559
f 603/849/621 667/777/562 590/776/561
f 511/845/620 603/849/621 541/848/622
f 606/767/552 604/784/568 591/762/547
f 517/731/516 604/784/568 606/767/552
f 563/723/509 655/911/557 567/724/510
f 577/871/637 567/724/510 655/911/557
f 606/767/552 575/743/528 594/765/550
f 606/767/552 594/765/550 651/834/610
f 641/922/658 577/871/637 655/911/557
f 577/923/637 638/868/634 557/880/644
f 608/806/589 529/924/665 629/925/666
f 529/924/665 608/806/589 644/889/649
f 601/926/513 582/910/558 609/869/635
f 638/868/634 601/926/513 609/869/635
f 522/761/546 636/764/549 656/763/548
f 522/761/546 656/763/548 527/800/584
f 611/888/648 582/887/558 601/728/513
f 509/766/551 611/888/648 601/728/513
f 566/741/526 612/899/655 644/889/649
f 576/809/592 584/927/667 612/899/655
f 505/928/508 613/727/512 508/726/507
f 505/928/508 616/881/645 613/727/512
f 614/736/521 511/845/620 541/848/622
f 518/737/522 614/736/521 541/848/622
f 577/923/637 557/880/644 615/929/640
f 571/875/641 615/874/640 666/930/652
f 616/881/645 510/931/514 543/877/572
f 616/881/645 505/928/508 510/931/514
f 617/790/574 525/932/523 514/860/573
f 617/933/574 549/896/577 525/738/523
f 539/839/616 581/795/579 618/797/581
f 539/934/616 620/840/611 598/833/612
f 552/752/537 595/751/536 619/813/596
f 552/752/537 619/813/596 554/872/638
f 583/832/602 620/831/611 618/797/581
f 618/797/581 620/831/611 539/839/616
f 617/790/574 621/753/538 559/794/578
f 621/753/538 619/813/596 559/794/578
f 518/737/522 541/848/622 622/850/554
f 518/737/522 622/850/554 598/833/612
f 623/755/540 527/892/584 570/824/604
f 593/873/639 623/755/540 570/824/604
f 624/909/663 643/907/661 626/908/662
f 657/885/647 624/909/663 526/746/531
f 540/750/535 625/837/615 660/842/618
f 625/837/615 552/752/537 627/828/608
f 526/746/531 626/908/662 622/769/554
f 526/746/531 624/909/663 626/908/662
f 550/864/633 627/828/608 536/747/532
f 660/842/618 625/837/615 627/828/608
f 628/798/582 587/734/519 643/907/661
f 624/909/663 628/798/582 643/907/661
f 550/864/633 608/866/589 629/935/666
f 629/935/666 627/828/608 550/864/633
f 630/740/525 588/913/664 591/762/547
f 515/759/544 630/740/525 591/762/547
f 631/856/628 545/936/542 523/801/541
f 631/856/628 547/754/539 633/859/626
f 610/937/567 599/785/569 632/787/571
f 610/783/567 632/938/571 604/784/568
f 631/939/628 633/854/626 545/757/542
f 633/854/626 572/855/627 545/757/542
f 586/912/631 634/861/630 548/816/599
f 634/861/630 586/912/631 544/742/527
f 590/914/561 520/744/529 635/775/560
f 635/775/560 520/744/529 526/746/531
f 636/764/549 515/759/544 591/762/547
f 572/855/627 515/759/544 636/764/549
f 530/748/533 637/811/594 546/815/598
f 637/811/594 639/827/607 554/872/638
f 607/940/657 601/926/513 638/868/634
f 577/923/637 641/941/658 638/868/634
f 536/747/532 639/827/607 530/748/533
f 530/748/533 639/827/607 637/811/594
f 555/876/642 563/723/509 640/893/651
f 666/895/652 555/876/642 640/893/651
f 580/900/656 607/901/657 641/942/658
f 641/941/658 607/940/657 638/868/634
f 629/925/666 529/924/665 642/835/613
f 642/835/613 529/924/665 584/927/667
f 581/795/579 643/907/661 647/796/580
f 581/795/579 598/838/612 643/907/661
f 584/927/667 644/889/649 612/899/655
f 584/927/667 529/924/665 644/889/649
f 647/796/580 645/897/653 528/803/586
f 645/897/653 574/804/587 528/803/586
f 576/809/592 646/836/614 584/927/667
f 646/836/614 642/835/613 584/927/667
f 583/832/602 618/797/581 647/796/580
f 583/832/602 647/796/580 528/803/586
f 513/886/563 648/745/530 520/744/529
f 648/745/530 513/886/563 564/812/595
f 537/768/553 649/820/601 509/766/551
f 606/767/552 651/834/610 537/768/553
f 650/805/588 645/897/653 587/734/519
f 650/805/588 507/719/505 645/897/653
f 651/834/610 649/820/601 537/768/553
f 583/821/602 649/820/601 651/834/610
f 652/814/597 531/749/534 561/817/600
f 589/882/646 652/884/597 561/883/600
f 655/772/557 653/904/659 641/903/658
f 605/890/650 580/902/656 653/904/659
f 527/892/584 632/787/571 654/733/518
f 654/733/518 570/824/604 527/892/584
f 653/904/659 655/772/557 605/890/650
f 605/890/650 655/772/557 574/804/587
f 656/763/548 604/784/568 632/938/571
f 527/892/584 656/943/548 632/787/571
f 648/745/530 657/885/647 526/746/531
f 657/885/647 648/745/530 659/825/605
f 525/738/523 576/809/592 658/739/524
f 576/809/592 612/899/655 658/739/524
f 562/799/583 659/825/605 534/732/517
f 659/825/605 562/799/583 657/885/647
f 660/842/618 629/935/666 642/867/613
f 629/935/666 660/842/618 627/828/608
f 661/810/593 586/862/631 546/815/598
f 546/815/598 637/811/594 661/810/593
f 662/844/619 540/843/535 596/944/617
f 596/944/617 642/835/613 662/844/619
f 579/779/564 532/906/624 663/905/660
f 578/857/629 663/916/660 532/852/624
f 593/873/639 535/823/603 664/826/606
f 564/812/595 664/826/606 535/823/603
f 575/743/528 665/735/520 594/765/550
f 575/743/528 544/742/527 665/735/520
f 555/876/642 666/895/652 557/880/644
f 615/929/640 557/880/644 666/895/652
f 511/845/620 667/777/562 603/849/621
f 519/774/559 667/777/562 511/845/620
s 153
f 670/945/668 669/946/669 671/947/670
f 669/946/669 670/945/668 668/948/671
f 669/946/669 668/948/671 671/947/670
f 726/949/672 730/950/673 716/951/674
f 671/952/670 776/953/675 764/954/676
f 670/945/668 673/955/677 668/948/671
f 721/956/678 680/957/679 776/953/675
f 697/958/680 817/959/681 750/960/682
f 828/961/683 777/962/684 681/963/685
f 688/964/686 821/965/687 793/966/688
f 729/967/689 707/968/690 738/969/691
f 683/970/692 811/971/693 689/972/694
f 699/973/695 693/974/696 694/975/697
f 703/976/698 758/977/699 715/978/700
f 784/979/701 710/980/702 786/981/703
f 686/982/704 708/983/705 763/984/706
f 688/964/686 793/966/688 678/985/707
f 748/986/708 763/984/706 685/987/709
f 754/988/710 819/989/711 799/990/712
f 757/991/713 828/961/683 681/963/685
f 672/992/714 769/993/715 700/994/716
f 680/957/679 672/992/714 776/953/675
f 785/995/717 705/996/718 689/972/694
f 723/997/719 818/998/720 745/999/721
f 682/1000/722 777/962/684 828/961/683
f 689/972/694 705/996/718 798/1001/723
f 753/1002/724 830/1003/725 682/1000/722
f 682/1000/722 676/1004/726 753/1002/724
f 742/1005/727 731/1006/728 765/1007/729
f 765/1008/729 828/961/683 707/968/690
f 721/956/678 773/1009/730 680/957/679
f 767/1010/731 819/989/711 754/988/710
f 762/1011/732 732/1012/733 795/1013/734
f 732/1012/733 706/1014/735 670/945/668
f 688/964/686 678/985/707 677/1015/736
f 710/980/702 784/979/701 780/1016/737
f 688/964/686 736/1017/738 701/1018/739
f 712/1019/740 780/1016/737 722/1020/741
f 744/1021/742 810/1022/743 781/1023/744
f 750/960/682 791/1024/745 725/1025/746
f 748/986/708 685/987/709 690/1026/747
f 786/981/703 710/980/702 686/1027/704
f 696/1028/748 691/1029/749 737/1030/750
f 732/1012/733 670/945/668 813/1031/751
f 771/1032/752 684/1033/753 675/1034/754
f 701/1018/739 739/1035/755 688/964/686
f 824/1036/756 800/1037/757 727/1038/758
f 782/1039/759 758/977/699 722/1020/741
f 815/1040/760 699/973/695 694/975/697
f 693/974/696 709/1041/761 694/975/697
f 684/1033/753 711/1042/762 675/1034/754
f 724/1043/763 694/975/697 711/1044/762
f 696/1045/748 812/1046/764 746/1047/765
f 723/1048/719 672/992/714 812/1046/764
f 750/960/682 725/1025/746 697/958/680
f 698/1049/766 733/1050/767 697/958/680
f 698/1049/766 697/958/680 822/1051/768
f 727/1038/758 800/1037/757 827/1052/769
f 802/1053/770 699/973/695 790/1054/771
f 728/1055/772 684/1033/753 771/1032/752
f 814/1056/773 783/1057/774 746/1058/765
f 757/991/713 761/1059/775 814/1060/773
f 701/1018/739 805/1061/776 809/1062/777
f 788/1063/778 703/976/698 715/978/700
f 761/1064/775 744/1021/742 702/1065/779
f 761/1059/775 783/1066/774 814/1060/773
f 759/1067/780 703/976/698 823/1068/781
f 703/1069/698 825/1070/782 736/1017/738
f 682/1000/722 674/1071/783 777/962/684
f 766/1072/784 798/1001/723 705/996/718
f 705/1073/718 704/1074/785 766/1075/784
f 704/1074/785 705/1073/718 785/1076/717
f 706/1014/735 673/955/677 670/945/668
f 721/956/678 719/1077/786 773/1009/730
f 707/968/690 695/1078/787 765/1008/729
f 755/1079/788 824/1036/756 731/1006/728
f 796/1080/789 677/1015/736 735/1081/790
f 710/980/702 794/1082/791 686/1027/704
f 711/1044/762 694/975/697 709/1041/761
f 741/1083/792 707/968/690 824/1084/756
f 796/1085/789 710/980/702 677/1086/736
f 710/980/702 780/1016/737 677/1086/736
f 675/1034/754 711/1042/762 797/1087/793
f 711/1044/762 709/1041/761 749/1088/794
f 722/1020/741 758/977/699 712/1019/740
f 703/1069/698 736/1017/738 687/1089/795
f 713/1090/796 728/1091/772 771/1092/752
f 759/1067/780 823/1068/781 805/1093/776
f 801/1094/797 772/1095/798 714/1096/799
f 730/950/673 740/1097/800 716/951/674
f 717/1098/801 790/1054/771 715/978/700
f 717/1098/801 782/1039/759 756/1099/802
f 716/951/674 740/1097/800 778/1100/803
f 726/949/672 716/951/674 734/1101/804
f 717/1098/801 827/1052/769 800/1037/757
f 802/1053/770 790/1054/771 717/1098/801
f 714/1096/799 772/1095/798 718/1102/805
f 778/1100/803 734/1101/804 716/951/674
f 706/1103/735 760/1104/806 721/956/678
f 760/1105/806 706/1014/735 732/1012/733
f 720/1106/807 801/1094/797 714/1096/799
f 714/1096/799 718/1102/805 720/1106/807
f 776/953/675 779/1107/808 721/956/678
f 706/1103/735 721/956/678 779/1107/808
f 717/1098/801 756/1099/802 827/1052/769
f 698/1049/766 756/1099/802 733/1050/767
f 737/1030/750 723/997/719 696/1028/748
f 723/1048/719 812/1046/764 696/1045/748
f 711/1042/762 752/1108/809 724/1109/763
f 728/1055/772 815/1110/760 752/1108/809
f 820/1111/810 725/1025/746 791/1024/745
f 676/1112/726 824/1036/756 727/1038/758
f 772/1095/798 726/949/672 718/1102/805
f 745/1113/721 774/1114/811 723/1048/719
f 698/1049/766 822/1051/768 727/1038/758
f 727/1038/758 822/1051/768 811/971/693
f 728/1091/772 699/973/695 815/1040/760
f 728/1091/772 713/1090/796 699/973/695
f 675/1034/754 797/1087/793 807/1115/812
f 771/1032/752 675/1034/754 807/1115/812
f 670/945/668 671/947/670 768/1116/813
f 737/1030/750 818/998/720 723/997/719
f 676/1112/726 765/1007/729 731/1006/728
f 676/1112/726 731/1006/728 824/1036/756
f 795/1013/734 732/1012/733 817/959/681
f 732/1012/733 813/1031/751 817/959/681
f 817/959/681 697/958/680 733/1050/767
f 786/981/703 748/1117/708 690/1118/747
f 803/1119/814 726/949/672 734/1101/804
f 803/1119/814 734/1120/804 829/1121/815
f 735/1081/790 677/1015/736 678/985/707
f 763/984/706 799/990/712 685/987/709
f 736/1017/738 688/964/686 712/1122/740
f 687/1089/795 736/1017/738 712/1122/740
f 808/1123/816 670/945/668 737/1030/750
f 737/1030/750 670/945/668 768/1116/813
f 679/1124/817 729/967/689 738/969/691
f 769/993/715 679/1124/817 738/969/691
f 701/1018/739 809/1062/777 739/1035/755
f 821/965/687 775/1125/818 793/966/688
f 743/1126/819 764/954/676 770/1127/820
f 743/1128/819 804/1129/821 816/1130/822
f 707/968/690 741/1083/792 695/1078/787
f 742/1005/727 755/1079/788 731/1006/728
f 826/1131/823 755/1079/788 742/1005/727
f 765/1007/729 695/1132/787 742/1005/727
f 671/952/670 764/954/676 743/1126/819
f 671/947/670 743/1128/819 768/1116/813
f 806/1133/824 761/1064/775 789/1134/825
f 787/1135/826 820/1111/810 791/1024/745
f 745/1136/721 726/949/672 772/1095/798
f 745/1136/721 818/1137/720 726/949/672
f 691/1029/749 696/1028/748 746/1058/765
f 817/959/681 813/1031/751 750/960/682
f 807/1115/812 797/1087/793 729/967/689
f 729/967/689 679/1124/817 775/1125/818
f 786/981/703 686/1027/704 748/1117/708
f 763/984/706 748/986/708 686/982/704
f 707/968/690 749/1138/794 824/1084/756
f 707/968/690 729/967/689 797/1087/793
f 750/960/682 808/1123/816 810/1022/743
f 750/960/682 810/1022/743 806/1133/824
f 751/1139/827 775/1125/818 679/1124/817
f 751/1139/827 679/1124/817 769/993/715
f 684/1033/753 728/1055/772 752/1108/809
f 684/1033/753 752/1108/809 711/1042/762
f 798/1001/723 766/1072/784 753/1140/724
f 753/1140/724 676/1112/726 683/970/692
f 754/988/710 751/1139/827 769/993/715
f 793/966/688 775/1125/818 751/1139/827
f 741/1083/792 755/1141/788 826/1142/823
f 824/1036/756 755/1079/788 741/1143/792
f 784/979/701 786/981/703 756/1099/802
f 784/979/701 756/1099/802 782/1039/759
f 680/957/679 769/993/715 672/992/714
f 767/1010/731 680/957/679 773/1009/730
f 703/976/698 687/1144/795 758/977/699
f 758/977/699 687/1144/795 712/1019/740
f 825/1070/782 805/1061/776 701/1018/739
f 736/1017/738 825/1070/782 701/1018/739
f 719/1077/786 721/956/678 760/1104/806
f 762/1145/732 773/1009/730 719/1077/786
f 757/991/713 681/963/685 761/1059/775
f 761/1059/775 785/1076/717 789/1146/825
f 762/1011/732 760/1105/806 732/1012/733
f 760/1104/806 762/1145/732 719/1077/786
f 735/1081/790 799/990/712 763/984/706
f 735/1081/790 763/984/706 708/983/705
f 776/953/675 672/992/714 764/954/676
f 672/992/714 723/1048/719 774/1114/811
f 765/1008/729 682/1000/722 828/961/683
f 765/1007/729 676/1112/726 682/1147/722
f 766/1075/784 830/1003/725 753/1002/724
f 674/1071/783 766/1075/784 704/1074/785
f 769/993/715 767/1010/731 754/988/710
f 680/957/679 767/1010/731 769/993/715
f 726/949/672 818/1137/720 730/950/673
f 740/1097/800 730/950/673 818/1137/720
f 769/993/715 738/969/691 757/991/713
f 769/993/715 757/991/713 814/1060/773
f 804/1148/821 740/1097/800 818/1137/720
f 740/1149/800 801/1094/797 720/1106/807
f 771/1032/752 692/1150/828 792/1151/829
f 692/1150/828 771/1032/752 807/1115/812
f 764/1152/676 745/1136/721 772/1095/798
f 801/1094/797 764/1152/676 772/1095/798
f 685/987/709 799/990/712 819/989/711
f 685/987/709 819/989/711 690/1026/747
f 774/1114/811 745/1113/721 764/954/676
f 672/992/714 774/1114/811 764/954/676
f 729/967/689 775/1125/818 807/1115/812
f 739/1035/755 747/1153/830 775/1125/818
f 668/1154/671 776/953/675 671/952/670
f 668/1154/671 779/1107/808 776/953/675
f 777/962/684 674/1071/783 704/1074/785
f 681/963/685 777/962/684 704/1074/785
f 740/1149/800 720/1106/807 778/1155/803
f 734/1101/804 778/1100/803 829/1156/815
f 779/1107/808 673/1157/677 706/1103/735
f 779/1107/808 668/1154/671 673/1157/677
f 780/1016/737 688/1158/686 677/1086/736
f 780/1159/737 712/1122/740 688/964/686
f 702/1065/779 744/1021/742 781/1023/744
f 702/1160/779 783/1066/774 761/1059/775
f 715/978/700 758/977/699 782/1039/759
f 715/978/700 782/1039/759 717/1098/801
f 746/1058/765 783/1057/774 781/1023/744
f 781/1023/744 783/1057/774 702/1065/779
f 780/1016/737 784/979/701 722/1020/741
f 784/979/701 782/1039/759 722/1020/741
f 681/963/685 704/1074/785 785/1076/717
f 681/963/685 785/1076/717 761/1059/775
f 786/981/703 690/1118/747 733/1050/767
f 756/1099/802 786/981/703 733/1050/767
f 787/1135/826 806/1133/824 789/1134/825
f 820/1111/810 787/1135/826 689/972/694
f 703/976/698 788/1063/778 823/1068/781
f 788/1063/778 715/978/700 790/1054/771
f 689/972/694 789/1134/825 785/995/717
f 689/972/694 787/1135/826 789/1134/825
f 713/1090/796 790/1054/771 699/973/695
f 823/1068/781 788/1063/778 790/1054/771
f 791/1024/745 750/960/682 806/1133/824
f 787/1135/826 791/1024/745 806/1133/824
f 713/1090/796 771/1092/752 792/1161/829
f 792/1161/829 790/1054/771 713/1090/796
f 793/966/688 751/1139/827 754/988/710
f 678/985/707 793/966/688 754/988/710
f 794/1082/791 708/1162/705 686/1027/704
f 794/1082/791 710/980/702 796/1085/789
f 773/1163/730 762/1011/732 795/1013/734
f 773/1009/730 795/1164/734 767/1010/731
f 794/1165/791 796/1080/789 708/983/705
f 796/1080/789 735/1081/790 708/983/705
f 749/1138/794 797/1087/793 711/1042/762
f 797/1087/793 749/1138/794 707/968/690
f 753/1140/724 683/970/692 798/1001/723
f 798/1001/723 683/970/692 689/972/694
f 799/990/712 678/985/707 754/988/710
f 735/1081/790 678/985/707 799/990/712
f 693/974/696 800/1037/757 709/1041/761
f 800/1037/757 802/1053/770 717/1098/801
f 770/1166/820 764/1152/676 801/1094/797
f 740/1149/800 804/1167/821 801/1094/797
f 699/973/695 802/1053/770 693/974/696
f 693/974/696 802/1053/770 800/1037/757
f 718/1102/805 726/949/672 803/1119/814
f 829/1121/815 718/1102/805 803/1119/814
f 743/1126/819 770/1127/820 804/1168/821
f 804/1167/821 770/1166/820 801/1094/797
f 792/1151/829 692/1150/828 805/1061/776
f 805/1061/776 692/1150/828 747/1153/830
f 744/1021/742 806/1133/824 810/1022/743
f 744/1021/742 761/1064/775 806/1133/824
f 747/1153/830 807/1115/812 775/1125/818
f 747/1153/830 692/1150/828 807/1115/812
f 810/1022/743 808/1123/816 691/1029/749
f 808/1123/816 737/1030/750 691/1029/749
f 739/1035/755 809/1062/777 747/1153/830
f 809/1062/777 805/1061/776 747/1153/830
f 746/1058/765 781/1023/744 810/1022/743
f 746/1058/765 810/1022/743 691/1029/749
f 676/1112/726 811/971/693 683/970/692
f 811/971/693 676/1112/726 727/1038/758
f 700/994/716 812/1046/764 672/992/714
f 769/993/715 814/1060/773 700/994/716
f 813/1031/751 808/1123/816 750/960/682
f 813/1031/751 670/945/668 808/1123/816
f 814/1060/773 812/1046/764 700/994/716
f 746/1047/765 812/1046/764 814/1060/773
f 815/1040/760 694/975/697 724/1043/763
f 752/1108/809 815/1110/760 724/1109/763
f 818/998/720 816/1130/822 804/1129/821
f 768/1116/813 743/1128/819 816/1130/822
f 690/1118/747 795/1013/734 817/959/681
f 817/959/681 733/1050/767 690/1118/747
f 816/1130/822 818/998/720 768/1116/813
f 768/1116/813 818/998/720 737/1030/750
f 819/989/711 767/1010/731 795/1164/734
f 690/1118/747 819/1169/711 795/1013/734
f 811/971/693 820/1111/810 689/972/694
f 820/1111/810 811/971/693 822/1051/768
f 688/964/686 739/1035/755 821/965/687
f 739/1035/755 775/1125/818 821/965/687
f 725/1025/746 822/1051/768 697/958/680
f 822/1051/768 725/1025/746 820/1111/810
f 823/1068/781 792/1161/829 805/1093/776
f 792/1161/829 823/1068/781 790/1054/771
f 824/1036/756 749/1088/794 709/1041/761
f 709/1041/761 800/1037/757 824/1036/756
f 825/1070/782 703/1069/698 759/1170/780
f 759/1170/780 805/1061/776 825/1070/782
f 742/1005/727 695/1132/787 826/1131/823
f 741/1083/792 826/1142/823 695/1078/787
f 756/1099/802 698/1049/766 827/1052/769
f 727/1038/758 827/1052/769 698/1049/766
f 738/969/691 828/961/683 757/991/713
f 738/969/691 707/968/690 828/961/683
f 718/1102/805 829/1121/815 720/1106/807
f 778/1155/803 720/1106/807 829/1121/815
f 674/1071/783 830/1003/725 766/1075/784
f 682/1000/722 830/1003/725 674/1071/783
