# This file uses centimeters as units for non-parametric coordinates.

mtllib TallFoliage.mtl
g default
v -3060.963551 191.571889 1906.174214
v -3060.521657 186.668263 1906.817037
v -3056.887379 193.859242 1906.674031
v -3059.714039 174.457142 1907.006856
v -3062.535817 193.590809 1895.646748
v -3068.876637 211.670643 1915.260762
v -3047.802907 299.606740 1820.995625
v -3105.009450 313.901784 1767.740743
v -3074.453297 307.224049 1821.580708
v -3131.317067 322.546803 1835.034383
v -3104.890309 291.151295 1848.052937
v -3089.044606 275.211842 1839.131734
v -3067.925953 231.410084 1887.140157
v -3058.602711 265.696583 1861.207112
v -3068.104664 300.991383 1815.423116
v -3061.551442 310.751637 1818.961995
v -3097.163746 318.588185 1747.657124
v -3089.897633 266.360463 1887.506917
v -3100.242848 291.726857 1884.876851
v -3144.803395 336.947682 1811.211446
v -3116.455739 307.394215 1823.374471
v -3041.248219 270.213734 1865.184834
v -3074.419118 261.447255 1883.051839
v -3053.423512 223.152638 1895.813619
v -3131.481129 304.985768 1749.829305
v -3090.973317 314.621998 1799.243489
v -3066.268727 324.615895 1782.726216
v -3056.581715 313.700978 1797.718709
v -3035.813160 236.792164 1885.947652
v -3078.531422 268.431080 1863.472127
v -3086.987965 289.004933 1846.798177
v -3108.235524 319.134328 1765.755147
v -3061.639332 212.764332 1889.204976
v -3138.835133 320.305958 1777.533589
v -3040.046559 252.282887 1877.041280
v -3150.858571 334.313283 1781.347066
v -3039.031422 284.283559 1843.467915
v -3034.861012 281.144032 1851.912129
v -3071.129567 230.973866 1909.338277
v -3084.318532 302.792409 1807.400777
v -3110.766285 299.040700 1880.452412
v -3081.767262 311.881764 1803.712239
v -3128.625660 327.517140 1836.498799
v -3064.132985 319.634694 1781.800801
v -3137.214528 327.943776 1826.671773
v -3126.169118 311.132497 1746.995503
v -3058.772633 114.013966 1903.789266
v -3115.184254 317.496998 1810.061665
v -3048.252614 99.264210 1911.562520
v -3108.117360 306.331227 1801.652242
v -3054.668629 66.002003 1906.528462
v -3083.608571 249.439809 1906.602803
v -3054.893239 64.748036 1911.883687
v -3072.247243 226.397755 1904.343526
v -3113.598805 315.381642 1830.851704
v -3044.247243 222.231862 1889.024800
v -3065.720875 325.852833 1768.572469
v -3071.240895 274.695607 1864.377217
v -3050.170582 108.909535 1903.479756
v -3088.961110 305.690602 1829.783711
v -3096.877614 322.122731 1745.824788
v -3100.690114 300.990895 1809.423665
v -3051.590504 139.417775 1906.251424
v -3072.472340 308.963917 1812.865865
v -3078.963063 259.904835 1896.885701
v -3083.293141 281.468800 1863.990437
v -3047.295094 47.546620 1908.820332
v -3113.628590 298.879567 1870.878438
v -3148.086598 332.551564 1802.688619
v -3051.063649 195.824513 1901.297383
v -3084.981618 278.326893 1840.181600
v -3112.723805 306.488331 1802.628804
v -3054.181325 122.149647 1911.879292
v -3063.320485 316.559376 1790.407369
v -3055.060719 319.073048 1798.742879
v -3066.303883 174.088063 1916.303792
v -3050.188160 245.891957 1884.435445
v -3056.144215 161.435841 1900.229817
v -3050.916188 232.257252 1888.738362
v -3120.301930 308.908497 1776.001668
v -3092.396168 277.238148 1894.773457
v -3082.869313 307.542409 1801.809346
v -3068.218434 247.056630 1882.662495
v -3094.602223 278.564931 1840.735738
v -3070.799977 323.345631 1761.087056
v -3058.606129 313.601247 1805.696248
v -3093.905446 280.025319 1846.811238
v -3058.022633 323.704274 1788.740498
v -3092.113942 300.813649 1841.096455
v -3069.549489 254.019887 1872.168599
v -3132.997731 330.660939 1827.702290
v -3150.182789 327.187428 1767.497395
v -3082.119313 253.399037 1909.949605
v -3052.038746 245.324757 1877.627828
v -3088.206715 265.606434 1901.098592
v -3102.597340 286.067372 1882.596822
v -3059.638844 164.346730 1899.967061
v -3072.112477 301.715260 1813.608662
v -3049.428883 313.272633 1805.287923
v -3072.616383 249.908986 1878.791829
v -3056.808278 175.194874 1908.155537
v -3073.808766 252.949635 1870.510335
v -3058.471364 155.696400 1904.771565
v -3124.064137 309.576100 1745.658894
v -3057.662770 133.554738 1900.666829
v -3086.134450 260.366139 1891.378499
v -3057.782887 179.752492 1896.325704
v -3105.570485 296.753712 1809.898641
v -3061.099293 193.822804 1899.555196
v -3055.778004 288.600392 1834.744038
v -3050.968922 57.391163 1913.737203
v -3071.122731 213.055409 1911.033894
v -3123.432301 314.800709 1828.572591
v -3038.222828 243.074208 1883.290730
v -3103.656910 310.762990 1824.412007
v -3036.634450 242.764699 1879.305745
v -3110.848317 316.162404 1834.635152
v -3040.236989 267.970753 1861.650777
v -3082.268239 274.579274 1881.351949
v -3049.975270 256.655690 1879.105367
v -3135.125172 323.221120 1774.094258
v -3040.657887 259.768361 1871.826314
v -3123.843922 311.590504 1768.756734
v -3062.184254 252.712086 1882.418965
v -3134.126149 309.971486 1746.928426
v -3102.407399 293.081349 1829.014180
v -3114.145680 309.960866 1875.743306
v -3081.031910 258.185963 1885.031026
v -3120.740895 311.643483 1867.513142
v -3092.124684 303.136403 1802.190999
v -3051.543629 315.910573 1806.826924
v -3098.883473 281.139699 1866.190450
v -3096.254078 308.551564 1816.061299
v -3057.493336 132.680531 1909.382832
v -3104.525563 312.386403 1796.640706
v -3051.577321 45.612965 1906.178975
v -3056.014821 155.723073 1909.234883
v -3138.768727 311.885792 1753.588643
v -3056.704274 246.675709 1884.498799
v -3116.751149 311.009572 1776.924580
v -3059.073903 208.558766 1900.976155
v -3123.518239 312.489796 1776.794331
v -3058.663258 229.707997 1892.256856
v -3071.193043 305.630910 1827.245808
v -3053.461110 225.390736 1886.732381
v -3066.786793 235.709401 1896.744893
v -3057.560719 228.421742 1885.081441
v -3072.449391 328.154835 1758.744405
v -3061.705739 173.705556 1917.162618
v -3071.869313 257.395253 1884.264729
v -3053.486012 171.234486 1906.221700
v -3081.554371 259.796681 1880.537190
v -3064.869801 284.042897 1856.499165
v -3107.456715 303.403493 1814.122762
v -3080.493825 292.365895 1847.283284
v -3139.740407 316.953663 1755.810079
v -3079.301442 311.206349 1804.510396
v -3151.662282 328.536671 1775.651448
v -3054.906910 319.785695 1790.024556
v -3098.317555 302.291432 1823.403584
v -3076.560231 280.587453 1838.429463
v -3053.213551 45.623097 1910.094746
v -3053.350270 309.194508 1805.582173
v -3011.028004 212.308644 1836.275624
v -3018.868336 197.500416 1866.209279
v -3023.332692 217.630299 1811.741109
v -3029.227223 194.727467 1844.097829
v -3035.300953 174.640919 1866.610127
v -3023.890309 186.344899 1865.164693
v -3042.066578 184.303883 1859.643544
v -3058.720387 173.577321 1877.020619
v -3047.704762 213.006764 1831.309193
v -3042.946461 201.011647 1851.092488
v -3026.551930 229.905995 1775.424947
v -3034.035328 220.754323 1816.726888
v -3035.620778 214.533986 1820.013997
v -3044.620778 171.666432 1875.925038
v -3031.775075 198.264455 1847.393575
v -3039.656422 202.545216 1852.514546
v -3056.630055 189.971242 1862.143636
v -3011.474782 223.290211 1824.614705
v -3047.260914 225.553212 1812.357350
v -3033.525563 165.872243 1878.640340
v -3055.106129 217.244801 1842.298940
v -3046.175465 125.773488 1896.843953
v -3001.792164 231.900014 1785.390920
v -3042.006032 149.025441 1886.768269
v -3004.092946 222.150624 1841.062032
v -3044.369801 229.999501 1804.632192
v -3048.617360 118.814747 1902.538426
v -3030.369313 235.028065 1776.901662
v -3005.841969 210.788991 1860.815083
v -3039.310719 145.227101 1894.051869
v -3013.308766 223.672719 1774.776418
v -3052.939625 78.082570 1909.017033
v -3038.147633 141.222218 1893.564443
v -3029.419606 213.834035 1816.443745
v -3053.910328 191.522389 1865.630391
v -3021.609547 205.561696 1824.557576
v -3059.136403 166.516408 1885.558247
v -3018.496754 210.032765 1825.784535
v -3050.861012 176.656300 1875.167317
v -2999.168141 230.326283 1794.370046
v -3044.154469 171.979420 1871.270223
v -3053.240407 226.536061 1819.599385
v -2998.197926 226.357045 1820.037068
v -3045.455250 229.948292 1813.163625
v -3017.784352 208.405202 1855.626546
v -3047.727711 59.485524 1907.864095
v -3047.778004 74.110646 1910.594975
v -3001.254567 216.592457 1844.049092
v -2996.568532 223.306813 1837.508199
v -3038.553395 170.632130 1871.393117
v -3007.817067 215.397755 1829.527730
v -3013.680836 226.480397 1775.310109
v -3024.099293 163.975392 1889.665364
v -3060.164723 162.603444 1882.976949
v -3021.329274 183.118947 1875.073445
v -3038.635426 236.437245 1792.057637
v -3025.490895 164.018849 1893.116399
v -3040.336598 234.245900 1790.819295
v -3033.136403 168.507619 1879.703420
v -3054.983571 213.778248 1838.916036
v -3005.975758 223.616933 1825.166524
v -3031.755543 183.148854 1867.216817
v -2999.775075 229.124745 1820.140889
v -3000.903004 227.486134 1828.737996
v -3005.226735 206.441334 1860.151692
v -3039.356129 133.199391 1899.663625
v -3013.850270 198.956959 1861.430135
v -3023.159840 218.652150 1803.138356
v -3018.856129 191.682423 1868.836385
v -3041.000660 231.379201 1807.326283
v -2996.704762 225.705983 1828.049703
v -3051.803883 52.549733 1906.552907
v -3031.104664 220.328358 1819.560017
v -3048.860035 51.137501 1910.794728
v -3047.799489 138.763478 1892.804295
v -3025.343922 204.276173 1825.634419
v -3046.766774 138.911427 1895.652821
v -3046.056325 197.669972 1856.219991
v -3016.691578 224.119862 1786.135396
v -3055.842457 51.890675 1909.192281
v -3051.025075 175.780324 1872.579488
v -3051.545094 75.895680 1906.253911
v -3061.622731 162.703175 1885.763905
v -3009.954274 216.608693 1824.727254
v -3029.178395 223.277089 1812.423177
v -3041.087086 128.746388 1901.911961
v -3040.843922 130.585133 1896.077672
v -3040.306325 185.617482 1863.843892
v -3041.897633 121.281056 1900.632176
v -3110.221852 246.439747 1939.680318
v -3087.933766 223.880788 1922.456441
v -3115.817555 254.025532 1967.504048
v -3095.094899 224.472035 1947.342427
v -3081.650075 198.350819 1936.032613
v -3087.882496 212.098408 1927.853169
v -3077.924489 208.678334 1945.146382
v -3057.148610 190.663655 1944.527974
v -3084.550953 243.015004 1969.142720
v -3078.128102 227.411427 1950.949361
v -3135.813649 269.862965 1998.619038
v -3103.429860 255.226979 1970.910054
v -3101.244313 248.082326 1969.603902
v -3069.404469 191.371754 1935.701070
v -3090.019703 227.029072 1946.265767
v -3079.357594 229.140736 1947.404927
v -3063.287282 211.521351 1952.822408
v -3115.407399 259.656758 1948.873677
v -3095.007008 259.127644 1983.461324
v -3078.181325 186.662312 1926.531392
v -3070.370289 244.208485 1965.306050
v -3068.709157 136.465718 1925.357076
v -3148.424000 274.124013 1973.575337
v -3072.382985 166.247548 1928.661275
v -3110.295094 256.735554 1930.596333
v -3101.738942 265.166066 1987.572163
v -3064.081227 127.244069 1922.490620
v -3131.118336 274.730183 2000.207906
v -3098.225758 240.713490 1916.615376
v -3071.006032 159.968037 1921.501607
v -3147.528493 264.811635 1989.786275
v -3057.360524 80.369923 1916.081197
v -3073.438160 155.986470 1921.486226
v -3108.639821 248.679066 1968.127828
v -3062.673024 212.596882 1948.015279
v -3111.175953 239.971394 1956.622456
v -3053.743336 180.940907 1939.116597
v -3111.830250 244.804158 1953.287984
v -3063.431813 195.533803 1940.058003
v -3144.564625 272.088734 1964.526753
v -3072.648610 193.088704 1938.960591
v -3085.166676 258.274190 1981.778951
v -3128.438649 265.234608 1943.268208
v -3095.053883 263.830464 1981.467427
v -3092.921559 237.659596 1929.237203
v -3059.722828 59.455311 1909.135640
v -3060.058278 76.522145 1910.519673
v -3111.733571 250.815297 1926.479146
v -3118.412282 259.596882 1928.185445
v -3077.347828 192.610646 1935.090718
v -3116.590016 251.185444 1942.670308
v -3146.535328 267.697652 1989.707417
v -3079.082203 182.947835 1911.571431
v -3055.948414 177.763905 1942.404683
v -3084.402516 206.681325 1918.625630
v -3113.879078 274.016347 1993.718648
v -3075.793141 181.647145 1909.861958
v -3113.713551 271.633168 1995.877583
v -3076.921071 188.990956 1925.079244
v -3073.565602 241.340901 1968.124165
v -3119.314137 260.637349 1944.606587
v -3081.382496 207.180470 1932.101216
v -3126.611989 267.907612 1944.230611
v -3120.132985 264.795735 1938.119771
v -3100.251149 236.479664 1917.017232
v -3070.561207 145.221577 1918.072408
v -3094.611500 227.256764 1922.601949
v -3121.508961 256.130971 1974.169087
v -3087.858571 217.322499 1920.910054
v -3102.320485 266.692494 1983.057027
v -3124.272633 263.600606 1935.809712
v -3055.811696 51.261403 1910.967915
v -3103.918141 254.753529 1966.629048
v -3055.106618 51.378224 1905.332906
v -3067.092946 151.868306 1929.050679
v -3107.833668 237.994069 1958.452046
v -3065.970875 151.368764 1926.050679
v -3073.222340 222.373952 1949.354390
v -3137.147633 264.188100 1983.144185
v -3050.687672 51.461476 1911.558980
v -3065.252614 195.384267 1942.302876
v -3060.163746 77.437428 1916.872701
v -3053.017750 176.705495 1941.254537
v -3117.871754 252.894826 1947.927876
v -3109.681813 259.074391 1970.906880
v -3068.679860 139.530141 1917.673238
v -3072.413258 142.943074 1922.112203
v -3076.178883 209.208821 1940.484517
v -3070.329762 131.244343 1919.397603
v -3048.906422 147.038136 1934.004781
v -3048.781422 143.707265 1932.838887
v -3051.130055 148.912526 1932.356099
v -3048.876149 135.231923 1930.859029
v -3052.339039 147.131276 1940.902364
v -3041.084157 161.742909 1934.571675
v -3093.973317 213.297902 1990.915181
v -3082.775563 214.014760 2046.295552
v -3078.414235 217.282643 2002.350606
v -3040.211110 226.566701 2019.670552
v -3049.506032 207.536305 1997.559834
v -3061.977711 196.180165 1994.207906
v -3053.598805 172.298512 1952.722188
v -3070.446950 193.728810 1968.069600
v -3084.469410 212.537038 2002.500630
v -3087.076344 220.125966 1999.058858
v -3095.652516 215.350575 2055.162862
v -3041.518727 195.622487 1965.841084
v -3037.192555 212.507313 1974.743428
v -3042.440602 233.128163 2040.548482
v -3053.247243 215.387440 2018.379781
v -3079.031422 198.274281 1959.334981
v -3052.223805 192.483082 1961.485005
v -3058.294118 168.309376 1940.850484
v -3074.465993 204.274098 2066.118672
v -3078.100758 218.959889 2022.725728
v -3099.461598 225.319630 2023.393697
v -3098.711110 219.958546 2009.534078
v -3072.901539 177.623830 1941.062032
v -3057.993336 194.851674 1975.203999
v -3060.382496 206.835988 1990.745259
v -3081.836110 217.270619 2049.397603
v -3055.958180 159.832753 1946.637837
v -3059.253102 217.851735 2055.234883
v -3074.452321 187.188588 1949.817525
v -3051.043141 227.459340 2059.705586
v -3089.529957 205.683278 1972.602193
v -3088.432789 204.699452 1965.698140
v -3042.662770 174.429310 1941.304097
v -3078.353688 211.996083 2013.878682
v -3033.054860 216.546132 1982.459004
v -3081.565602 218.055531 2016.097554
v -3041.300953 230.357533 2018.372456
v -3100.960133 221.840016 2022.425923
v -3040.324391 229.047475 2027.514546
v -3078.863942 208.521962 2066.358296
v -3049.259450 92.629079 1924.670552
v -3059.668141 220.957997 2026.735249
v -3051.846852 83.782643 1914.106099
v -3066.939625 212.535817 2027.254903
v -3049.355641 59.587819 1915.373433
v -3036.969899 186.362599 1950.259053
v -3047.008961 59.327443 1912.251241
v -3043.939625 170.583363 1944.027486
v -3052.052418 222.002980 2013.966206
v -3066.382008 167.354603 1940.885884
v -3105.588063 224.552296 2031.401631
v -3062.019215 199.725575 1972.523457
v -3054.266285 89.478444 1920.713521
v -3066.587086 216.404530 2003.360249
v -3096.653493 217.622731 2056.538838
v -3067.958180 210.106373 2019.135274
v -3053.054371 111.066456 1923.565694
v -3083.167164 217.581532 2006.738301
v -3043.895192 192.787465 1955.241475
v -3055.330250 203.778859 1978.487447
v -3052.259938 47.339467 1908.742818
v -3035.293141 215.157948 1989.060079
v -3043.901051 228.879079 2046.185689
v -3056.761891 149.964406 1933.310079
v -3063.989430 198.697377 1992.355611
v -3063.864430 212.516225 2028.585713
v -3048.827321 99.512196 1919.222798
v -3097.844899 220.742482 2016.798360
v -3099.309743 223.916554 2009.012471
v -3041.237477 135.715993 1928.181416
v -3065.377614 183.049489 1948.903829
v -3053.401051 125.518117 1931.630879
v -3062.864430 173.979664 1945.020650
v -3070.382985 210.681996 2047.152852
v -3037.364430 203.951039 1964.084615
v -3081.595387 214.738698 2017.081075
v -3055.638844 182.700795 1957.373311
v -3058.171071 198.419240 1995.970601
v -3105.627125 221.651051 2037.413716
v -3094.274586 220.717763 2005.791890
v -3056.132008 200.190663 1992.407246
v -3101.782399 225.824757 2016.504537
v -3060.015309 214.154408 1997.568990
v -3059.317555 186.268788 1964.779195
v -3042.424489 231.292164 2025.560323
v -3056.915211 220.885548 2066.430562
v -3036.567555 189.603444 1948.246724
v -3067.065602 181.755543 1953.465718
v -3036.936696 196.780018 1957.307271
v -3036.615407 208.156788 1976.282979
v -3051.546071 127.338124 1933.565816
v -3082.895680 212.617970 2005.252339
v -3099.773121 220.926259 2002.262105
v -3054.729176 184.008534 1961.725240
v -3050.115407 136.036488 1929.119283
v -3057.490407 185.099904 1967.316792
v -3050.052907 121.913747 1929.258199
v -3080.596364 207.388051 2066.070454
v -3051.657399 105.988576 1928.472188
v -3041.981618 192.083851 1961.348897
v -3054.488453 137.783986 1936.838399
v -3064.820973 206.939931 2020.307637
v -3051.584157 147.828358 1938.120015
v -3083.452321 206.791371 1984.914815
v -3048.355641 54.607411 1908.672383
v -3041.536793 162.096364 1938.068257
v -3047.247243 220.808217 2019.180074
v -3072.737477 181.578114 1944.349019
v -3060.352711 218.543263 2013.024434
v -3075.281422 180.978078 1945.938741
v -3052.127614 223.138783 2010.791524
v -3081.007496 196.344227 1960.657246
v -3048.671071 201.052540 1967.297749
v -3067.940114 189.963490 1953.218770
v -3062.886891 219.683461 2056.060689
v -3076.408375 191.779591 1953.986470
v -3071.345387 211.519887 2053.060567
v -3059.386891 186.947438 1955.780537
v -3074.233082 207.280629 2069.476338
v -3058.769215 206.782887 2007.657002
v -3033.277516 223.452016 1987.895772
v -3047.488453 190.084096 1962.624898
v -3032.840993 223.313344 1995.477437
v -3075.946461 211.211659 2020.059224
v -3097.978688 222.839833 2002.575215
v -3045.352711 202.981129 1983.512349
v -3068.014821 216.408497 2014.506490
v -3048.176442 106.409169 1923.321309
v -3071.223317 216.372853 2029.422749
v -3050.799000 45.450246 1911.741231
v -3049.660328 122.586354 1925.719869
v -3068.859547 209.155263 2067.801656
v -3061.579274 183.259999 1951.608907
v -3072.124196 212.447926 2045.452046
v -3052.543141 158.409047 1938.351704
v -3068.275563 213.109608 2048.457662
v -3056.858082 172.199391 1945.832662
v -3077.960133 217.006032 1997.595723
v -3062.034352 168.806813 1946.328633
v -3050.445973 176.493214 1947.325215
v -3060.397145 170.515736 1949.315816
v -3105.740407 224.652272 2040.026997
v -3043.552907 135.792775 1925.779073
v -3053.112965 189.926503 1959.246968
v -3052.741383 133.215626 1928.374287
v -3049.057789 190.655568 1965.603658
v -3069.171071 205.675954 1975.615743
v -3062.162282 211.986928 2019.503682
v -3064.045094 209.587697 1988.260152
v -3067.510914 212.909230 2067.569356
v -3082.658375 217.807362 2014.557027
v -3052.758961 222.708058 2062.549947
v -3102.975270 223.399830 2014.013204
v -3063.663746 212.782643 2010.363667
v -3069.659840 200.518788 1990.226216
v -3048.249196 45.830128 1910.172383
v -3097.271657 217.900685 2003.168721
v -3045.405934 167.705250 1914.206929
v -3045.817555 163.618336 1913.672505
v -3048.730153 169.438405 1915.356343
v -3046.124196 153.419545 1913.305074
v -3040.565602 169.195058 1921.692281
v -3043.244801 185.022572 1905.398091
v -3028.567555 254.944325 1987.676412
v -2967.002125 268.099599 2008.409566
v -3008.876149 262.502370 1978.189351
v -2971.138844 278.157887 1948.687642
v -2994.740407 251.150380 1946.829244
v -3003.077321 236.942677 1958.472310
v -3034.639332 200.715382 1927.798238
v -3033.570485 228.197621 1952.092183
v -3011.309254 256.873646 1984.812398
v -3017.803883 264.792897 1984.846578
v -2965.983082 271.148122 2026.533833
v -3019.233571 230.815175 1921.257222
v -3011.260914 252.336476 1920.665181
v -2952.983571 290.163319 1962.547261
v -2977.789723 264.581654 1962.086812
v -3048.218922 231.275502 1955.370992
v -3029.203297 225.915883 1929.855611
v -3048.402516 193.402333 1925.996236
v -2940.417164 261.423146 2012.272115
v -2988.741383 268.850758 1989.569966
v -3001.875660 275.647511 2011.142476
v -3014.151539 266.496083 2002.764546
v -3058.636403 203.719716 1940.203755
v -3019.400563 231.428944 1943.494038
v -3007.754078 248.525197 1953.976704
v -2964.023610 272.552296 2008.994283
v -3039.550465 184.958546 1927.671285
v -2945.102711 275.200001 1989.395162
v -3052.766285 216.586720 1946.089742
v -2937.792164 287.499440 1982.873433
v -3042.657887 242.349904 1973.142476
v -3048.691578 239.758046 1968.097066
v -3040.038746 201.049000 1909.883931
v -2996.286793 258.904286 1985.252583
v -3001.973805 258.790394 1920.615376
v -2997.188160 266.265431 1989.313374
v -2973.839039 282.211476 1948.733296
v -3003.010914 271.380665 2012.384663
v -2963.897145 282.709218 1953.158345
v -2943.615895 266.231068 2016.534566
v -3043.866383 102.970570 1913.552388
v -2974.359059 272.604787 1973.011617
v -3054.107594 90.409047 1910.761372
v -2976.390797 262.780202 1981.382710
v -3046.475758 62.878163 1910.927388
v -3030.208180 216.918385 1908.335591
v -3048.157887 61.977376 1906.750386
v -3037.294118 197.164967 1913.075093
v -2982.828297 271.289479 1957.773335
v -3052.910328 192.053212 1934.310689
v -2997.332203 276.300465 2022.079488
v -3025.416676 236.338856 1945.631734
v -3050.099782 98.325246 1916.595845
v -3000.765797 262.083607 1966.831929
v -2965.659840 274.032521 2028.165425
v -2984.580250 258.192494 1977.898335
v -3050.930836 123.859975 1915.271870
v -3007.349782 263.644948 1985.541646
v -3030.606129 225.180714 1917.743550
v -3016.382008 242.511708 1941.972310
v -3052.294118 47.236409 1911.018453
v -2996.428883 258.546925 1926.836324
v -2947.362477 286.438832 1967.650044
v -3051.291188 170.678456 1921.545796
v -3006.610524 239.379445 1959.235982
v -2973.260426 263.142934 1979.033345
v -3050.435719 109.739094 1909.391499
v -3006.568532 268.997670 2006.039937
v -3015.824391 270.925770 2002.748189
v -3044.416188 153.640584 1903.950826
v -3047.521657 211.906605 1936.675191
v -3046.034352 142.248067 1919.137593
v -3048.076344 200.693959 1932.601460
v -2958.214039 264.836903 1996.589009
v -3020.239918 240.165517 1915.341695
v -2995.552418 262.654591 1990.183492
v -3033.312672 213.644765 1931.729390
v -2999.547047 240.024953 1955.447896
v -2990.778493 274.255482 2025.846089
v -3015.433766 266.702626 1996.022359
v -3002.260914 241.360707 1951.162984
v -3010.197926 274.666432 2009.457417
v -3002.228688 258.446583 1956.974751
v -3028.816090 219.241383 1939.479634
v -2967.528493 284.807179 1953.974019
v -2933.199391 281.191212 1993.277974
v -3032.634938 220.231190 1906.494771
v -3043.704274 211.348317 1941.144429
v -3025.283864 230.449330 1911.550923
v -3008.507008 247.673695 1921.325337
v -3043.390797 144.822743 1918.229146
v -3007.663746 257.611745 1984.805074
v -3022.212086 266.005360 1999.540913
v -3028.712086 216.121632 1933.227193
v -3048.746266 153.931386 1913.488179
v -3024.981618 218.501027 1939.191792
v -3045.705250 137.687245 1914.650044
v -2944.686696 264.807118 2018.219136
v -3044.195485 119.113087 1917.113912
v -3023.259938 225.751027 1919.404683
v -3043.974293 157.475697 1922.273091
v -2980.932789 254.896107 1975.648824
v -3043.035817 169.420643 1919.253316
v -3027.061696 246.481862 1974.030171
v -3051.552907 55.721120 1906.422749
v -3040.098805 186.171559 1907.860494
v -2974.579274 271.192189 1956.016744
v -3056.069508 208.992848 1941.626119
v -2987.924489 266.835622 1965.938863
v -3055.853688 208.564320 1945.181783
v -2986.264332 271.909657 1955.913960
v -3047.668141 229.274403 1958.302876
v -3023.073414 237.161366 1928.928853
v -3046.128590 220.726552 1941.224751
v -2946.780446 277.374379 1993.418355
v -3050.691578 222.717152 1950.126119
v -2953.064625 267.049245 2000.930074
v -3037.956227 218.075734 1934.268208
v -2937.547047 265.621388 2013.741841
v -2989.956227 252.171742 1962.165669
v -2998.090993 267.917775 1923.440572
v -3024.808766 223.547719 1925.901753
v -2990.256520 269.411183 1927.411275
v -2988.563160 259.412831 1986.460591
v -3021.237477 268.335255 1997.745259
v -3005.373219 242.995167 1934.820210
v -2990.502125 264.452748 1974.756245
v -3047.372243 118.594380 1910.552144
v -2977.518727 267.535145 1986.682515
v -3048.069508 45.753682 1911.429341
v -3049.135914 137.709767 1912.141744
v -2936.448414 267.590260 2007.159078
v -3042.645680 212.854481 1934.370747
v -2961.286305 266.449147 1997.226460
v -3045.513844 181.634389 1919.504292
v -2956.173512 267.983449 1995.009175
v -3043.388844 199.008168 1927.115620
v -3013.289235 261.169850 1974.988179
v -3045.237965 195.041493 1932.937642
v -3039.018727 204.482777 1921.120992
v -3041.651539 197.708790 1932.870503
v -2988.852223 278.275746 2027.236470
v -3048.180348 153.136220 1904.901265
v -3031.434254 222.457387 1929.666646
v -3050.453297 150.435994 1915.951802
v -3022.877125 224.800526 1929.180562
v -3027.732594 243.638417 1954.210835
v -2981.201344 260.623036 1972.071431
v -3012.931813 251.043080 1956.030904
v -2936.651539 271.908986 2005.349751
v -2999.311696 265.611745 1989.548482
v -2935.000172 282.584279 1986.653706
v -3012.885914 271.295277 2009.418599
v -2991.344410 259.516347 1968.224019
v -3012.422047 240.838368 1963.611958
v -3048.215016 45.933278 1907.896382
v -3019.229664 262.793873 1997.771138
vt 0.897008 0.089241
vt 0.692275 0.305675
vt 0.693178 0.289351
vt 0.929548 0.077625
vt 0.137885 0.959676
vt 0.195973 0.968951
vt 0.119577 0.971999
vt 0.886822 0.080268
vt 0.943161 0.057991
vt 0.871567 0.120527
vt 0.833300 0.118126
vt 0.803528 0.098089
vt 0.567238 0.445542
vt 0.591386 0.401849
vt 0.616610 0.400552
vt 0.644799 0.093543
vt 0.641980 0.055385
vt 0.714690 0.071354
vt 0.413581 0.468401
vt 0.572421 0.164312
vt 0.608043 0.151359
vt 0.560108 0.133924
vt 0.555074 0.097303
vt 0.647828 0.109398
vt 0.543984 0.571712
vt 0.528619 0.550281
vt 0.626876 0.475861
vt 0.370766 0.604239
vt 0.451740 0.585283
vt 0.439363 0.648517
vt 0.486230 0.260011
vt 0.389099 0.478591
vt 0.416871 0.525025
vt 0.447017 0.482795
vt 0.429239 0.456070
vt 0.553742 0.418295
vt 0.714025 0.197219
vt 0.694609 0.206038
vt 0.709868 0.185467
vt 0.644946 0.163253
vt 0.542304 0.388995
vt 0.741175 0.156812
vt 0.658927 0.136249
vt 0.750674 0.133632
vt 0.689517 0.159210
vt 0.745920 0.094937
vt 0.883191 0.073756
vt 0.744787 0.104159
vt 0.839989 0.076220
vt 0.716407 0.036478
vt 0.687148 0.023737
vt 0.831615 0.048725
vt 0.718744 0.273965
vt 0.239063 0.957560
vt 0.580274 0.062240
vt 0.560035 0.594670
vt 0.552559 0.601336
vt 0.590175 0.025203
vt 0.516909 0.563132
vt 0.506556 0.629982
vt 0.505079 0.583816
vt 0.518789 0.581542
vt 0.570368 0.372610
vt 0.763123 0.110989
vt 0.792520 0.174709
vt 0.585983 0.374878
vt 0.574678 0.389670
vt 0.837939 0.129000
vt 0.426419 0.448277
vt 0.585704 0.217616
vt 0.523334 0.257207
vt 0.487816 0.222130
vt 0.382873 0.470808
vt 0.434634 0.486428
vt 0.654485 0.411660
vt 0.653829 0.372809
vt 0.676947 0.407905
vt 0.621789 0.415615
vt 0.575743 0.459203
vt 0.581920 0.405967
vt 0.681109 0.378715
vt 0.668616 0.360811
vt 0.703000 0.312751
vt 0.630653 0.363864
vt 0.424796 0.199725
vt 0.424361 0.155450
vt 0.468973 0.155787
vt 0.547474 0.170902
vt 0.479839 0.593011
vt 0.467871 0.545802
vt 0.497298 0.530320
vt 0.453093 0.507827
vt 0.391215 0.667028
vt 0.473615 0.593392
vt 0.469966 0.073363
vt 0.439682 0.085761
vt 0.816048 0.061094
vt 0.667834 0.383798
vt 0.522350 0.485393
vt 0.541777 0.449688
vt 0.532974 0.495370
vt 0.472200 0.521953
vt 0.428882 0.568150
vt 0.353667 0.578483
vt 0.345552 0.642524
vt 0.806696 0.069577
vt 0.683962 0.409648
vt 0.771154 0.058123
vt 0.441276 0.224903
vt 0.490580 0.190547
vt 0.338013 0.551635
vt 0.679198 0.426607
vt 0.463729 0.249440
vt 0.307691 0.574375
vt 0.477783 0.249846
vt 0.620501 0.030766
vt 0.592528 0.016064
vt 0.670498 0.030672
vt 0.810643 0.153142
vt 0.536298 0.039003
vt 0.509782 0.033119
vt 0.665596 0.223192
vt 0.677926 0.199734
vt 0.478085 0.405246
vt 0.518239 0.049582
vt 0.543583 0.115541
vt 0.533586 0.096945
vt 0.354697 0.485288
vt 0.314078 0.603723
vt 0.182857 0.932186
vt 0.185008 0.949522
vt 0.149107 0.944769
vt 0.162847 0.925741
vt 0.431821 0.551449
vt 0.494509 0.490362
vt 0.041934 0.930981
vt 0.023490 0.962186
vt 0.059871 0.947396
vt 0.591944 0.344827
vt 0.056773 0.937381
vt 0.863140 0.115401
vt 0.432650 0.102306
vt 0.572505 0.485591
vt 0.912507 0.060315
vt 0.490809 0.173370
vt 0.708334 0.273797
vt 0.020509 0.951959
vt 0.020327 0.943536
vt 0.675091 0.331266
vt 0.649270 0.118768
vt 0.565885 0.147111
vt 0.697384 0.250717
vt 0.227585 0.941166
vt 0.968308 0.068328
vt 0.704111 0.257046
vt 0.497083 0.644208
vt 0.640338 0.410753
vt 0.642265 0.457680
vt 0.634246 0.436202
vt 0.646922 0.130835
vt 0.433925 0.211209
vt 0.303184 0.595239
vt 0.489658 0.181634
vt 0.514521 0.631258
vt 0.519406 0.032112
vt 0.762902 0.139560
vt 0.566966 0.391229
vt 0.415317 0.666318
vt 0.421796 0.104956
vt 0.301614 0.582233
vt 0.425847 0.219200
vt 0.962445 0.060311
vt 0.736973 0.245689
vt 0.773029 0.156664
vt 0.461102 0.410084
vt 0.684701 0.222493
vt 0.492739 0.395446
vt 0.782576 0.029099
vt 0.793883 0.040372
vt 0.409944 0.474346
vt 0.586747 0.190864
vt 0.763664 0.140967
vt 0.245410 0.951094
vt 0.945808 0.049537
vt 0.311194 0.607668
vt 0.573423 0.071425
vt 0.527834 0.582205
vt 0.572912 0.356010
vt 0.816712 0.158969
vt 0.634564 0.478608
vt 0.742281 0.035553
vt 0.480735 0.634084
vt 0.489856 0.640183
vt 0.566307 0.598259
vt 0.581908 0.021748
vt 0.479930 0.599668
vt 0.535790 0.087752
vt 0.515956 0.400210
vt 0.740448 0.181257
vt 0.652787 0.424144
vt 0.939073 0.095284
vt 0.703070 0.270160
vt 0.568109 0.251554
vt 0.537022 0.266764
vt 0.416894 0.156046
vt 0.697696 0.358883
vt 0.831885 0.020064
vt 0.628669 0.333837
vt 0.304626 0.544350
vt 0.318260 0.519668
vt 0.445447 0.656370
vt 0.604442 0.234491
vt 0.654696 0.305746
vt 0.627338 0.507894
vt 0.812850 0.044026
vt 0.676041 0.381471
vt 0.562965 0.055708
vt 0.688827 0.296717
vt 0.042122 0.975623
vt 0.017963 0.972857
vt 0.257347 0.972276
vt 0.227101 0.980051
vt 0.227271 0.930769
vt 0.161666 0.981242
vt 0.010424 0.950707
vt 0.736671 0.265247
vt 0.793538 0.680386
vt 0.792365 0.774236
vt 0.755094 0.697324
vt 0.872347 0.761015
vt 0.906772 0.667033
vt 0.916746 0.788880
vt 0.943720 0.793182
vt 0.934044 0.720565
vt 0.916946 0.599649
vt 0.883632 0.551192
vt 0.906017 0.518018
vt 0.887576 0.532276
vt 0.752641 0.595455
vt 0.878570 0.650358
vt 0.864697 0.584202
vt 0.822370 0.601398
vt 0.819940 0.647931
vt 0.794744 0.601556
vt 0.930027 0.543218
vt 0.863732 0.519768
vt 0.943645 0.501299
vt 0.924697 0.501095
vt 0.960046 0.486183
vt 0.735954 0.678727
vt 0.953051 0.582048
vt 0.730095 0.588772
vt 0.742435 0.542011
vt 0.983431 0.611713
vt 0.715819 0.780225
vt 0.736455 0.697267
vt 0.756607 0.763096
vt 0.970553 0.691723
vt 0.990227 0.733200
vt 0.947670 0.683944
vt 0.956326 0.666266
vt 0.988041 0.672004
vt 0.687140 0.621196
vt 0.969485 0.630281
vt 0.927869 0.658943
vt 0.878009 0.669959
vt 0.709412 0.542313
vt 0.965567 0.535897
vt 0.755978 0.503401
vt 0.768576 0.536536
vt 0.958611 0.577226
vt 0.993083 0.606801
vt 0.717832 0.572276
vt 0.954677 0.566402
vt 0.799655 0.567658
vt 0.697340 0.694301
vt 0.956201 0.457262
vt 0.921247 0.400272
vt 0.715192 0.462701
vt 0.710726 0.453471
vt 0.759444 0.403593
vt 0.994740 0.655026
vt 0.896989 0.408127
vt 0.893831 0.481671
vt 0.740371 0.495050
vt 0.764865 0.437891
vt 0.817644 0.701111
vt 0.857679 0.706273
vt 0.776339 0.490725
vt 0.778697 0.421620
vt 0.831947 0.637060
vt 0.884954 0.681303
vt 0.978925 0.765857
vt 0.701930 0.744368
vt 0.926485 0.395611
vt 0.961614 0.452141
vt 0.805968 0.470961
vt 0.783326 0.412955
vt 0.956500 0.796077
vt 0.759342 0.796733
vt 0.726713 0.789952
vt 0.828945 0.595091
vt 0.771829 0.240523
vt 0.776308 0.377063
vt 0.760825 0.351576
vt 0.757787 0.790659
vt 0.922100 0.241148
vt 0.921786 0.344477
vt 0.913978 0.366526
vt 0.901420 0.354014
vt 0.892419 0.369753
vt 0.902536 0.196762
vt 0.902900 0.380341
vt 0.716341 0.504138
vt 0.698824 0.543688
vt 0.722609 0.502586
vt 0.707852 0.485569
vt 0.919645 0.663755
vt 0.883864 0.780588
vt 0.804520 0.756775
vt 0.990563 0.669185
vt 0.820780 0.676244
vt 0.835521 0.659894
vt 0.682294 0.675755
vt 0.686701 0.696657
vt 0.914614 0.236602
vt 0.759181 0.249574
vt 0.896943 0.232236
vt 0.909243 0.177458
vt 0.895125 0.175424
vt 0.848178 0.642672
vt 0.847547 0.655104
vt 0.841280 0.670098
vt 0.846585 0.687348
vt 0.864373 0.459807
vt 0.797686 0.530456
vt 0.703337 0.709500
vt 0.693350 0.712825
vt 0.695477 0.746388
vt 0.805654 0.479382
vt 0.860644 0.451306
vt 0.887271 0.484045
vt 0.851079 0.708643
vt 0.799189 0.553135
vt 0.806493 0.683046
vt 0.866005 0.688787
vt 0.815905 0.573512
vt 0.845064 0.601085
vt 0.778622 0.389590
vt 0.866396 0.558769
vt 0.994743 0.725559
vt 0.829631 0.681392
vt 0.756053 0.185556
vt 0.772337 0.184683
vt 0.973448 0.688643
vt 0.728177 0.683376
vt 0.762971 0.176971
vt 0.920066 0.174036
vt 0.892695 0.382717
vt 0.793538 0.680386
vt 0.792365 0.774236
vt 0.755094 0.697324
vt 0.872347 0.761015
vt 0.906772 0.667033
vt 0.916746 0.788880
vt 0.943720 0.793182
vt 0.934044 0.720565
vt 0.916946 0.599649
vt 0.883632 0.551192
vt 0.906017 0.518018
vt 0.887576 0.532276
vt 0.752641 0.595455
vt 0.878570 0.650358
vt 0.864697 0.584202
vt 0.822370 0.601398
vt 0.819940 0.647931
vt 0.794744 0.601556
vt 0.930027 0.543218
vt 0.863732 0.519768
vt 0.943645 0.501299
vt 0.924697 0.501095
vt 0.960046 0.486183
vt 0.735954 0.678727
vt 0.953051 0.582048
vt 0.730095 0.588772
vt 0.742435 0.542011
vt 0.983431 0.611713
vt 0.715819 0.780225
vt 0.736455 0.697267
vt 0.756607 0.763096
vt 0.970553 0.691723
vt 0.990227 0.733200
vt 0.947670 0.683944
vt 0.956326 0.666266
vt 0.988041 0.672004
vt 0.687140 0.621196
vt 0.969485 0.630281
vt 0.927869 0.658943
vt 0.878009 0.669959
vt 0.709412 0.542313
vt 0.965567 0.535897
vt 0.755978 0.503401
vt 0.768576 0.536536
vt 0.958611 0.577226
vt 0.993083 0.606801
vt 0.717832 0.572276
vt 0.954677 0.566402
vt 0.799655 0.567658
vt 0.697340 0.694301
vt 0.956201 0.457262
vt 0.921247 0.400272
vt 0.715192 0.462701
vt 0.710726 0.453471
vt 0.759444 0.403593
vt 0.994740 0.655026
vt 0.896989 0.408127
vt 0.893831 0.481671
vt 0.740371 0.495050
vt 0.764865 0.437891
vt 0.817644 0.701111
vt 0.857679 0.706273
vt 0.776339 0.490725
vt 0.778697 0.421620
vt 0.831947 0.637060
vt 0.884954 0.681303
vt 0.978925 0.765857
vt 0.701930 0.744368
vt 0.926485 0.395611
vt 0.961614 0.452141
vt 0.805968 0.470961
vt 0.783326 0.412955
vt 0.956500 0.796077
vt 0.759342 0.796733
vt 0.726713 0.789952
vt 0.828945 0.595091
vt 0.771829 0.240523
vt 0.776308 0.377063
vt 0.760825 0.351576
vt 0.757787 0.790659
vt 0.922100 0.241148
vt 0.921786 0.344477
vt 0.913978 0.366526
vt 0.901420 0.354014
vt 0.892419 0.369753
vt 0.902536 0.196762
vt 0.902900 0.380341
vt 0.716341 0.504138
vt 0.698824 0.543688
vt 0.722609 0.502586
vt 0.707852 0.485569
vt 0.919645 0.663755
vt 0.883864 0.780588
vt 0.804520 0.756775
vt 0.990563 0.669185
vt 0.820780 0.676244
vt 0.835521 0.659894
vt 0.682294 0.675755
vt 0.686701 0.696657
vt 0.914614 0.236602
vt 0.759181 0.249574
vt 0.896943 0.232236
vt 0.909243 0.177458
vt 0.895125 0.175424
vt 0.848178 0.642672
vt 0.847547 0.655104
vt 0.841280 0.670098
vt 0.846585 0.687348
vt 0.864373 0.459807
vt 0.797686 0.530456
vt 0.703337 0.709500
vt 0.693350 0.712825
vt 0.695477 0.746388
vt 0.805654 0.479382
vt 0.860644 0.451306
vt 0.887271 0.484045
vt 0.851079 0.708643
vt 0.799189 0.553135
vt 0.806493 0.683046
vt 0.866005 0.688787
vt 0.815905 0.573512
vt 0.845064 0.601085
vt 0.778622 0.389590
vt 0.866396 0.558769
vt 0.994743 0.725559
vt 0.829631 0.681392
vt 0.756053 0.185556
vt 0.772337 0.184683
vt 0.973448 0.688643
vt 0.728177 0.683376
vt 0.762971 0.176971
vt 0.920066 0.174036
vt 0.892695 0.382717
vt 0.692275 0.305675
vt 0.693178 0.289351
vt 0.703070 0.270160
vt 0.688827 0.296717
vt 0.137885 0.959676
vt 0.195973 0.968951
vt 0.119577 0.971999
vt 0.929548 0.077625
vt 0.886822 0.080268
vt 0.943161 0.057991
vt 0.654696 0.305746
vt 0.833300 0.118126
vt 0.803528 0.098089
vt 0.567238 0.445542
vt 0.591386 0.401849
vt 0.616610 0.400552
vt 0.644799 0.093543
vt 0.641980 0.055385
vt 0.714690 0.071354
vt 0.586747 0.190864
vt 0.572421 0.164312
vt 0.608043 0.151359
vt 0.560108 0.133924
vt 0.555074 0.097303
vt 0.647828 0.109398
vt 0.543984 0.571712
vt 0.528619 0.550281
vt 0.626876 0.475861
vt 0.370766 0.604239
vt 0.451740 0.585283
vt 0.439363 0.648517
vt 0.318260 0.519668
vt 0.389099 0.478591
vt 0.416871 0.525025
vt 0.447017 0.482795
vt 0.429239 0.456070
vt 0.553742 0.418295
vt 0.714025 0.197219
vt 0.694609 0.206038
vt 0.709868 0.185467
vt 0.644946 0.163253
vt 0.740448 0.181257
vt 0.741175 0.156812
vt 0.658927 0.136249
vt 0.750674 0.133632
vt 0.689517 0.159210
vt 0.745920 0.094937
vt 0.883191 0.073756
vt 0.744787 0.104159
vt 0.839989 0.076220
vt 0.634564 0.478608
vt 0.627338 0.507894
vt 0.697696 0.358883
vt 0.718744 0.273965
vt 0.736671 0.265247
vt 0.580274 0.062240
vt 0.560035 0.594670
vt 0.581908 0.021748
vt 0.590175 0.025203
vt 0.562965 0.055708
vt 0.506556 0.629982
vt 0.505079 0.583816
vt 0.518789 0.581542
vt 0.573423 0.071425
vt 0.773029 0.156664
vt 0.763123 0.110989
vt 0.572912 0.356010
vt 0.585983 0.374878
vt 0.574678 0.389670
vt 0.628669 0.333837
vt 0.604442 0.234491
vt 0.409944 0.474346
vt 0.523334 0.257207
vt 0.487816 0.222130
vt 0.382873 0.470808
vt 0.434634 0.486428
vt 0.654485 0.411660
vt 0.653829 0.372809
vt 0.676947 0.407905
vt 0.621789 0.415615
vt 0.575743 0.459203
vt 0.763664 0.140967
vt 0.515956 0.400210
vt 0.681109 0.378715
vt 0.668616 0.360811
vt 0.703000 0.312751
vt 0.630653 0.363864
vt 0.424796 0.199725
vt 0.424361 0.155450
vt 0.468973 0.155787
vt 0.547474 0.170902
vt 0.479839 0.593011
vt 0.467871 0.545802
vt 0.497298 0.530320
vt 0.453093 0.507827
vt 0.391215 0.667028
vt 0.473615 0.593392
vt 0.469966 0.073363
vt 0.415317 0.666318
vt 0.445447 0.656370
vt 0.831885 0.020064
vt 0.816048 0.061094
vt 0.812850 0.044026
vt 0.831615 0.048725
vt 0.522350 0.485393
vt 0.541777 0.449688
vt 0.532974 0.495370
vt 0.472200 0.521953
vt 0.428882 0.568150
vt 0.353667 0.578483
vt 0.416894 0.156046
vt 0.676041 0.381471
vt 0.683962 0.409648
vt 0.667834 0.383798
vt 0.771154 0.058123
vt 0.806696 0.069577
vt 0.441276 0.224903
vt 0.490580 0.190547
vt 0.338013 0.551635
vt 0.652787 0.424144
vt 0.679198 0.426607
vt 0.793883 0.040372
vt 0.304626 0.544350
vt 0.307691 0.574375
vt 0.486230 0.260011
vt 0.477783 0.249846
vt 0.620501 0.030766
vt 0.566307 0.598259
vt 0.687148 0.023737
vt 0.670498 0.030672
vt 0.592528 0.016064
vt 0.716407 0.036478
vt 0.810643 0.153142
vt 0.536298 0.039003
vt 0.489856 0.640183
vt 0.665596 0.223192
vt 0.677926 0.199734
vt 0.478085 0.405246
vt 0.518239 0.049582
vt 0.535790 0.087752
vt 0.461102 0.410084
vt 0.426419 0.448277
vt 0.543583 0.115541
vt 0.479930 0.599668
vt 0.537022 0.266764
vt 0.314078 0.603723
vt 0.345552 0.642524
vt 0.311194 0.607668
vt 0.301614 0.582233
vt 0.182857 0.932186
vt 0.185008 0.949522
vt 0.149107 0.944769
vt 0.161666 0.981242
vt 0.431821 0.551449
vt 0.494509 0.490362
vt 0.042122 0.975623
vt 0.023490 0.962186
vt 0.059871 0.947396
vt 0.837939 0.129000
vt 0.816712 0.158969
vt 0.591944 0.344827
vt 0.056773 0.937381
vt 0.863140 0.115401
vt 0.432650 0.102306
vt 0.439682 0.085761
vt 0.421796 0.104956
vt 0.572505 0.485591
vt 0.516909 0.563132
vt 0.945808 0.049537
vt 0.912507 0.060315
vt 0.490809 0.173370
vt 0.708334 0.273797
vt 0.542304 0.388995
vt 0.581920 0.405967
vt 0.020509 0.951959
vt 0.010424 0.950707
vt 0.020327 0.943536
vt 0.568109 0.251554
vt 0.675091 0.331266
vt 0.649270 0.118768
vt 0.565885 0.147111
vt 0.939073 0.095284
vt 0.962445 0.060311
vt 0.697384 0.250717
vt 0.736973 0.245689
vt 0.704111 0.257046
vt 0.497083 0.644208
vt 0.514521 0.631258
vt 0.640338 0.410753
vt 0.642265 0.457680
vt 0.634246 0.436202
vt 0.239063 0.957560
vt 0.257347 0.972276
vt 0.533586 0.096945
vt 0.646922 0.130835
vt 0.552559 0.601336
vt 0.509782 0.033119
vt 0.519406 0.032112
vt 0.480735 0.634084
vt 0.354697 0.485288
vt 0.792520 0.174709
vt 0.742281 0.035553
vt 0.527834 0.582205
vt 0.227101 0.980051
vt 0.162847 0.925741
vt 0.433925 0.211209
vt 0.425847 0.219200
vt 0.245410 0.951094
vt 0.489658 0.181634
vt 0.897008 0.089241
vt 0.041934 0.930981
vt 0.017963 0.972857
vt 0.871567 0.120527
vt 0.413581 0.468401
vt 0.585704 0.217616
vt 0.782576 0.029099
vt 0.303184 0.595239
vt 0.492739 0.395446
vt 0.570368 0.372610
vt 0.762902 0.139560
vt 0.684701 0.222493
vt 0.227585 0.941166
vt 0.227271 0.930769
vt 0.968308 0.068328
vt 0.566966 0.391229
vt 0.463729 0.249440
vt 0.692275 0.305675
vt 0.693178 0.289351
vt 0.703070 0.270160
vt 0.688827 0.296717
vt 0.137885 0.959676
vt 0.195973 0.968951
vt 0.119577 0.971999
vt 0.929548 0.077625
vt 0.886822 0.080268
vt 0.943161 0.057991
vt 0.654696 0.305746
vt 0.833300 0.118126
vt 0.803528 0.098089
vt 0.567238 0.445542
vt 0.591386 0.401849
vt 0.616610 0.400552
vt 0.644799 0.093543
vt 0.641980 0.055385
vt 0.714690 0.071354
vt 0.586747 0.190864
vt 0.572421 0.164312
vt 0.608043 0.151359
vt 0.560108 0.133924
vt 0.555074 0.097303
vt 0.647828 0.109398
vt 0.543984 0.571712
vt 0.528619 0.550281
vt 0.626876 0.475861
vt 0.370766 0.604239
vt 0.451740 0.585283
vt 0.439363 0.648517
vt 0.318260 0.519668
vt 0.389099 0.478591
vt 0.416871 0.525025
vt 0.447017 0.482795
vt 0.429239 0.456070
vt 0.553742 0.418295
vt 0.714025 0.197219
vt 0.694609 0.206038
vt 0.709868 0.185467
vt 0.644946 0.163253
vt 0.740448 0.181257
vt 0.741175 0.156812
vt 0.658927 0.136249
vt 0.750674 0.133632
vt 0.689517 0.159210
vt 0.745920 0.094937
vt 0.883191 0.073756
vt 0.744787 0.104159
vt 0.839989 0.076220
vt 0.634564 0.478608
vt 0.627338 0.507894
vt 0.697696 0.358883
vt 0.718744 0.273965
vt 0.736671 0.265247
vt 0.580274 0.062240
vt 0.560035 0.594670
vt 0.581908 0.021748
vt 0.590175 0.025203
vt 0.562965 0.055708
vt 0.506556 0.629982
vt 0.505079 0.583816
vt 0.518789 0.581542
vt 0.573423 0.071425
vt 0.773029 0.156664
vt 0.763123 0.110989
vt 0.572912 0.356010
vt 0.585983 0.374878
vt 0.574678 0.389670
vt 0.628669 0.333837
vt 0.604442 0.234491
vt 0.409944 0.474346
vt 0.523334 0.257207
vt 0.487816 0.222130
vt 0.382873 0.470808
vt 0.434634 0.486428
vt 0.654485 0.411660
vt 0.653829 0.372809
vt 0.676947 0.407905
vt 0.621789 0.415615
vt 0.575743 0.459203
vt 0.763664 0.140967
vt 0.515956 0.400210
vt 0.681109 0.378715
vt 0.668616 0.360811
vt 0.703000 0.312751
vt 0.630653 0.363864
vt 0.424796 0.199725
vt 0.424361 0.155450
vt 0.468973 0.155787
vt 0.547474 0.170902
vt 0.479839 0.593011
vt 0.467871 0.545802
vt 0.497298 0.530320
vt 0.453093 0.507827
vt 0.391215 0.667028
vt 0.473615 0.593392
vt 0.469966 0.073363
vt 0.415317 0.666318
vt 0.445447 0.656370
vt 0.831885 0.020064
vt 0.816048 0.061094
vt 0.812850 0.044026
vt 0.831615 0.048725
vt 0.522350 0.485393
vt 0.541777 0.449688
vt 0.532974 0.495370
vt 0.472200 0.521953
vt 0.428882 0.568150
vt 0.353667 0.578483
vt 0.416894 0.156046
vt 0.676041 0.381471
vt 0.683962 0.409648
vt 0.667834 0.383798
vt 0.771154 0.058123
vt 0.806696 0.069577
vt 0.441276 0.224903
vt 0.490580 0.190547
vt 0.338013 0.551635
vt 0.652787 0.424144
vt 0.679198 0.426607
vt 0.793883 0.040372
vt 0.304626 0.544350
vt 0.307691 0.574375
vt 0.486230 0.260011
vt 0.477783 0.249846
vt 0.620501 0.030766
vt 0.566307 0.598259
vt 0.687148 0.023737
vt 0.670498 0.030672
vt 0.592528 0.016064
vt 0.716407 0.036478
vt 0.810643 0.153142
vt 0.536298 0.039003
vt 0.489856 0.640183
vt 0.665596 0.223192
vt 0.677926 0.199734
vt 0.478085 0.405246
vt 0.518239 0.049582
vt 0.535790 0.087752
vt 0.461102 0.410084
vt 0.426419 0.448277
vt 0.543583 0.115541
vt 0.479930 0.599668
vt 0.537022 0.266764
vt 0.314078 0.603723
vt 0.345552 0.642524
vt 0.311194 0.607668
vt 0.301614 0.582233
vt 0.182857 0.932186
vt 0.185008 0.949522
vt 0.149107 0.944769
vt 0.161666 0.981242
vt 0.431821 0.551449
vt 0.494509 0.490362
vt 0.042122 0.975623
vt 0.023490 0.962186
vt 0.059871 0.947396
vt 0.837939 0.129000
vt 0.816712 0.158969
vt 0.591944 0.344827
vt 0.056773 0.937381
vt 0.863140 0.115401
vt 0.432650 0.102306
vt 0.439682 0.085761
vt 0.421796 0.104956
vt 0.572505 0.485591
vt 0.516909 0.563132
vt 0.945808 0.049537
vt 0.912507 0.060315
vt 0.490809 0.173370
vt 0.708334 0.273797
vt 0.542304 0.388995
vt 0.581920 0.405967
vt 0.020509 0.951959
vt 0.010424 0.950707
vt 0.020327 0.943536
vt 0.568109 0.251554
vt 0.675091 0.331266
vt 0.649270 0.118768
vt 0.565885 0.147111
vt 0.939073 0.095284
vt 0.962445 0.060311
vt 0.697384 0.250717
vt 0.736973 0.245689
vt 0.704111 0.257046
vt 0.497083 0.644208
vt 0.514521 0.631258
vt 0.640338 0.410753
vt 0.642265 0.457680
vt 0.634246 0.436202
vt 0.239063 0.957560
vt 0.257347 0.972276
vt 0.533586 0.096945
vt 0.646922 0.130835
vt 0.552559 0.601336
vt 0.509782 0.033119
vt 0.519406 0.032112
vt 0.480735 0.634084
vt 0.354697 0.485288
vt 0.792520 0.174709
vt 0.742281 0.035553
vt 0.527834 0.582205
vt 0.227101 0.980051
vt 0.162847 0.925741
vt 0.433925 0.211209
vt 0.425847 0.219200
vt 0.245410 0.951094
vt 0.489658 0.181634
vt 0.897008 0.089241
vt 0.041934 0.930981
vt 0.017963 0.972857
vt 0.871567 0.120527
vt 0.413581 0.468401
vt 0.585704 0.217616
vt 0.782576 0.029099
vt 0.303184 0.595239
vt 0.492739 0.395446
vt 0.570368 0.372610
vt 0.762902 0.139560
vt 0.684701 0.222493
vt 0.227585 0.941166
vt 0.227271 0.930769
vt 0.968308 0.068328
vt 0.566966 0.391229
vt 0.463729 0.249440
vn 0.717310 0.422409 0.554109
vn -0.230900 0.374333 0.898087
vn -0.997690 -0.006104 0.067652
vn -0.820485 -0.423526 0.383967
vn 0.689940 -0.160747 -0.705793
vn 0.902960 0.364340 0.227858
vn 0.867720 0.363048 0.339496
vn -0.938590 -0.328072 -0.106850
vn -0.920189 -0.328365 -0.213137
vn 0.183816 0.186769 0.965054
vn -0.889317 -0.416020 -0.189848
vn -0.900566 -0.365970 -0.234620
vn 0.515364 0.496578 0.698434
vn 0.897820 0.411433 0.156976
vn 0.348861 0.522700 0.777870
vn 0.017935 -0.507878 -0.861243
vn 0.023275 -0.514289 -0.857301
vn 0.021589 -0.552457 -0.833262
vn -0.838041 -0.382012 -0.389557
vn -0.880976 -0.314323 -0.353669
vn -0.894368 -0.308872 -0.323580
vn 0.012206 -0.402306 -0.915424
vn -0.090930 -0.394098 -0.914559
vn 0.072400 -0.447295 -0.891451
vn 0.178627 0.534190 0.826277
vn 0.187381 0.499431 0.845847
vn 0.279738 0.479871 0.831547
vn 0.066867 0.537493 0.840613
vn 0.118308 0.485342 0.866283
vn 0.208427 0.453769 0.866402
vn 0.718609 0.531994 0.447867
vn 0.748057 0.436239 0.500107
vn 0.835018 0.445092 0.323480
vn 0.743045 0.519076 0.422426
vn 0.669044 0.551518 0.498205
vn 0.770266 0.439381 0.462207
vn 0.694363 0.434311 0.573788
vn -0.796418 -0.289149 0.531142
vn -0.897199 -0.433169 0.086010
vn -0.865864 -0.375500 -0.330574
vn 0.237254 0.006854 0.971424
vn -0.781987 -0.620534 0.058598
vn -0.834852 -0.477555 -0.273794
vn -0.769357 -0.568916 -0.290560
vn -0.827977 -0.487137 -0.277761
vn 0.047831 -0.519486 -0.853139
vn -0.417356 -0.494935 -0.762137
vn -0.464893 -0.562512 -0.683706
vn 0.074637 -0.444391 -0.892718
vn 0.248929 -0.572288 -0.781359
vn 0.875956 0.252015 0.411327
vn 0.544738 -0.383834 -0.745608
vn 0.940374 0.262236 0.216632
vn 0.738324 -0.241166 -0.629854
vn -0.106089 -0.322385 -0.940645
vn 0.372503 0.513191 0.773225
vn -0.432514 0.873465 -0.223587
vn -0.038655 -0.273739 -0.961027
vn 0.133286 0.815686 0.562931
vn 0.610821 -0.153723 0.776702
vn 0.261748 0.320823 0.910253
vn 0.254367 -0.592126 -0.764646
vn -0.861399 -0.389721 -0.325744
vn -0.832093 -0.455647 -0.316239
vn -0.425737 0.841625 0.332287
vn 0.776552 0.507254 0.373711
vn -0.122009 0.987438 -0.100404
vn 0.556855 0.416576 0.718594
vn -0.932633 -0.276434 -0.231907
vn -0.284300 0.952482 -0.109325
vn -0.909129 -0.327283 -0.257624
vn -0.811163 -0.408740 -0.418266
vn -0.895349 -0.435179 0.094710
vn 0.265919 -0.059305 0.962169
vn 0.069708 0.608659 0.790364
vn 0.050660 0.443064 0.895058
vn 0.381616 0.302849 0.873299
vn -0.049496 0.443271 0.895020
vn -0.244916 0.399863 0.883247
vn 0.677620 0.094925 0.729260
vn 0.659294 0.477106 0.581120
vn 0.142193 0.484098 0.863383
vn 0.489901 0.392138 0.778605
vn 0.884199 0.381243 0.269901
vn -0.039874 -0.398070 -0.916488
vn -0.056049 -0.443444 -0.894548
vn -0.100948 -0.468060 -0.877912
vn -0.827516 -0.386505 -0.407224
vn 0.069742 0.770499 0.633615
vn -0.013356 0.559561 0.828682
vn 0.034952 0.544146 0.838262
vn 0.825550 0.473276 0.307369
vn 0.236078 0.607008 0.758821
vn 0.515845 0.054667 0.854936
vn 0.046498 -0.532663 -0.845049
vn 0.994784 0.069703 -0.074472
vn 0.159838 -0.345266 -0.924794
vn 0.762325 0.234377 0.603265
vn 0.519554 0.444863 0.729493
vn 0.952679 0.285003 0.105715
vn -0.011615 0.422666 0.906211
vn 0.137656 0.573653 0.807448
vn -0.098662 0.485611 0.868590
vn 0.578634 0.531430 0.618680
vn 0.241415 0.775946 0.582775
vn 0.175524 -0.439751 -0.880801
vn 0.338709 -0.552338 -0.761708
vn 0.091184 -0.467969 -0.879028
vn -0.874441 -0.333057 -0.352740
vn -0.798287 -0.433729 -0.417872
vn 0.827230 0.460592 0.321785
vn 0.217415 0.974834 -0.049285
vn -0.296864 0.939618 0.170261
vn 0.760624 0.562053 0.324882
vn -0.926714 -0.253907 -0.277005
vn 0.091547 -0.471340 -0.877187
vn 0.825811 -0.089848 -0.556744
vn 0.205896 -0.515995 -0.831478
vn -0.929024 -0.369331 0.022577
vn 0.129600 -0.537443 -0.833282
vn -0.008282 0.675236 0.737555
vn -0.929686 -0.013883 0.368092
vn -0.902767 -0.380262 -0.201028
vn 0.406659 0.476878 0.779241
vn -0.295105 0.127464 -0.946924
vn -0.109588 -0.458871 -0.881718
vn 0.392709 -0.695104 -0.602171
vn -0.123201 0.508564 0.852165
vn 0.076783 0.619017 0.781615
vn -0.926023 -0.024460 0.376673
vn -0.355831 -0.471821 -0.806703
vn -0.975558 -0.217598 0.030630
vn 0.050983 0.442799 0.895170
vn 0.706179 0.530108 0.469359
vn 0.885703 0.386791 0.256754
vn 0.141972 0.369079 0.918491
vn 0.990474 0.073182 -0.116642
vn -0.491785 -0.495286 -0.716128
vn 0.283010 0.288128 0.914816
vn -0.873006 -0.009012 0.487627
vn -0.934893 -0.354808 -0.009341
vn 0.204150 -0.272117 -0.940359
vn 0.144727 0.495451 0.856494
vn 0.116207 -0.447791 -0.886554
vn -0.069609 -0.469321 -0.880280
vn 0.386530 0.671289 0.632429
vn 0.104106 -0.457926 -0.882874
vn -0.811392 -0.300676 0.501236
vn 0.540489 0.517543 0.663340
vn -0.046787 -0.479347 -0.876377
vn -0.572478 -0.405600 -0.712571
vn -0.969102 -0.227551 0.095192
vn -0.911604 -0.319716 0.258380
vn -0.055751 0.214030 0.975235
vn 0.570859 0.461091 0.679349
vn 0.605227 -0.165194 -0.778724
vn 0.224950 0.282812 0.932424
vn 0.877603 -0.251261 0.408266
vn 0.219016 0.459047 0.860992
vn -0.863034 -0.418525 -0.282859
vn -0.386152 -0.480863 -0.787183
vn 0.521795 0.722244 0.453976
vn -0.769616 -0.446724 -0.456211
vn -0.618342 0.570040 0.541025
vn -0.514264 0.647689 0.562166
vn -0.391543 0.611227 0.687820
vn 0.720293 -0.429914 -0.544382
vn 0.683294 -0.489271 -0.541963
vn 0.412573 -0.475175 -0.777170
vn -0.372106 -0.432312 -0.821367
vn -0.363034 -0.466615 -0.806521
vn 0.196497 -0.649943 -0.734141
vn 0.690410 -0.585992 -0.424202
vn 0.261260 -0.616289 -0.742921
vn -0.603655 0.459554 0.651468
vn -0.312483 0.583172 0.749843
vn 0.681885 -0.555650 -0.475695
vn 0.680384 -0.549629 -0.484753
vn -0.056897 0.491642 0.868937
vn -0.279341 0.626751 0.727428
vn -0.620216 0.516478 0.590409
vn -0.344677 -0.425831 -0.836580
vn 0.926617 -0.251260 -0.279731
vn -0.871463 -0.323651 -0.368513
vn -0.276414 -0.552507 -0.786340
vn -0.748325 0.002638 -0.663328
vn 0.394486 0.517524 0.759309
vn -0.677487 -0.509661 -0.530337
vn 0.343801 0.467223 0.814557
vn 0.444390 0.390695 0.806149
vn -0.605964 -0.583826 -0.540329
vn 0.302376 0.644201 0.702548
vn 0.387942 0.501031 0.773608
vn 0.036235 0.595669 0.802412
vn -0.768570 0.344149 -0.539316
vn -0.580187 -0.468137 -0.666507
vn -0.423721 -0.453638 -0.784011
vn -0.140763 -0.142193 -0.979779
vn -0.322693 -0.317271 -0.891744
vn 0.060199 0.528226 0.846967
vn -0.399700 -0.521676 -0.753720
vn -0.284929 -0.508753 -0.812395
vn 0.663522 -0.491364 -0.564180
vn 0.043876 0.501873 0.863828
vn -0.544220 -0.362176 -0.756739
vn -0.015510 0.564676 0.825167
vn -0.641243 0.158821 -0.750722
vn -0.289189 0.269937 0.918424
vn 0.161525 0.720700 0.674167
vn -0.354664 -0.544329 -0.760210
vn -0.411849 -0.565330 -0.714691
vn 0.166302 0.569669 0.804873
vn -0.906814 -0.057516 0.417588
vn 0.119128 0.554663 0.823503
vn -0.915955 -0.043714 -0.398894
vn 0.767650 -0.538734 -0.347103
vn 0.656274 -0.536581 -0.530457
vn 0.427564 0.491744 0.758536
vn -0.177333 0.650553 0.738467
vn -0.176061 0.658296 0.731880
vn 0.772152 -0.478289 -0.418356
vn -0.519325 0.609234 0.599279
vn -0.584821 0.542852 0.602741
vn 0.840703 -0.344961 -0.417397
vn 0.803127 -0.488396 -0.341259
vn -0.485158 -0.395523 -0.779861
vn 0.134790 0.608763 0.781817
vn -0.316405 0.561577 0.764539
vn 0.852322 -0.522536 0.022420
vn -0.013259 0.627184 0.778759
vn 0.268669 0.570622 0.776020
vn -0.563500 0.570333 0.597653
vn -0.061153 0.712033 0.699478
vn -0.739916 0.547159 0.391334
vn -0.117714 -0.607284 -0.785716
vn 0.729061 -0.536600 -0.424890
vn 0.701690 -0.558316 -0.442621
vn 0.503390 -0.604595 -0.617304
vn 0.011980 0.641166 0.767309
vn 0.696965 -0.491484 -0.522191
vn -0.246914 0.784530 0.568812
vn 0.867365 -0.495680 0.044493
vn -0.322969 -0.561841 -0.761594
vn -0.155391 -0.767062 -0.622471
vn 0.188563 0.548751 0.814442
vn 0.750353 -0.050833 -0.659080
vn 0.755903 -0.461574 -0.464285
vn -0.015462 0.404913 0.914224
vn 0.556902 -0.423512 0.714491
vn 0.951868 0.113908 -0.284556
vn 0.666951 0.329831 0.668123
vn -0.951891 0.251101 0.175647
vn 0.958037 0.280734 -0.057911
vn 0.918943 0.363897 -0.152060
vn 0.894088 0.311514 -0.321816
vn -0.990980 -0.131777 -0.024351
vn -0.980945 -0.194204 0.005651
vn -0.921304 -0.153586 0.357225
vn -0.360953 -0.222536 0.905644
vn -0.369264 -0.257840 0.892840
vn -0.791623 -0.364729 0.490210
vn -0.944820 -0.319078 -0.074191
vn -0.833827 -0.320312 0.449592
vn 0.979898 0.146234 -0.135707
vn 0.865170 0.279063 -0.416659
vn -0.960381 -0.276582 -0.034231
vn -0.962904 -0.268463 -0.027283
vn 0.722020 0.197451 -0.663099
vn 0.840907 0.331934 -0.427429
vn 0.972689 0.215357 -0.086586
vn -0.388223 -0.207649 0.897867
vn -0.925621 -0.009496 -0.378332
vn 0.312854 -0.331978 0.889895
vn -0.447116 -0.331242 0.830882
vn 0.145550 0.081937 0.985952
vn 0.333474 0.324689 -0.885083
vn 0.014869 -0.429153 0.903109
vn 0.388394 0.253035 -0.886072
vn 0.285896 0.199093 -0.937350
vn -0.066600 -0.484935 0.872011
vn 0.405848 0.446492 -0.797454
vn 0.341798 0.303895 -0.889282
vn 0.645952 0.329695 -0.688511
vn 0.341984 0.363950 0.866364
vn -0.125979 -0.334565 0.933914
vn -0.307184 -0.261735 0.914950
vn -0.535882 0.133828 0.833619
vn -0.403958 -0.085592 0.910765
vn 0.634455 0.256695 -0.729092
vn -0.327562 -0.331069 0.884927
vn -0.443071 -0.283630 0.850437
vn -0.980620 -0.192690 0.035425
vn 0.648414 0.224326 -0.727487
vn -0.174026 -0.202404 0.963716
vn 0.687945 0.285684 -0.667170
vn 0.062864 0.271684 0.960331
vn 0.852859 -0.062367 -0.518403
vn 0.515458 0.505007 -0.692294
vn -0.371491 -0.343471 0.862567
vn -0.308594 -0.385649 0.869509
vn 0.544231 0.324756 -0.773529
vn 0.898609 -0.319189 0.301032
vn 0.585358 0.297744 -0.754125
vn 0.414154 -0.066111 0.907803
vn -0.939799 -0.285294 -0.188108
vn -0.968942 -0.246409 0.020858
vn 0.300785 0.305782 -0.903341
vn 0.780424 0.367015 -0.506201
vn 0.777909 0.376459 -0.503128
vn -0.967500 -0.206552 -0.145880
vn 0.933186 0.315889 -0.171404
vn 0.962504 0.242086 -0.122394
vn -0.975517 -0.070489 -0.208322
vn -0.946517 -0.234048 -0.222099
vn -0.241635 -0.217778 0.945614
vn 0.565462 0.363503 -0.740350
vn 0.870228 0.253753 -0.422270
vn -0.772448 -0.366116 -0.518925
vn 0.677609 0.358671 -0.642029
vn 0.452161 0.350159 -0.820329
vn 0.952385 0.272816 -0.136141
vn 0.690956 0.454612 -0.562057
vn 0.948982 0.284478 0.136035
vn -0.579854 -0.358291 0.731708
vn -0.958116 -0.266296 -0.105355
vn -0.955625 -0.285788 -0.071458
vn -0.931024 -0.308671 0.194719
vn 0.656560 0.379172 -0.652041
vn -0.979634 -0.200005 -0.017745
vn 0.770093 0.532603 -0.351127
vn -0.761689 -0.344987 -0.548466
vn -0.400963 -0.354622 0.844673
vn -0.503015 -0.563034 0.655720
vn 0.527242 0.305685 -0.792826
vn -0.964479 0.264096 -0.005797
vn -0.978280 -0.179749 -0.103239
vn 0.692184 0.108785 -0.713475
vn -0.105621 -0.523579 -0.845405
vn -0.833267 0.340016 -0.435954
vn 0.020429 0.217279 -0.975896
vn 0.880896 0.036189 0.471924
vn -0.283348 0.560311 -0.778309
vn 0.691521 0.499179 -0.522130
vn 0.855307 -0.069149 0.513487
vn 0.906224 -0.414262 0.084532
vn -0.964057 -0.223194 0.144147
vn -0.620501 0.463181 -0.632805
vn -0.527547 0.477712 -0.702485
vn 0.717859 -0.410194 0.562511
vn 0.641810 -0.426655 0.637217
vn 0.397101 0.356658 -0.845639
vn 0.632931 -0.506717 0.585352
vn 0.614717 -0.465722 0.636574
vn -0.037835 0.642034 -0.765742
vn -0.658597 0.497414 -0.564650
vn 0.143086 0.668433 -0.729879
vn -0.491546 -0.640297 0.590257
vn -0.493432 -0.645554 0.582911
vn -0.476944 -0.679248 0.557805
vn 0.475184 -0.502415 0.722343
vn 0.528584 -0.433119 0.730073
vn 0.556624 -0.423789 0.714544
vn -0.521585 -0.545840 0.655750
vn -0.436989 -0.545307 0.715319
vn -0.555528 -0.581645 0.594204
vn 0.309754 0.675043 -0.669604
vn 0.315019 0.644741 -0.696471
vn 0.231921 0.630023 -0.741137
vn 0.409306 0.672333 -0.616795
vn 0.383745 0.629113 -0.675985
vn 0.311167 0.604794 -0.733075
vn -0.349155 0.650645 -0.674353
vn -0.339974 0.567289 -0.750067
vn -0.512803 0.553320 -0.656407
vn -0.383307 0.635562 -0.670177
vn -0.280382 0.674464 -0.682997
vn -0.380006 0.565778 -0.731773
vn -0.253687 0.573556 -0.778895
vn 0.966389 -0.256022 -0.023344
vn 0.798302 -0.478638 0.365539
vn 0.531578 -0.488347 0.692056
vn 0.363219 0.184749 -0.913203
vn 0.694745 -0.658849 0.288525
vn 0.542302 -0.577034 0.610689
vn 0.482233 -0.664773 0.570551
vn 0.534730 -0.586600 0.608247
vn -0.510956 -0.648149 0.564648
vn -0.078971 -0.643632 0.761250
vn 0.007261 -0.700688 0.713431
vn -0.558185 -0.578831 0.594461
vn -0.632471 -0.673251 0.383032
vn -0.489241 0.380984 -0.784535
vn -0.860446 -0.459980 0.219207
vn -0.654045 0.363698 -0.663286
vn -0.957293 -0.286146 0.041356
vn -0.442023 -0.480214 0.757634
vn 0.121405 0.660076 -0.741324
vn 0.195517 0.789906 0.581225
vn -0.510565 -0.430713 0.744184
vn 0.186025 0.905042 -0.382483
vn -0.048663 0.022511 -0.998562
vn 0.297280 0.485255 -0.822285
vn -0.626646 -0.689599 0.362999
vn 0.531186 -0.501203 0.683108
vn 0.514930 -0.562288 0.647055
vn 0.510120 0.850846 0.125850
vn -0.438275 0.618391 -0.652310
vn 0.008262 0.945454 0.325652
vn -0.057461 0.569772 -0.819792
vn 0.639432 -0.379606 0.668600
vn 0.137122 0.897515 0.419122
vn 0.607189 -0.432110 0.666785
vn 0.437634 -0.531437 0.725294
vn 0.801851 -0.479041 0.357149
vn 0.336728 0.120292 -0.933887
vn 0.375695 0.734241 -0.565459
vn 0.457060 0.587245 -0.668012
vn 0.178616 0.470407 -0.864184
vn 0.538976 0.579982 -0.610840
vn 0.693594 0.520794 -0.497697
vn -0.139090 0.264194 -0.954388
vn -0.222258 0.614241 -0.757172
vn 0.362582 0.629191 -0.687498
vn 0.032603 0.550656 -0.834096
vn -0.581600 0.485346 -0.652825
vn -0.479732 -0.545728 0.687050
vn -0.452346 -0.587936 0.670608
vn -0.405217 -0.612743 0.678487
vn 0.456586 -0.508965 0.729714
vn 0.280136 0.867536 -0.410980
vn 0.467335 0.686092 -0.557563
vn 0.433840 0.676112 -0.595530
vn -0.515273 0.577675 -0.633076
vn 0.221530 0.739803 -0.635308
vn 0.066785 0.233295 -0.970110
vn -0.504769 -0.659872 0.556577
vn -0.859029 0.130354 -0.495052
vn -0.649709 -0.480293 0.589234
vn -0.285501 0.386854 -0.876831
vn -0.021659 0.596612 -0.802237
vn -0.728558 0.368699 -0.577291
vn 0.515114 0.564386 -0.645078
vn 0.331112 0.707695 -0.624126
vn 0.562575 0.613598 -0.554082
vn -0.136573 0.667859 -0.731651
vn 0.110314 0.877288 -0.467114
vn -0.634045 -0.564786 0.528207
vn -0.695332 -0.643701 0.319629
vn -0.563055 -0.598528 0.569854
vn 0.524414 -0.450903 0.722272
vn 0.428184 -0.554989 0.713194
vn -0.507938 0.567705 -0.647851
vn -0.239667 0.966778 0.088888
vn 0.308317 0.930075 0.199751
vn -0.455152 0.663038 -0.594321
vn 0.607931 -0.364455 0.705402
vn -0.562179 -0.601512 0.567571
vn -0.992108 -0.118745 -0.040262
vn -0.627965 -0.629367 0.457774
vn 0.785737 -0.428696 0.445911
vn -0.565841 -0.656441 0.498908
vn 0.406904 0.785192 -0.466800
vn 0.972379 -0.022144 0.232356
vn 0.636289 -0.474397 0.608345
vn 0.098160 0.627900 -0.772079
vn -0.306441 -0.052917 0.950418
vn -0.400649 -0.604979 0.688100
vn -0.643037 -0.753753 0.135498
vn 0.572436 0.631633 -0.522836
vn 0.364529 0.743511 -0.560634
vn 0.974671 -0.030858 0.221505
vn -0.155682 -0.623673 0.766025
vn 0.823217 -0.281608 0.492961
vn 0.456870 0.587027 -0.668333
vn -0.326585 0.651412 -0.684839
vn -0.590567 0.488745 -0.642152
vn 0.398345 0.525152 -0.752022
vn -0.879827 0.126494 -0.458153
vn 0.008343 -0.641927 0.766721
vn 0.283627 0.455437 -0.843879
vn 0.994447 0.006597 0.105031
vn 0.771720 -0.420118 0.477440
vn -0.697411 -0.407622 0.589460
vn 0.356165 0.639407 -0.681399
vn -0.588541 -0.578062 0.565211
vn -0.432173 -0.612040 0.662294
vn 0.023683 0.793366 -0.608284
vn -0.576180 -0.588322 0.567357
vn 0.961871 -0.273410 0.007131
vn -0.079255 0.658732 -0.748192
vn -0.448260 -0.619557 0.644370
vn 0.073323 -0.559147 0.825820
vn 0.855334 -0.280260 0.435727
vn 0.905123 -0.339684 0.255670
vn 0.598011 0.367305 -0.712369
vn -0.092973 0.608117 -0.788385
vn -0.936456 -0.245914 0.250152
vn 0.341418 0.448791 -0.825845
vn -0.475051 -0.114355 -0.872496
vn 0.299217 0.609881 -0.733835
vn 0.558127 -0.522574 0.644523
vn -0.119360 -0.631603 0.766049
vn -0.191162 0.824099 -0.533215
vn 0.383168 -0.571962 0.725288
vn -0.899196 0.399383 -0.178714
vn -0.184426 0.412886 -0.891915
vn 0.874925 0.049824 -0.481689
vn 0.595865 -0.366939 -0.714353
vn -0.320297 -0.218769 0.921710
vn -0.927177 0.321662 0.192034
vn -0.942444 0.325607 0.076025
vn 0.906934 -0.279929 -0.314819
vn 0.935241 -0.284387 -0.210827
vn -0.581419 0.205273 -0.787284
vn 0.900626 -0.372847 -0.223289
vn 0.927928 -0.323621 -0.184983
vn -0.780096 0.488626 -0.390761
vn -0.894254 0.366829 0.256412
vn -0.663892 0.526063 -0.531512
vn 0.366518 -0.533571 0.762211
vn 0.360249 -0.540141 0.760571
vn 0.352995 -0.577428 0.736187
vn 0.937436 -0.347632 -0.019136
vn 0.958669 -0.276682 -0.066342
vn 0.957869 -0.269620 -0.098960
vn 0.390783 -0.429508 0.814132
vn 0.483500 -0.415718 0.770329
vn 0.327779 -0.476948 0.815525
vn -0.530654 0.548171 -0.646463
vn -0.545593 0.513590 -0.662233
vn -0.622455 0.488651 -0.611368
vn -0.435650 0.557933 -0.706343
vn -0.491186 0.503869 -0.710530
vn -0.571683 0.467491 -0.674263
vn -0.859419 0.505519 -0.076486
vn -0.904696 0.409914 -0.116171
vn -0.909043 0.408783 0.080850
vn -0.870313 0.490547 -0.043800
vn -0.836544 0.529186 -0.141972
vn -0.908887 0.410720 -0.072338
vn -0.887177 0.413089 -0.205606
vn 0.506936 -0.229728 -0.830807
vn 0.791704 -0.381308 -0.477294
vn 0.937442 -0.337870 -0.083945
vn -0.625953 0.023003 -0.779521
vn 0.705797 -0.575358 -0.413295
vn 0.889058 -0.439712 -0.127397
vn 0.840172 -0.534937 -0.089190
vn 0.884860 -0.449765 -0.121388
vn 0.336444 -0.546531 0.766883
vn 0.718244 -0.494181 0.489806
vn 0.730568 -0.556722 0.395389
vn 0.326185 -0.474208 0.817760
vn 0.125927 -0.607954 0.783922
vn -0.976246 0.216484 0.008903
vn -0.163876 -0.434774 0.885503
vn -0.952590 0.217397 0.212864
vn -0.393300 -0.299383 0.869301
vn 0.505651 -0.344101 0.791146
vn -0.682987 0.515157 -0.517824
vn 0.454412 0.888495 0.063916
vn 0.451448 -0.299798 0.840426
vn -0.388448 0.823724 -0.413021
vn -0.875983 -0.163258 -0.453874
vn -0.633674 0.333226 -0.698153
vn 0.114656 -0.627550 0.770087
vn 0.931873 -0.352161 -0.087148
vn 0.903716 -0.419261 -0.086703
vn 0.214311 0.872934 -0.438244
vn -0.879615 0.475485 0.013839
vn 0.117030 0.989151 0.088789
vn -0.823281 0.407136 -0.395536
vn 0.952558 -0.232441 -0.196478
vn 0.269014 0.962764 0.026786
vn 0.944005 -0.285231 -0.165826
vn 0.926216 -0.376617 0.016850
vn 0.786422 -0.383154 -0.484494
vn -0.645587 -0.044854 -0.762368
vn -0.419555 0.627311 -0.656090
vn -0.440571 0.466184 -0.767183
vn -0.725919 0.307708 -0.615107
vn -0.349880 0.471801 -0.809314
vn -0.166387 0.438682 -0.883105
vn -0.925437 0.079893 -0.370382
vn -0.860083 0.457916 -0.224880
vn -0.511540 0.501251 -0.697907
vn -0.787154 0.388152 -0.479298
vn -0.928588 0.340801 0.146900
vn 0.438233 -0.422498 0.793377
vn 0.445248 -0.466257 0.764433
vn 0.479759 -0.487905 0.729233
vn 0.935543 -0.353212 0.001072
vn -0.359170 0.784165 -0.506046
vn -0.358771 0.583937 -0.728218
vn -0.406001 0.566228 -0.717321
vn -0.894682 0.436945 0.092860
vn -0.556786 0.615735 -0.557548
vn -0.830659 0.052200 -0.554329
vn 0.334709 -0.559370 0.758337
vn -0.871721 0.013607 0.489813
vn 0.259005 -0.380832 0.887628
vn -0.953907 0.210744 -0.213653
vn -0.795147 0.437710 -0.419704
vn -0.917644 0.236147 0.319633
vn -0.388162 0.449522 -0.804525
vn -0.487030 0.589211 -0.644696
vn -0.295725 0.515927 -0.803969
vn -0.804914 0.517615 -0.290152
vn -0.493298 0.778810 -0.387443
vn 0.229631 -0.474671 0.849680
vn 0.035602 -0.592306 0.804926
vn 0.306270 -0.498227 0.811153
vn 0.953040 -0.295705 -0.065366
vn 0.915300 -0.402243 0.020669
vn -0.901839 0.424625 0.079879
vn -0.211451 0.959761 0.184792
vn 0.162599 0.958944 -0.232352
vn -0.846533 0.529582 0.054086
vn 0.965456 -0.211623 -0.152020
vn 0.305285 -0.501556 0.809471
vn -0.508938 -0.150898 0.847474
vn 0.184042 -0.550940 0.813999
vn 0.845027 -0.317765 -0.430064
vn 0.254664 -0.568279 0.782436
vn -0.329027 0.696399 -0.637785
vn 0.686555 0.047349 -0.725534
vn 0.916232 -0.336764 -0.217045
vn -0.715137 0.477247 -0.510701
vn 0.663086 0.114914 0.739670
vn 0.488858 -0.478380 0.729500
vn -0.075579 -0.732959 0.676062
vn -0.267395 0.539672 -0.798282
vn -0.422637 0.637007 -0.644670
vn 0.679994 0.036850 -0.732291
vn 0.680548 -0.475765 0.557227
vn 0.878236 -0.163567 -0.449386
vn -0.440901 0.465906 -0.767162
vn -0.857187 0.504950 -0.101278
vn -0.924591 0.345865 0.159716
vn -0.530467 0.388106 -0.753644
vn -0.850108 0.016054 0.526363
vn 0.766185 -0.489138 0.416779
vn -0.653665 0.299581 -0.694962
vn 0.584499 0.052714 -0.809680
vn 0.863314 -0.303904 -0.402905
vn 0.222809 -0.310680 0.924031
vn -0.511333 0.512239 -0.690036
vn 0.286063 -0.479664 0.829513
vn 0.452431 -0.490927 0.744511
vn -0.641883 0.667995 -0.376523
vn 0.295831 -0.489015 0.820578
vn 0.533563 -0.241316 -0.810603
vn -0.788763 0.507147 -0.347353
vn 0.430482 -0.502050 0.750087
vn 0.834479 -0.395158 0.384050
vn 0.845444 -0.171924 -0.505635
vn 0.727711 -0.262151 -0.633808
vn -0.369810 0.245727 -0.896024
vn -0.820979 0.449639 -0.351878
vn -0.212586 -0.220806 0.951868
vn -0.608353 0.297937 -0.735623
vn -0.958141 -0.286013 -0.012725
vn -0.579174 0.472025 -0.664642
vn 0.916262 -0.379542 -0.128111
vn 0.700074 -0.482569 0.526330
vn -0.690724 0.706221 -0.155408
vn 0.906030 -0.417905 0.066816
s 1
g SM_TallFoliage
usemtl lambert11SG
f 3/2/1 2/3/2 4/202/3
f 2/3/2 3/2/1 1/218/4
f 2/3/2 1/218/4 4/202/3
f 59/5/5 63/6/6 49/7/7
f 4/4/3 109/8/8 97/9/9
f 3/2/1 6/213/10 1/218/4
f 54/11/11 13/12/12 109/8/8
f 30/13/13 150/14/14 83/15/15
f 161/16/16 110/17/17 14/18/18
f 21/181/19 154/20/20 126/21/21
f 62/22/22 40/23/23 71/24/24
f 16/25/25 144/26/26 22/27/27
f 32/28/28 26/29/29 27/30/30
f 36/210/31 91/32/32 48/33/33
f 117/34/34 43/35/35 119/36/36
f 19/37/37 41/38/38 96/39/39
f 21/181/19 126/21/21 11/40/40
f 81/199/41 96/39/39 18/42/42
f 87/43/43 152/44/44 132/45/45
f 90/46/46 161/16/16 14/18/18
f 5/47/47 102/48/48 33/49/49
f 13/12/12 5/47/47 109/8/8
f 118/190/50 38/214/51 22/27/27
f 56/206/52 151/53/53 78/226/54
f 15/55/55 110/17/17 161/16/16
f 22/27/27 38/214/51 131/56/56
f 86/195/57 163/58/58 15/55/55
f 15/55/55 9/217/59 86/195/57
f 75/60/60 64/61/61 98/62/62
f 98/186/62 161/16/16 40/23/23
f 54/11/11 106/174/63 13/12/12
f 100/64/64 152/44/44 87/43/43
f 95/188/65 65/66/66 128/67/67
f 65/66/66 39/208/68 3/2/1
f 21/181/19 11/40/40 10/212/69
f 43/35/35 117/34/34 113/180/70
f 21/181/19 69/71/71 34/72/72
f 45/73/73 113/180/70 55/74/74
f 77/75/75 143/76/76 114/77/77
f 83/15/15 124/78/78 58/79/79
f 81/199/41 18/42/42 23/182/80
f 119/36/36 43/35/35 19/198/37
f 29/81/81 24/82/82 70/83/83
f 65/66/66 3/2/1 146/84/84
f 104/85/85 17/86/86 8/87/87
f 34/72/72 72/88/88 21/181/19
f 157/89/89 133/90/90 60/91/91
f 115/92/92 91/32/32 55/74/74
f 148/93/93 32/28/28 27/30/30
f 26/29/29 42/94/94 27/30/30
f 17/86/86 44/95/95 8/87/87
f 57/168/96 27/30/30 44/211/95
f 29/207/81 145/97/97 79/215/98
f 56/52/52 5/47/47 145/97/97
f 83/15/15 58/79/79 30/13/13
f 31/99/99 66/100/100 30/13/13
f 31/99/99 30/13/13 155/101/101
f 60/91/91 133/90/90 160/102/102
f 135/103/103 32/28/28 123/104/104
f 61/205/105 17/86/86 104/85/85
f 147/216/106 116/107/107 79/98/98
f 90/46/46 94/108/108 147/106/106
f 34/72/72 138/109/109 142/110/110
f 121/111/111 36/210/31 48/33/33
f 94/200/108 77/75/75 35/112/112
f 94/108/108 116/179/107 147/106/106
f 92/209/113 36/210/31 156/114/114
f 36/31/31 158/115/115 69/71/71
f 15/55/55 7/116/116 110/17/17
f 99/194/117 131/56/56 38/214/51
f 38/51/51 37/118/118 99/117/117
f 37/118/118 38/51/51 118/50/50
f 39/208/68 6/213/10 3/2/1
f 54/11/11 52/119/119 106/174/63
f 40/23/23 28/120/120 98/186/62
f 88/193/121 157/89/89 64/61/61
f 129/122/122 10/212/69 68/123/123
f 43/35/35 127/124/124 19/198/37
f 44/211/95 27/30/30 42/94/94
f 74/125/125 40/23/23 157/197/89
f 129/175/122 43/35/35 10/69/69
f 43/35/35 113/180/70 10/69/69
f 8/87/87 44/95/95 130/126/126
f 44/211/95 42/94/94 82/196/127
f 55/74/74 91/32/32 45/73/73
f 36/31/31 69/71/71 20/204/128
f 46/129/129 61/105/105 104/185/85
f 92/209/113 156/114/114 138/170/109
f 134/130/130 105/131/131 47/132/132
f 63/6/6 73/224/133 49/7/7
f 50/134/134 123/104/104 48/33/33
f 50/134/134 115/92/92 89/135/135
f 49/7/7 73/224/133 111/219/136
f 59/5/5 49/7/7 67/137/137
f 50/134/134 160/102/102 133/90/90
f 135/103/103 123/104/104 50/134/134
f 47/132/132 105/131/131 51/138/138
f 111/219/136 67/137/137 49/7/7
f 39/68/68 93/189/139 54/11/11
f 93/139/139 39/208/68 65/66/66
f 53/140/140 134/130/130 47/132/132
f 47/132/132 51/138/138 53/140/140
f 109/8/8 112/141/141 54/11/11
f 39/68/68 54/11/11 112/141/141
f 50/134/134 89/135/135 160/102/102
f 31/99/99 89/135/135 66/100/100
f 70/83/83 56/206/52 29/81/81
f 56/52/52 145/97/97 29/207/81
f 44/95/95 85/142/142 57/96/96
f 61/205/105 148/169/93 85/142/142
f 153/143/143 58/79/79 124/78/78
f 9/59/59 157/89/89 60/91/91
f 105/131/131 59/5/5 51/138/138
f 78/184/54 107/144/144 56/52/52
f 31/99/99 155/101/101 60/91/91
f 60/91/91 155/101/101 144/26/26
f 61/105/105 32/28/28 148/93/93
f 61/105/105 46/129/129 32/28/28
f 8/87/87 130/126/126 140/145/145
f 104/85/85 8/87/87 140/145/145
f 3/2/1 4/202/3 101/146/146
f 70/83/83 151/53/53 56/206/52
f 9/59/59 98/62/62 64/61/61
f 9/59/59 64/61/61 157/89/89
f 128/67/67 65/66/66 150/14/14
f 65/66/66 146/84/84 150/14/14
f 150/14/14 30/13/13 66/100/100
f 119/36/36 81/41/41 23/80/80
f 136/147/147 59/5/5 67/137/137
f 136/147/147 67/225/137 162/148/148
f 68/123/123 10/212/69 11/40/40
f 96/39/39 132/45/45 18/42/42
f 69/71/71 21/181/19 45/203/73
f 20/204/128 69/71/71 45/203/73
f 141/149/149 3/2/1 70/83/83
f 70/83/83 3/2/1 101/146/146
f 12/150/150 62/22/22 71/24/24
f 102/48/48 12/150/150 71/24/24
f 34/72/72 142/110/110 72/88/88
f 154/20/20 108/151/151 126/21/21
f 76/201/152 97/9/9 103/172/153
f 76/152/152 137/173/154 149/155/155
f 40/23/23 74/125/125 28/120/120
f 75/60/60 88/193/121 64/61/61
f 159/156/156 88/193/121 75/60/60
f 98/62/62 28/164/120 75/60/60
f 4/4/3 97/9/9 76/201/152
f 4/202/3 76/152/152 101/146/146
f 139/157/157 94/200/108 122/158/158
f 120/159/159 153/143/143 124/78/78
f 78/54/54 59/5/5 105/131/131
f 78/54/54 151/221/53 59/5/5
f 24/82/82 29/81/81 79/98/98
f 150/14/14 146/84/84 83/15/15
f 140/145/145 130/126/126 62/22/22
f 62/22/22 12/150/150 108/151/151
f 119/36/36 19/198/37 81/41/41
f 96/39/39 81/199/41 19/37/37
f 40/23/23 82/127/127 157/197/89
f 40/23/23 62/22/22 130/126/126
f 83/15/15 141/149/149 143/76/76
f 83/15/15 143/76/76 139/157/157
f 84/160/160 108/151/151 12/150/150
f 84/160/160 12/150/150 102/48/48
f 17/86/86 61/205/105 85/142/142
f 17/86/86 85/142/142 44/95/95
f 131/56/56 99/194/117 86/57/57
f 86/57/57 9/59/59 16/25/25
f 87/43/43 84/160/160 102/48/48
f 126/21/21 108/151/151 84/160/160
f 74/125/125 88/121/121 159/165/156
f 157/89/89 88/193/121 74/192/125
f 117/34/34 119/36/36 89/135/135
f 117/34/34 89/135/135 115/92/92
f 13/12/12 102/48/48 5/47/47
f 100/64/64 13/12/12 106/174/63
f 36/210/31 20/128/128 91/32/32
f 91/32/32 20/128/128 45/73/73
f 158/115/115 138/109/109 34/72/72
f 69/71/71 158/115/115 34/72/72
f 52/119/119 54/11/11 93/189/139
f 95/65/65 106/174/63 52/119/119
f 90/46/46 14/18/18 94/108/108
f 94/108/108 118/50/50 122/191/158
f 95/188/65 93/139/139 65/66/66
f 93/189/139 95/65/65 52/119/119
f 68/123/123 132/45/45 96/39/39
f 68/123/123 96/39/39 41/38/38
f 109/8/8 5/47/47 97/9/9
f 5/47/47 56/52/52 107/144/144
f 98/186/62 15/55/55 161/16/16
f 98/62/62 9/59/59 15/187/55
f 99/117/117 163/58/58 86/195/57
f 7/116/116 99/117/117 37/118/118
f 102/48/48 100/64/64 87/43/43
f 13/12/12 100/64/64 102/48/48
f 59/5/5 151/221/53 63/6/6
f 73/224/133 63/6/6 151/221/53
f 102/48/48 71/24/24 90/46/46
f 102/48/48 90/46/46 147/106/106
f 137/222/154 73/224/133 151/221/53
f 73/133/133 134/130/130 53/140/140
f 104/85/85 25/161/161 125/171/162
f 25/161/161 104/85/85 140/145/145
f 97/183/9 78/54/54 105/131/131
f 134/130/130 97/183/9 105/131/131
f 18/42/42 132/45/45 152/44/44
f 18/42/42 152/44/44 23/182/80
f 107/144/144 78/184/54 97/9/9
f 5/47/47 107/144/144 97/9/9
f 62/22/22 108/151/151 140/145/145
f 72/88/88 80/163/163 108/151/151
f 1/1/4 109/8/8 4/4/3
f 1/1/4 112/141/141 109/8/8
f 110/17/17 7/116/116 37/118/118
f 14/18/18 110/17/17 37/118/118
f 73/133/133 53/140/140 111/136/136
f 67/137/137 111/219/136 162/220/148
f 112/141/141 6/10/10 39/68/68
f 112/141/141 1/1/4 6/10/10
f 113/180/70 21/19/19 10/69/69
f 113/70/70 45/203/73 21/181/19
f 35/112/112 77/75/75 114/77/77
f 35/178/112 116/179/107 94/108/108
f 48/33/33 91/32/32 115/92/92
f 48/33/33 115/92/92 50/134/134
f 79/98/98 116/107/107 114/77/77
f 114/77/77 116/107/107 35/112/112
f 113/180/70 117/34/34 55/74/74
f 117/34/34 115/92/92 55/74/74
f 14/18/18 37/118/118 118/50/50
f 14/18/18 118/50/50 94/108/108
f 119/36/36 23/80/80 66/100/100
f 89/135/135 119/36/36 66/100/100
f 120/159/159 139/157/157 122/158/158
f 153/143/143 120/159/159 22/27/27
f 36/210/31 121/111/111 156/114/114
f 121/111/111 48/33/33 123/104/104
f 22/27/27 122/158/158 118/190/50
f 22/27/27 120/159/159 122/158/158
f 46/129/129 123/104/104 32/28/28
f 156/114/114 121/111/111 123/104/104
f 124/78/78 83/15/15 139/157/157
f 120/159/159 124/78/78 139/157/157
f 46/129/129 104/185/85 125/162/162
f 125/162/162 123/104/104 46/129/129
f 126/21/21 84/160/160 87/43/43
f 11/40/40 126/21/21 87/43/43
f 127/124/124 41/177/38 19/198/37
f 127/124/124 43/35/35 129/175/122
f 106/63/63 95/188/65 128/67/67
f 106/174/63 128/166/67 100/64/64
f 127/176/124 129/122/122 41/38/38
f 129/122/122 68/123/123 41/38/38
f 82/127/127 130/126/126 44/95/95
f 130/126/126 82/127/127 40/23/23
f 86/57/57 16/25/25 131/56/56
f 131/56/56 16/25/25 22/27/27
f 132/45/45 11/40/40 87/43/43
f 68/123/123 11/40/40 132/45/45
f 26/29/29 133/90/90 42/94/94
f 133/90/90 135/103/103 50/134/134
f 103/153/153 97/183/9 134/130/130
f 73/133/133 137/223/154 134/130/130
f 32/28/28 135/103/103 26/29/29
f 26/29/29 135/103/103 133/90/90
f 51/138/138 59/5/5 136/147/147
f 162/148/148 51/138/138 136/147/147
f 76/201/152 103/172/153 137/154/154
f 137/223/154 103/153/153 134/130/130
f 125/171/162 25/161/161 138/109/109
f 138/109/109 25/161/161 80/163/163
f 77/75/75 139/157/157 143/76/76
f 77/75/75 94/200/108 139/157/157
f 80/163/163 140/145/145 108/151/151
f 80/163/163 25/161/161 140/145/145
f 143/76/76 141/149/149 24/82/82
f 141/149/149 70/83/83 24/82/82
f 72/88/88 142/110/110 80/163/163
f 142/110/110 138/109/109 80/163/163
f 79/98/98 114/77/77 143/76/76
f 79/98/98 143/76/76 24/82/82
f 9/59/59 144/26/26 16/25/25
f 144/26/26 9/59/59 60/91/91
f 33/49/49 145/97/97 5/47/47
f 102/48/48 147/106/106 33/49/49
f 146/84/84 141/149/149 83/15/15
f 146/84/84 3/2/1 141/149/149
f 147/106/106 145/97/97 33/49/49
f 79/215/98 145/97/97 147/106/106
f 148/93/93 27/30/30 57/168/96
f 85/142/142 148/169/93 57/96/96
f 151/53/53 149/155/155 137/173/154
f 101/146/146 76/152/152 149/155/155
f 23/80/80 128/67/67 150/14/14
f 150/14/14 66/100/100 23/80/80
f 149/155/155 151/53/53 101/146/146
f 101/146/146 151/53/53 70/83/83
f 152/44/44 100/64/64 128/166/67
f 23/80/80 152/167/44 128/67/67
f 144/26/26 153/143/143 22/27/27
f 153/143/143 144/26/26 155/101/101
f 21/181/19 72/88/88 154/20/20
f 72/88/88 108/151/151 154/20/20
f 58/79/79 155/101/101 30/13/13
f 155/101/101 58/79/79 153/143/143
f 156/114/114 125/162/162 138/170/109
f 125/162/162 156/114/114 123/104/104
f 157/89/89 82/196/127 42/94/94
f 42/94/94 133/90/90 157/89/89
f 158/115/115 36/31/31 92/113/113
f 92/113/113 138/109/109 158/115/115
f 75/60/60 28/164/120 159/156/156
f 74/125/125 159/165/156 28/120/120
f 89/135/135 31/99/99 160/102/102
f 60/91/91 160/102/102 31/99/99
f 71/24/24 161/16/16 90/46/46
f 71/24/24 40/23/23 161/16/16
f 51/138/138 162/148/148 53/140/140
f 111/136/136 53/140/140 162/148/148
f 7/116/116 163/58/58 99/117/117
f 15/55/55 163/58/58 7/116/116
s 39
f 181/227/164 186/228/165 166/229/166
f 203/230/167 201/231/168 194/232/169
f 174/233/170 194/232/169 231/234/171
f 167/235/172 169/236/173 168/237/174
f 169/236/173 225/238/175 168/237/174
f 181/227/164 166/229/166 178/239/176
f 164/240/177 230/241/178 167/235/172
f 192/242/179 188/243/180 208/244/181
f 170/245/182 167/235/172 168/237/174
f 218/246/183 168/237/174 225/238/175
f 244/247/184 204/248/185 171/249/186
f 236/250/187 178/239/176 166/229/166
f 173/251/188 167/235/172 170/245/182
f 178/239/176 179/252/189 251/253/190
f 223/254/191 167/235/172 173/251/188
f 236/250/187 179/252/189 178/239/176
f 191/255/192 248/256/193 242/257/194
f 175/258/195 189/259/196 197/260/197
f 176/261/198 182/262/199 175/258/195
f 179/252/189 236/250/187 184/263/200
f 172/264/201 239/265/202 167/235/172
f 201/231/168 214/266/203 167/235/172
f 198/267/204 251/253/190 179/252/189
f 180/268/205 204/248/185 244/247/184
f 251/253/190 213/269/206 178/239/176
f 225/270/175 178/239/176 213/269/206
f 179/271/189 184/272/200 173/251/188
f 179/252/189 241/273/207 198/267/204
f 170/245/182 204/248/185 180/268/205
f 180/268/205 241/274/207 170/245/182
f 208/244/181 165/275/208 192/242/179
f 178/239/176 225/270/175 208/244/181
f 172/264/201 182/262/199 239/265/202
f 236/250/187 207/276/209 184/263/200
f 217/277/210 204/248/185 238/278/211
f 200/279/212 246/280/213 240/281/214
f 184/272/200 223/254/191 173/251/188
f 184/272/200 205/282/215 223/254/191
f 196/283/216 168/237/174 183/284/217
f 177/285/218 240/281/214 187/286/219
f 226/287/220 186/228/165 181/227/164
f 201/231/168 203/230/167 206/288/221
f 222/289/222 225/270/175 187/286/219
f 193/290/223 222/289/222 187/286/219
f 211/291/224 188/243/180 192/242/179
f 214/266/203 201/231/168 247/292/225
f 174/233/170 231/234/171 221/293/226
f 191/255/192 219/294/227 248/256/193
f 240/295/214 246/296/213 238/278/211
f 220/297/228 193/290/223 196/298/216
f 191/299/192 174/233/170 221/293/226
f 194/300/169 174/301/170 191/255/192
f 228/302/229 192/242/179 165/275/208
f 192/242/179 228/302/229 211/291/224
f 210/303/230 249/304/231 190/305/232
f 187/286/219 240/281/214 249/304/231
f 194/300/169 215/306/233 186/228/165
f 194/300/169 191/255/192 215/306/233
f 195/307/234 190/308/232 185/309/235
f 252/310/236 249/311/231 209/312/237
f 185/309/235 168/237/174 250/313/238
f 185/309/235 252/310/236 209/312/237
f 175/258/195 197/260/197 176/261/198
f 239/265/202 231/234/171 194/232/169
f 244/314/184 198/267/204 180/315/205
f 180/315/205 198/267/204 241/273/207
f 197/260/197 239/265/202 176/261/198
f 182/262/199 176/261/198 239/265/202
f 177/285/218 200/279/212 240/281/214
f 202/316/239 171/317/186 200/279/212
f 199/318/240 194/232/169 201/231/168
f 199/318/240 201/231/168 167/235/172
f 177/285/218 198/267/204 202/316/239
f 177/285/218 202/316/239 200/279/212
f 203/230/167 194/232/169 186/319/165
f 226/287/220 203/320/167 186/228/165
f 204/248/185 168/237/174 238/278/211
f 170/245/182 168/237/174 204/248/185
f 205/282/215 182/262/199 172/264/201
f 207/321/209 175/258/195 182/262/199
f 227/322/241 181/227/164 188/243/180
f 212/323/242 227/322/241 188/243/180
f 205/324/215 184/263/200 207/276/209
f 205/324/215 207/276/209 182/325/199
f 208/244/181 188/243/180 181/227/164
f 178/239/176 208/244/181 181/227/164
f 245/326/243 185/309/235 209/312/237
f 210/303/230 190/305/232 195/327/234
f 249/311/231 210/328/230 209/312/237
f 235/329/244 209/312/237 237/330/245
f 230/241/178 164/240/177 211/331/224
f 164/240/177 188/332/180 211/331/224
f 164/240/177 212/333/242 188/332/180
f 214/266/203 234/334/246 212/333/242
f 177/285/218 187/286/219 213/269/206
f 225/270/175 213/269/206 187/286/219
f 167/235/172 214/266/203 164/240/177
f 164/240/177 214/266/203 212/333/242
f 215/306/233 191/255/192 242/257/194
f 186/228/165 215/306/233 242/257/194
f 196/283/216 183/284/217 216/335/247
f 220/297/228 222/289/222 193/290/223
f 171/249/186 204/248/185 217/277/210
f 200/279/212 171/317/186 246/280/213
f 168/237/174 218/246/183 183/284/217
f 218/336/183 225/270/175 222/289/222
f 233/337/248 219/294/227 189/338/196
f 219/294/227 191/255/192 221/339/226
f 216/340/247 222/289/222 220/297/228
f 220/341/228 196/283/216 216/335/247
f 221/293/226 231/234/171 189/259/196
f 219/294/227 221/339/226 189/338/196
f 183/284/217 222/342/222 216/335/247
f 222/342/222 183/284/217 218/246/183
f 167/235/172 223/254/191 172/264/201
f 223/254/191 205/282/215 172/264/201
f 201/231/168 206/288/221 247/292/225
f 206/288/221 203/230/167 226/343/220
f 165/275/208 208/244/181 225/270/175
f 165/275/208 225/270/175 232/344/249
f 226/287/220 181/227/164 224/345/250
f 206/288/221 226/343/220 224/346/250
f 227/322/241 224/345/250 181/227/164
f 234/334/246 214/266/203 224/346/250
f 165/275/208 230/347/178 228/302/229
f 230/241/178 211/331/224 228/348/229
f 196/298/216 193/290/223 229/349/251
f 229/349/251 193/290/223 187/286/219
f 167/235/172 230/241/178 169/236/173
f 165/275/208 232/344/249 230/347/178
f 197/260/197 231/234/171 239/265/202
f 231/234/171 197/260/197 189/259/196
f 169/236/173 230/241/178 232/350/249
f 232/350/249 225/238/175 169/236/173
f 233/351/248 189/259/196 175/258/195
f 219/294/227 233/337/248 248/256/193
f 224/345/250 227/322/241 234/352/246
f 234/352/246 227/322/241 212/323/242
f 195/307/234 185/309/235 245/326/243
f 195/327/234 243/353/252 237/354/245
f 207/321/209 236/355/187 175/258/195
f 248/256/193 233/337/248 175/356/195
f 237/354/245 210/303/230 195/327/234
f 210/328/230 237/330/245 209/312/237
f 190/308/232 238/278/211 185/309/235
f 238/278/211 168/237/174 185/309/235
f 239/265/202 199/318/240 167/235/172
f 239/265/202 194/232/169 199/318/240
f 190/305/232 249/304/231 240/281/214
f 240/295/214 238/278/211 190/308/232
f 170/245/182 241/274/207 173/251/188
f 179/271/189 173/251/188 241/274/207
f 242/257/194 248/256/193 166/229/166
f 186/228/165 242/257/194 166/229/166
f 235/357/244 237/354/245 243/353/252
f 243/358/252 195/307/234 245/326/243
f 171/317/186 202/316/239 244/314/184
f 244/314/184 202/316/239 198/267/204
f 235/329/244 245/326/243 209/312/237
f 245/326/243 235/329/244 243/358/252
f 217/277/210 238/278/211 246/296/213
f 246/296/213 171/249/186 217/277/210
f 224/346/250 247/292/225 206/288/221
f 247/292/225 224/346/250 214/266/203
f 248/256/193 175/356/195 236/250/187
f 248/256/193 236/250/187 166/229/166
f 229/349/251 187/286/219 249/304/231
f 229/359/251 249/311/231 252/310/236
f 250/313/238 196/283/216 229/359/251
f 250/313/238 168/237/174 196/283/216
f 198/267/204 177/285/218 251/253/190
f 177/285/218 213/269/206 251/253/190
f 252/310/236 250/313/238 229/359/251
f 185/309/235 250/313/238 252/310/236
s 58
f 270/360/253 275/361/254 255/362/255
f 292/363/256 290/364/257 283/365/258
f 263/366/259 283/365/258 320/367/260
f 256/368/261 258/369/262 257/370/263
f 258/369/262 314/371/264 257/370/263
f 270/360/253 255/362/255 267/372/265
f 253/373/266 319/374/267 256/368/261
f 281/375/268 277/376/269 297/377/270
f 259/378/271 256/368/261 257/370/263
f 307/379/272 257/370/263 314/371/264
f 333/380/273 293/381/274 260/382/275
f 325/383/276 267/372/265 255/362/255
f 262/384/277 256/368/261 259/378/271
f 267/372/265 268/385/278 340/386/279
f 312/387/280 256/368/261 262/384/277
f 325/383/276 268/385/278 267/372/265
f 280/388/281 337/389/282 331/390/283
f 264/391/284 278/392/285 286/393/286
f 265/394/287 271/395/288 264/391/284
f 268/385/278 325/383/276 273/396/289
f 261/397/290 328/398/291 256/368/261
f 290/364/257 303/399/292 256/368/261
f 287/400/293 340/386/279 268/385/278
f 269/401/294 293/381/274 333/380/273
f 340/386/279 302/402/295 267/372/265
f 314/403/264 267/372/265 302/402/295
f 268/404/278 273/405/289 262/384/277
f 268/385/278 330/406/296 287/400/293
f 259/378/271 293/381/274 269/401/294
f 269/401/294 330/407/296 259/378/271
f 297/377/270 254/408/297 281/375/268
f 267/372/265 314/403/264 297/377/270
f 261/397/290 271/395/288 328/398/291
f 325/383/276 296/409/298 273/396/289
f 306/410/299 293/381/274 327/411/300
f 289/412/301 335/413/302 329/414/303
f 273/405/289 312/387/280 262/384/277
f 273/405/289 294/415/304 312/387/280
f 285/416/305 257/370/263 272/417/306
f 266/418/307 329/414/303 276/419/308
f 315/420/309 275/361/254 270/360/253
f 290/364/257 292/363/256 295/421/310
f 311/422/311 314/403/264 276/419/308
f 282/423/312 311/422/311 276/419/308
f 300/424/313 277/376/269 281/375/268
f 303/399/292 290/364/257 336/425/314
f 263/366/259 320/367/260 310/426/315
f 280/388/281 308/427/316 337/389/282
f 329/428/303 335/429/302 327/411/300
f 309/430/317 282/423/312 285/431/305
f 280/432/281 263/366/259 310/426/315
f 283/433/258 263/434/259 280/388/281
f 317/435/318 281/375/268 254/408/297
f 281/375/268 317/435/318 300/424/313
f 299/436/319 338/437/320 279/438/321
f 276/419/308 329/414/303 338/437/320
f 283/433/258 304/439/322 275/361/254
f 283/433/258 280/388/281 304/439/322
f 284/440/323 279/441/321 274/442/324
f 341/443/325 338/444/320 298/445/326
f 274/442/324 257/370/263 339/446/327
f 274/442/324 341/443/325 298/445/326
f 264/391/284 286/393/286 265/394/287
f 328/398/291 320/367/260 283/365/258
f 333/447/273 287/400/293 269/448/294
f 269/448/294 287/400/293 330/406/296
f 286/393/286 328/398/291 265/394/287
f 271/395/288 265/394/287 328/398/291
f 266/418/307 289/412/301 329/414/303
f 291/449/328 260/450/275 289/412/301
f 288/451/329 283/365/258 290/364/257
f 288/451/329 290/364/257 256/368/261
f 266/418/307 287/400/293 291/449/328
f 266/418/307 291/449/328 289/412/301
f 292/363/256 283/365/258 275/452/254
f 315/420/309 292/453/256 275/361/254
f 293/381/274 257/370/263 327/411/300
f 259/378/271 257/370/263 293/381/274
f 294/415/304 271/395/288 261/397/290
f 296/454/298 264/391/284 271/395/288
f 316/455/330 270/360/253 277/376/269
f 301/456/331 316/455/330 277/376/269
f 294/457/304 273/396/289 296/409/298
f 294/457/304 296/409/298 271/458/288
f 297/377/270 277/376/269 270/360/253
f 267/372/265 297/377/270 270/360/253
f 334/459/332 274/442/324 298/445/326
f 299/436/319 279/438/321 284/460/323
f 338/444/320 299/461/319 298/445/326
f 324/462/333 298/445/326 326/463/334
f 319/374/267 253/373/266 300/464/313
f 253/373/266 277/465/269 300/464/313
f 253/373/266 301/466/331 277/465/269
f 303/399/292 323/467/335 301/466/331
f 266/418/307 276/419/308 302/402/295
f 314/403/264 302/402/295 276/419/308
f 256/368/261 303/399/292 253/373/266
f 253/373/266 303/399/292 301/466/331
f 304/439/322 280/388/281 331/390/283
f 275/361/254 304/439/322 331/390/283
f 285/416/305 272/417/306 305/468/336
f 309/430/317 311/422/311 282/423/312
f 260/382/275 293/381/274 306/410/299
f 289/412/301 260/450/275 335/413/302
f 257/370/263 307/379/272 272/417/306
f 307/469/272 314/403/264 311/422/311
f 322/470/337 308/427/316 278/471/285
f 308/427/316 280/388/281 310/472/315
f 305/473/336 311/422/311 309/430/317
f 309/474/317 285/416/305 305/468/336
f 310/426/315 320/367/260 278/392/285
f 308/427/316 310/472/315 278/471/285
f 272/417/306 311/475/311 305/468/336
f 311/475/311 272/417/306 307/379/272
f 256/368/261 312/387/280 261/397/290
f 312/387/280 294/415/304 261/397/290
f 290/364/257 295/421/310 336/425/314
f 295/421/310 292/363/256 315/476/309
f 254/408/297 297/377/270 314/403/264
f 254/408/297 314/403/264 321/477/338
f 315/420/309 270/360/253 313/478/339
f 295/421/310 315/476/309 313/479/339
f 316/455/330 313/478/339 270/360/253
f 323/467/335 303/399/292 313/479/339
f 254/408/297 319/480/267 317/435/318
f 319/374/267 300/464/313 317/481/318
f 285/431/305 282/423/312 318/482/340
f 318/482/340 282/423/312 276/419/308
f 256/368/261 319/374/267 258/369/262
f 254/408/297 321/477/338 319/480/267
f 286/393/286 320/367/260 328/398/291
f 320/367/260 286/393/286 278/392/285
f 258/369/262 319/374/267 321/483/338
f 321/483/338 314/371/264 258/369/262
f 322/484/337 278/392/285 264/391/284
f 308/427/316 322/470/337 337/389/282
f 313/478/339 316/455/330 323/485/335
f 323/485/335 316/455/330 301/456/331
f 284/440/323 274/442/324 334/459/332
f 284/460/323 332/486/341 326/487/334
f 296/454/298 325/488/276 264/391/284
f 337/389/282 322/470/337 264/489/284
f 326/487/334 299/436/319 284/460/323
f 299/461/319 326/463/334 298/445/326
f 279/441/321 327/411/300 274/442/324
f 327/411/300 257/370/263 274/442/324
f 328/398/291 288/451/329 256/368/261
f 328/398/291 283/365/258 288/451/329
f 279/438/321 338/437/320 329/414/303
f 329/428/303 327/411/300 279/441/321
f 259/378/271 330/407/296 262/384/277
f 268/404/278 262/384/277 330/407/296
f 331/390/283 337/389/282 255/362/255
f 275/361/254 331/390/283 255/362/255
f 324/490/333 326/487/334 332/486/341
f 332/491/341 284/440/323 334/459/332
f 260/450/275 291/449/328 333/447/273
f 333/447/273 291/449/328 287/400/293
f 324/462/333 334/459/332 298/445/326
f 334/459/332 324/462/333 332/491/341
f 306/410/299 327/411/300 335/429/302
f 335/429/302 260/382/275 306/410/299
f 313/479/339 336/425/314 295/421/310
f 336/425/314 313/479/339 303/399/292
f 337/389/282 264/489/284 325/383/276
f 337/389/282 325/383/276 255/362/255
f 318/482/340 276/419/308 338/437/320
f 318/492/340 338/444/320 341/443/325
f 339/446/327 285/416/305 318/492/340
f 339/446/327 257/370/263 285/416/305
f 287/400/293 266/418/307 340/386/279
f 266/418/307 302/402/295 340/386/279
f 341/443/325 339/446/327 318/492/340
f 274/442/324 339/446/327 341/443/325
s 77
f 344/493/342 343/494/343 345/495/344
f 343/494/343 344/493/342 342/496/345
f 343/494/343 342/496/345 345/495/344
f 400/497/346 404/498/347 390/499/348
f 345/500/344 450/501/349 438/502/350
f 344/493/342 347/503/351 342/496/345
f 395/504/352 354/505/353 450/501/349
f 371/506/354 491/507/355 424/508/356
f 502/509/357 451/510/358 355/511/359
f 362/512/360 495/513/361 467/514/362
f 403/515/363 381/516/364 412/517/365
f 357/518/366 485/519/367 363/520/368
f 373/521/369 367/522/370 368/523/371
f 377/524/372 432/525/373 389/526/374
f 458/527/375 384/528/376 460/529/377
f 360/530/378 382/531/379 437/532/380
f 362/512/360 467/514/362 352/533/381
f 422/534/382 437/532/380 359/535/383
f 428/536/384 493/537/385 473/538/386
f 431/539/387 502/509/357 355/511/359
f 346/540/388 443/541/389 374/542/390
f 354/505/353 346/540/388 450/501/349
f 459/543/391 379/544/392 363/520/368
f 397/545/393 492/546/394 419/547/395
f 356/548/396 451/510/358 502/509/357
f 363/520/368 379/544/392 472/549/397
f 427/550/398 504/551/399 356/548/396
f 356/548/396 350/552/400 427/550/398
f 416/553/401 405/554/402 439/555/403
f 439/556/403 502/509/357 381/516/364
f 395/504/352 447/557/404 354/505/353
f 441/558/405 493/537/385 428/536/384
f 436/559/406 406/560/407 469/561/408
f 406/560/407 380/562/409 344/493/342
f 362/512/360 352/533/381 351/563/410
f 384/528/376 458/527/375 454/564/411
f 362/512/360 410/565/412 375/566/413
f 386/567/414 454/564/411 396/568/415
f 418/569/416 484/570/417 455/571/418
f 424/508/356 465/572/419 399/573/420
f 422/534/382 359/535/383 364/574/421
f 460/529/377 384/528/376 360/575/378
f 370/576/422 365/577/423 411/578/424
f 406/560/407 344/493/342 487/579/425
f 445/580/426 358/581/427 349/582/428
f 375/566/413 413/583/429 362/512/360
f 498/584/430 474/585/431 401/586/432
f 456/587/433 432/525/373 396/568/415
f 489/588/434 373/521/369 368/523/371
f 367/522/370 383/589/435 368/523/371
f 358/581/427 385/590/436 349/582/428
f 398/591/437 368/523/371 385/592/436
f 370/593/422 486/594/438 420/595/439
f 397/596/393 346/540/388 486/594/438
f 424/508/356 399/573/420 371/506/354
f 372/597/440 407/598/441 371/506/354
f 372/597/440 371/506/354 496/599/442
f 401/586/432 474/585/431 501/600/443
f 476/601/444 373/521/369 464/602/445
f 402/603/446 358/581/427 445/580/426
f 488/604/447 457/605/448 420/606/439
f 431/539/387 435/607/449 488/608/447
f 375/566/413 479/609/450 483/610/451
f 462/611/452 377/524/372 389/526/374
f 435/612/449 418/569/416 376/613/453
f 435/607/449 457/614/448 488/608/447
f 433/615/454 377/524/372 497/616/455
f 377/617/372 499/618/456 410/565/412
f 356/548/396 348/619/457 451/510/358
f 440/620/458 472/549/397 379/544/392
f 379/621/392 378/622/459 440/623/458
f 378/622/459 379/621/392 459/624/391
f 380/562/409 347/503/351 344/493/342
f 395/504/352 393/625/460 447/557/404
f 381/516/364 369/626/461 439/556/403
f 429/627/462 498/584/430 405/554/402
f 470/628/463 351/563/410 409/629/464
f 384/528/376 468/630/465 360/575/378
f 385/592/436 368/523/371 383/589/435
f 415/631/466 381/516/364 498/632/430
f 470/633/463 384/528/376 351/634/410
f 384/528/376 454/564/411 351/634/410
f 349/582/428 385/590/436 471/635/467
f 385/592/436 383/589/435 423/636/468
f 396/568/415 432/525/373 386/567/414
f 377/617/372 410/565/412 361/637/469
f 387/638/470 402/639/446 445/640/426
f 433/615/454 497/616/455 479/641/450
f 475/642/471 446/643/472 388/644/473
f 404/498/347 414/645/474 390/499/348
f 391/646/475 464/602/445 389/526/374
f 391/646/475 456/587/433 430/647/476
f 390/499/348 414/645/474 452/648/477
f 400/497/346 390/499/348 408/649/478
f 391/646/475 501/600/443 474/585/431
f 476/601/444 464/602/445 391/646/475
f 388/644/473 446/643/472 392/650/479
f 452/648/477 408/649/478 390/499/348
f 380/651/409 434/652/480 395/504/352
f 434/653/480 380/562/409 406/560/407
f 394/654/481 475/642/471 388/644/473
f 388/644/473 392/650/479 394/654/481
f 450/501/349 453/655/482 395/504/352
f 380/651/409 395/504/352 453/655/482
f 391/646/475 430/647/476 501/600/443
f 372/597/440 430/647/476 407/598/441
f 411/578/424 397/545/393 370/576/422
f 397/596/393 486/594/438 370/593/422
f 385/590/436 426/656/483 398/657/437
f 402/603/446 489/658/434 426/656/483
f 494/659/484 399/573/420 465/572/419
f 350/660/400 498/584/430 401/586/432
f 446/643/472 400/497/346 392/650/479
f 419/661/395 448/662/485 397/596/393
f 372/597/440 496/599/442 401/586/432
f 401/586/432 496/599/442 485/519/367
f 402/639/446 373/521/369 489/588/434
f 402/639/446 387/638/470 373/521/369
f 349/582/428 471/635/467 481/663/486
f 445/580/426 349/582/428 481/663/486
f 344/493/342 345/495/344 442/664/487
f 411/578/424 492/546/394 397/545/393
f 350/660/400 439/555/403 405/554/402
f 350/660/400 405/554/402 498/584/430
f 469/561/408 406/560/407 491/507/355
f 406/560/407 487/579/425 491/507/355
f 491/507/355 371/506/354 407/598/441
f 460/529/377 422/665/382 364/666/421
f 477/667/488 400/497/346 408/649/478
f 477/667/488 408/668/478 503/669/489
f 409/629/464 351/563/410 352/533/381
f 437/532/380 473/538/386 359/535/383
f 410/565/412 362/512/360 386/670/414
f 361/637/469 410/565/412 386/670/414
f 482/671/490 344/493/342 411/578/424
f 411/578/424 344/493/342 442/664/487
f 353/672/491 403/515/363 412/517/365
f 443/541/389 353/672/491 412/517/365
f 375/566/413 483/610/451 413/583/429
f 495/513/361 449/673/492 467/514/362
f 417/674/493 438/502/350 444/675/494
f 417/676/493 478/677/495 490/678/496
f 381/516/364 415/631/466 369/626/461
f 416/553/401 429/627/462 405/554/402
f 500/679/497 429/627/462 416/553/401
f 439/555/403 369/680/461 416/553/401
f 345/500/344 438/502/350 417/674/493
f 345/495/344 417/676/493 442/664/487
f 480/681/498 435/612/449 463/682/499
f 461/683/500 494/659/484 465/572/419
f 419/684/395 400/497/346 446/643/472
f 419/684/395 492/685/394 400/497/346
f 365/577/423 370/576/422 420/606/439
f 491/507/355 487/579/425 424/508/356
f 481/663/486 471/635/467 403/515/363
f 403/515/363 353/672/491 449/673/492
f 460/529/377 360/575/378 422/665/382
f 437/532/380 422/534/382 360/530/378
f 381/516/364 423/686/468 498/632/430
f 381/516/364 403/515/363 471/635/467
f 424/508/356 482/671/490 484/570/417
f 424/508/356 484/570/417 480/681/498
f 425/687/501 449/673/492 353/672/491
f 425/687/501 353/672/491 443/541/389
f 358/581/427 402/603/446 426/656/483
f 358/581/427 426/656/483 385/590/436
f 472/549/397 440/620/458 427/688/398
f 427/688/398 350/660/400 357/518/366
f 428/536/384 425/687/501 443/541/389
f 467/514/362 449/673/492 425/687/501
f 415/631/466 429/689/462 500/690/497
f 498/584/430 429/627/462 415/691/466
f 458/527/375 460/529/377 430/647/476
f 458/527/375 430/647/476 456/587/433
f 354/505/353 443/541/389 346/540/388
f 441/558/405 354/505/353 447/557/404
f 377/524/372 361/692/469 432/525/373
f 432/525/373 361/692/469 386/567/414
f 499/618/456 479/609/450 375/566/413
f 410/565/412 499/618/456 375/566/413
f 393/625/460 395/504/352 434/652/480
f 436/693/406 447/557/404 393/625/460
f 431/539/387 355/511/359 435/607/449
f 435/607/449 459/624/391 463/694/499
f 436/559/406 434/653/480 406/560/407
f 434/652/480 436/693/406 393/625/460
f 409/629/464 473/538/386 437/532/380
f 409/629/464 437/532/380 382/531/379
f 450/501/349 346/540/388 438/502/350
f 346/540/388 397/596/393 448/662/485
f 439/556/403 356/548/396 502/509/357
f 439/555/403 350/660/400 356/695/396
f 440/623/458 504/551/399 427/550/398
f 348/619/457 440/623/458 378/622/459
f 443/541/389 441/558/405 428/536/384
f 354/505/353 441/558/405 443/541/389
f 400/497/346 492/685/394 404/498/347
f 414/645/474 404/498/347 492/685/394
f 443/541/389 412/517/365 431/539/387
f 443/541/389 431/539/387 488/608/447
f 478/696/495 414/645/474 492/685/394
f 414/697/474 475/642/471 394/654/481
f 445/580/426 366/698/502 466/699/503
f 366/698/502 445/580/426 481/663/486
f 438/700/350 419/684/395 446/643/472
f 475/642/471 438/700/350 446/643/472
f 359/535/383 473/538/386 493/537/385
f 359/535/383 493/537/385 364/574/421
f 448/662/485 419/661/395 438/502/350
f 346/540/388 448/662/485 438/502/350
f 403/515/363 449/673/492 481/663/486
f 413/583/429 421/701/504 449/673/492
f 342/702/345 450/501/349 345/500/344
f 342/702/345 453/655/482 450/501/349
f 451/510/358 348/619/457 378/622/459
f 355/511/359 451/510/358 378/622/459
f 414/697/474 394/654/481 452/703/477
f 408/649/478 452/648/477 503/704/489
f 453/655/482 347/705/351 380/651/409
f 453/655/482 342/702/345 347/705/351
f 454/564/411 362/706/360 351/634/410
f 454/707/411 386/670/414 362/512/360
f 376/613/453 418/569/416 455/571/418
f 376/708/453 457/614/448 435/607/449
f 389/526/374 432/525/373 456/587/433
f 389/526/374 456/587/433 391/646/475
f 420/606/439 457/605/448 455/571/418
f 455/571/418 457/605/448 376/613/453
f 454/564/411 458/527/375 396/568/415
f 458/527/375 456/587/433 396/568/415
f 355/511/359 378/622/459 459/624/391
f 355/511/359 459/624/391 435/607/449
f 460/529/377 364/666/421 407/598/441
f 430/647/476 460/529/377 407/598/441
f 461/683/500 480/681/498 463/682/499
f 494/659/484 461/683/500 363/520/368
f 377/524/372 462/611/452 497/616/455
f 462/611/452 389/526/374 464/602/445
f 363/520/368 463/682/499 459/543/391
f 363/520/368 461/683/500 463/682/499
f 387/638/470 464/602/445 373/521/369
f 497/616/455 462/611/452 464/602/445
f 465/572/419 424/508/356 480/681/498
f 461/683/500 465/572/419 480/681/498
f 387/638/470 445/640/426 466/709/503
f 466/709/503 464/602/445 387/638/470
f 467/514/362 425/687/501 428/536/384
f 352/533/381 467/514/362 428/536/384
f 468/630/465 382/710/379 360/575/378
f 468/630/465 384/528/376 470/633/463
f 447/711/404 436/559/406 469/561/408
f 447/557/404 469/712/408 441/558/405
f 468/713/465 470/628/463 382/531/379
f 470/628/463 409/629/464 382/531/379
f 423/686/468 471/635/467 385/590/436
f 471/635/467 423/686/468 381/516/364
f 427/688/398 357/518/366 472/549/397
f 472/549/397 357/518/366 363/520/368
f 473/538/386 352/533/381 428/536/384
f 409/629/464 352/533/381 473/538/386
f 367/522/370 474/585/431 383/589/435
f 474/585/431 476/601/444 391/646/475
f 444/714/494 438/700/350 475/642/471
f 414/697/474 478/715/495 475/642/471
f 373/521/369 476/601/444 367/522/370
f 367/522/370 476/601/444 474/585/431
f 392/650/479 400/497/346 477/667/488
f 503/669/489 392/650/479 477/667/488
f 417/674/493 444/675/494 478/716/495
f 478/715/495 444/714/494 475/642/471
f 466/699/503 366/698/502 479/609/450
f 479/609/450 366/698/502 421/701/504
f 418/569/416 480/681/498 484/570/417
f 418/569/416 435/612/449 480/681/498
f 421/701/504 481/663/486 449/673/492
f 421/701/504 366/698/502 481/663/486
f 484/570/417 482/671/490 365/577/423
f 482/671/490 411/578/424 365/577/423
f 413/583/429 483/610/451 421/701/504
f 483/610/451 479/609/450 421/701/504
f 420/606/439 455/571/418 484/570/417
f 420/606/439 484/570/417 365/577/423
f 350/660/400 485/519/367 357/518/366
f 485/519/367 350/660/400 401/586/432
f 374/542/390 486/594/438 346/540/388
f 443/541/389 488/608/447 374/542/390
f 487/579/425 482/671/490 424/508/356
f 487/579/425 344/493/342 482/671/490
f 488/608/447 486/594/438 374/542/390
f 420/595/439 486/594/438 488/608/447
f 489/588/434 368/523/371 398/591/437
f 426/656/483 489/658/434 398/657/437
f 492/546/394 490/678/496 478/677/495
f 442/664/487 417/676/493 490/678/496
f 364/666/421 469/561/408 491/507/355
f 491/507/355 407/598/441 364/666/421
f 490/678/496 492/546/394 442/664/487
f 442/664/487 492/546/394 411/578/424
f 493/537/385 441/558/405 469/712/408
f 364/666/421 493/717/385 469/561/408
f 485/519/367 494/659/484 363/520/368
f 494/659/484 485/519/367 496/599/442
f 362/512/360 413/583/429 495/513/361
f 413/583/429 449/673/492 495/513/361
f 399/573/420 496/599/442 371/506/354
f 496/599/442 399/573/420 494/659/484
f 497/616/455 466/709/503 479/641/450
f 466/709/503 497/616/455 464/602/445
f 498/584/430 423/636/468 383/589/435
f 383/589/435 474/585/431 498/584/430
f 499/618/456 377/617/372 433/718/454
f 433/718/454 479/609/450 499/618/456
f 416/553/401 369/680/461 500/679/497
f 415/631/466 500/690/497 369/626/461
f 430/647/476 372/597/440 501/600/443
f 401/586/432 501/600/443 372/597/440
f 412/517/365 502/509/357 431/539/387
f 412/517/365 381/516/364 502/509/357
f 392/650/479 503/669/489 394/654/481
f 452/703/477 394/654/481 503/669/489
f 348/619/457 504/551/399 440/623/458
f 356/548/396 504/551/399 348/619/457
s 115
f 507/719/505 506/720/506 508/721/507
f 506/720/506 507/719/505 505/722/508
f 506/720/506 505/722/508 508/721/507
f 563/723/509 567/724/510 553/725/511
f 508/726/507 613/727/512 601/728/513
f 507/719/505 510/729/514 505/722/508
f 558/730/515 517/731/516 613/727/512
f 534/732/517 654/733/518 587/734/519
f 665/735/520 614/736/521 518/737/522
f 525/738/523 658/739/524 630/740/525
f 566/741/526 544/742/527 575/743/528
f 520/744/529 648/745/530 526/746/531
f 536/747/532 530/748/533 531/749/534
f 540/750/535 595/751/536 552/752/537
f 621/753/538 547/754/539 623/755/540
f 523/756/541 545/757/542 600/758/543
f 525/738/523 630/740/525 515/759/544
f 585/760/545 600/758/543 522/761/546
f 591/762/547 656/763/548 636/764/549
f 594/765/550 665/735/520 518/737/522
f 509/766/551 606/767/552 537/768/553
f 517/731/516 509/766/551 613/727/512
f 622/769/554 542/770/555 526/746/531
f 560/771/556 655/772/557 582/773/558
f 519/774/559 614/736/521 665/735/520
f 526/746/531 542/770/555 635/775/560
f 590/776/561 667/777/562 519/774/559
f 519/774/559 513/778/563 590/776/561
f 579/779/564 568/780/565 602/781/566
f 602/782/566 665/735/520 544/742/527
f 558/730/515 610/783/567 517/731/516
f 604/784/568 656/763/548 591/762/547
f 599/785/569 569/786/570 632/787/571
f 569/786/570 543/788/572 507/719/505
f 525/738/523 515/759/544 514/789/573
f 547/754/539 621/753/538 617/790/574
f 525/738/523 573/791/575 538/792/576
f 549/793/577 617/790/574 559/794/578
f 581/795/579 647/796/580 618/797/581
f 587/734/519 628/798/582 562/799/583
f 585/760/545 522/761/546 527/800/584
f 623/755/540 547/754/539 523/801/541
f 533/802/585 528/803/586 574/804/587
f 569/786/570 507/719/505 650/805/588
f 608/806/589 521/807/590 512/808/591
f 538/792/576 576/809/592 525/738/523
f 661/810/593 637/811/594 564/812/595
f 619/813/596 595/751/536 559/794/578
f 652/814/597 536/747/532 531/749/534
f 530/748/533 546/815/598 531/749/534
f 521/807/590 548/816/599 512/808/591
f 561/817/600 531/749/534 548/818/599
f 533/819/585 649/820/601 583/821/602
f 560/822/556 509/766/551 649/820/601
f 587/734/519 562/799/583 534/732/517
f 535/823/603 570/824/604 534/732/517
f 535/823/603 534/732/517 659/825/605
f 564/812/595 637/811/594 664/826/606
f 639/827/607 536/747/532 627/828/608
f 565/829/609 521/807/590 608/806/589
f 651/830/610 620/831/611 583/832/602
f 594/765/550 598/833/612 651/834/610
f 538/792/576 642/835/613 646/836/614
f 625/837/615 540/750/535 552/752/537
f 598/838/612 581/795/579 539/839/616
f 598/833/612 620/840/611 651/834/610
f 596/841/617 540/750/535 660/842/618
f 540/843/535 662/844/619 573/791/575
f 519/774/559 511/845/620 614/736/521
f 603/846/621 635/775/560 542/770/555
f 542/847/555 541/848/622 603/849/621
f 541/848/622 542/847/555 622/850/554
f 543/788/572 510/729/514 507/719/505
f 558/730/515 556/851/623 610/783/567
f 544/742/527 532/852/624 602/782/566
f 592/853/625 661/810/593 568/780/565
f 633/854/626 514/789/573 572/855/627
f 547/754/539 631/856/628 523/801/541
f 548/818/599 531/749/534 546/815/598
f 578/857/629 544/742/527 661/858/593
f 633/859/626 547/754/539 514/860/573
f 547/754/539 617/790/574 514/860/573
f 512/808/591 548/816/599 634/861/630
f 548/818/599 546/815/598 586/862/631
f 559/794/578 595/751/536 549/793/577
f 540/843/535 573/791/575 524/863/632
f 550/864/633 565/865/609 608/866/589
f 596/841/617 660/842/618 642/867/613
f 638/868/634 609/869/635 551/870/636
f 567/724/510 577/871/637 553/725/511
f 554/872/638 627/828/608 552/752/537
f 554/872/638 619/813/596 593/873/639
f 553/725/511 577/871/637 615/874/640
f 563/723/509 553/725/511 571/875/641
f 554/872/638 664/826/606 637/811/594
f 639/827/607 627/828/608 554/872/638
f 551/870/636 609/869/635 555/876/642
f 615/874/640 571/875/641 553/725/511
f 543/877/572 597/878/643 558/730/515
f 597/879/643 543/788/572 569/786/570
f 557/880/644 638/868/634 551/870/636
f 551/870/636 555/876/642 557/880/644
f 613/727/512 616/881/645 558/730/515
f 543/877/572 558/730/515 616/881/645
f 554/872/638 593/873/639 664/826/606
f 535/823/603 593/873/639 570/824/604
f 574/804/587 560/771/556 533/802/585
f 560/822/556 649/820/601 533/819/585
f 548/816/599 589/882/646 561/883/600
f 565/829/609 652/884/597 589/882/646
f 657/885/647 562/799/583 628/798/582
f 513/886/563 661/810/593 564/812/595
f 609/869/635 563/723/509 555/876/642
f 582/887/558 611/888/648 560/822/556
f 535/823/603 659/825/605 564/812/595
f 564/812/595 659/825/605 648/745/530
f 565/865/609 536/747/532 652/814/597
f 565/865/609 550/864/633 536/747/532
f 512/808/591 634/861/630 644/889/649
f 608/806/589 512/808/591 644/889/649
f 507/719/505 508/721/507 605/890/650
f 574/804/587 655/772/557 560/771/556
f 513/886/563 602/781/566 568/780/565
f 513/886/563 568/780/565 661/810/593
f 632/787/571 569/786/570 654/733/518
f 569/786/570 650/805/588 654/733/518
f 654/733/518 534/732/517 570/824/604
f 623/755/540 585/891/545 527/892/584
f 640/893/651 563/723/509 571/875/641
f 640/893/651 571/894/641 666/895/652
f 572/855/627 514/789/573 515/759/544
f 600/758/543 636/764/549 522/761/546
f 573/791/575 525/738/523 549/896/577
f 524/863/632 573/791/575 549/896/577
f 645/897/653 507/719/505 574/804/587
f 574/804/587 507/719/505 605/890/650
f 516/898/654 566/741/526 575/743/528
f 606/767/552 516/898/654 575/743/528
f 538/792/576 646/836/614 576/809/592
f 658/739/524 612/899/655 630/740/525
f 580/900/656 601/728/513 607/901/657
f 580/902/656 641/903/658 653/904/659
f 544/742/527 578/857/629 532/852/624
f 579/779/564 592/853/625 568/780/565
f 663/905/660 592/853/625 579/779/564
f 602/781/566 532/906/624 579/779/564
f 508/726/507 601/728/513 580/900/656
f 508/721/507 580/902/656 605/890/650
f 643/907/661 598/838/612 626/908/662
f 624/909/663 657/885/647 628/798/582
f 582/910/558 563/723/509 609/869/635
f 582/910/558 655/911/557 563/723/509
f 528/803/586 533/802/585 583/832/602
f 654/733/518 650/805/588 587/734/519
f 644/889/649 634/861/630 566/741/526
f 566/741/526 516/898/654 612/899/655
f 623/755/540 523/801/541 585/891/545
f 600/758/543 585/760/545 523/756/541
f 544/742/527 586/912/631 661/858/593
f 544/742/527 566/741/526 634/861/630
f 587/734/519 645/897/653 647/796/580
f 587/734/519 647/796/580 643/907/661
f 588/913/664 612/899/655 516/898/654
f 588/913/664 516/898/654 606/767/552
f 521/807/590 565/829/609 589/882/646
f 521/807/590 589/882/646 548/816/599
f 635/775/560 603/846/621 590/914/561
f 590/914/561 513/886/563 520/744/529
f 591/762/547 588/913/664 606/767/552
f 630/740/525 612/899/655 588/913/664
f 578/857/629 592/915/625 663/916/660
f 661/810/593 592/853/625 578/917/629
f 621/753/538 623/755/540 593/873/639
f 621/753/538 593/873/639 619/813/596
f 517/731/516 606/767/552 509/766/551
f 604/784/568 517/731/516 610/783/567
f 540/750/535 524/918/632 595/751/536
f 595/751/536 524/918/632 549/793/577
f 662/844/619 642/835/613 538/792/576
f 573/791/575 662/844/619 538/792/576
f 556/851/623 558/730/515 597/878/643
f 599/919/569 610/783/567 556/851/623
f 594/765/550 518/737/522 598/833/612
f 598/833/612 622/850/554 626/920/662
f 599/785/569 597/879/643 569/786/570
f 597/878/643 599/919/569 556/851/623
f 572/855/627 636/764/549 600/758/543
f 572/855/627 600/758/543 545/757/542
f 613/727/512 509/766/551 601/728/513
f 509/766/551 560/822/556 611/888/648
f 602/782/566 519/774/559 665/735/520
f 602/781/566 513/886/563 519/921/559
f 603/849/621 667/777/562 590/776/561
f 511/845/620 603/849/621 541/848/622
f 606/767/552 604/784/568 591/762/547
f 517/731/516 604/784/568 606/767/552
f 563/723/509 655/911/557 567/724/510
f 577/871/637 567/724/510 655/911/557
f 606/767/552 575/743/528 594/765/550
f 606/767/552 594/765/550 651/834/610
f 641/922/658 577/871/637 655/911/557
f 577/923/637 638/868/634 557/880/644
f 608/806/589 529/924/665 629/925/666
f 529/924/665 608/806/589 644/889/649
f 601/926/513 582/910/558 609/869/635
f 638/868/634 601/926/513 609/869/635
f 522/761/546 636/764/549 656/763/548
f 522/761/546 656/763/548 527/800/584
f 611/888/648 582/887/558 601/728/513
f 509/766/551 611/888/648 601/728/513
f 566/741/526 612/899/655 644/889/649
f 576/809/592 584/927/667 612/899/655
f 505/928/508 613/727/512 508/726/507
f 505/928/508 616/881/645 613/727/512
f 614/736/521 511/845/620 541/848/622
f 518/737/522 614/736/521 541/848/622
f 577/923/637 557/880/644 615/929/640
f 571/875/641 615/874/640 666/930/652
f 616/881/645 510/931/514 543/877/572
f 616/881/645 505/928/508 510/931/514
f 617/790/574 525/932/523 514/860/573
f 617/933/574 549/896/577 525/738/523
f 539/839/616 581/795/579 618/797/581
f 539/934/616 620/840/611 598/833/612
f 552/752/537 595/751/536 619/813/596
f 552/752/537 619/813/596 554/872/638
f 583/832/602 620/831/611 618/797/581
f 618/797/581 620/831/611 539/839/616
f 617/790/574 621/753/538 559/794/578
f 621/753/538 619/813/596 559/794/578
f 518/737/522 541/848/622 622/850/554
f 518/737/522 622/850/554 598/833/612
f 623/755/540 527/892/584 570/824/604
f 593/873/639 623/755/540 570/824/604
f 624/909/663 643/907/661 626/908/662
f 657/885/647 624/909/663 526/746/531
f 540/750/535 625/837/615 660/842/618
f 625/837/615 552/752/537 627/828/608
f 526/746/531 626/908/662 622/769/554
f 526/746/531 624/909/663 626/908/662
f 550/864/633 627/828/608 536/747/532
f 660/842/618 625/837/615 627/828/608
f 628/798/582 587/734/519 643/907/661
f 624/909/663 628/798/582 643/907/661
f 550/864/633 608/866/589 629/935/666
f 629/935/666 627/828/608 550/864/633
f 630/740/525 588/913/664 591/762/547
f 515/759/544 630/740/525 591/762/547
f 631/856/628 545/936/542 523/801/541
f 631/856/628 547/754/539 633/859/626
f 610/937/567 599/785/569 632/787/571
f 610/783/567 632/938/571 604/784/568
f 631/939/628 633/854/626 545/757/542
f 633/854/626 572/855/627 545/757/542
f 586/912/631 634/861/630 548/816/599
f 634/861/630 586/912/631 544/742/527
f 590/914/561 520/744/529 635/775/560
f 635/775/560 520/744/529 526/746/531
f 636/764/549 515/759/544 591/762/547
f 572/855/627 515/759/544 636/764/549
f 530/748/533 637/811/594 546/815/598
f 637/811/594 639/827/607 554/872/638
f 607/940/657 601/926/513 638/868/634
f 577/923/637 641/941/658 638/868/634
f 536/747/532 639/827/607 530/748/533
f 530/748/533 639/827/607 637/811/594
f 555/876/642 563/723/509 640/893/651
f 666/895/652 555/876/642 640/893/651
f 580/900/656 607/901/657 641/942/658
f 641/941/658 607/940/657 638/868/634
f 629/925/666 529/924/665 642/835/613
f 642/835/613 529/924/665 584/927/667
f 581/795/579 643/907/661 647/796/580
f 581/795/579 598/838/612 643/907/661
f 584/927/667 644/889/649 612/899/655
f 584/927/667 529/924/665 644/889/649
f 647/796/580 645/897/653 528/803/586
f 645/897/653 574/804/587 528/803/586
f 576/809/592 646/836/614 584/927/667
f 646/836/614 642/835/613 584/927/667
f 583/832/602 618/797/581 647/796/580
f 583/832/602 647/796/580 528/803/586
f 513/886/563 648/745/530 520/744/529
f 648/745/530 513/886/563 564/812/595
f 537/768/553 649/820/601 509/766/551
f 606/767/552 651/834/610 537/768/553
f 650/805/588 645/897/653 587/734/519
f 650/805/588 507/719/505 645/897/653
f 651/834/610 649/820/601 537/768/553
f 583/821/602 649/820/601 651/834/610
f 652/814/597 531/749/534 561/817/600
f 589/882/646 652/884/597 561/883/600
f 655/772/557 653/904/659 641/903/658
f 605/890/650 580/902/656 653/904/659
f 527/892/584 632/787/571 654/733/518
f 654/733/518 570/824/604 527/892/584
f 653/904/659 655/772/557 605/890/650
f 605/890/650 655/772/557 574/804/587
f 656/763/548 604/784/568 632/938/571
f 527/892/584 656/943/548 632/787/571
f 648/745/530 657/885/647 526/746/531
f 657/885/647 648/745/530 659/825/605
f 525/738/523 576/809/592 658/739/524
f 576/809/592 612/899/655 658/739/524
f 562/799/583 659/825/605 534/732/517
f 659/825/605 562/799/583 657/885/647
f 660/842/618 629/935/666 642/867/613
f 629/935/666 660/842/618 627/828/608
f 661/810/593 586/862/631 546/815/598
f 546/815/598 637/811/594 661/810/593
f 662/844/619 540/843/535 596/944/617
f 596/944/617 642/835/613 662/844/619
f 579/779/564 532/906/624 663/905/660
f 578/857/629 663/916/660 532/852/624
f 593/873/639 535/823/603 664/826/606
f 564/812/595 664/826/606 535/823/603
f 575/743/528 665/735/520 594/765/550
f 575/743/528 544/742/527 665/735/520
f 555/876/642 666/895/652 557/880/644
f 615/929/640 557/880/644 666/895/652
f 511/845/620 667/777/562 603/849/621
f 519/774/559 667/777/562 511/845/620
